Id,ORGANIZATION,NAME,GENDER,SPECIALITY,ADDRESS,CITY,STATE,ZIP,LAT,LON,ENCOUNTERS,PROCEDURES
de1562e3-fcc5-3552-81f4-51af39459afd,74ab949d-17ac-3309-83a0-13b4405c66aa,Ted955 Reilly981,M,GENERAL PRACTICE,881 Main Street,Fitchburg,MA,01420,42.586487,-71.80521,2417,0
f2364a94-694c-335d-835b-2c92e240f5eb,588f6ce6-b8db-3588-8189-29db2680a313,Tiffaney302 Brakus656,F,GENERAL PRACTICE,461 WALNUT AVE,JAMAICA PLAIN,MA,021302331,42.311587599999996,-71.09800136347226,181,0
b788fb77-610c-303a-8fbe-ea6d9f7f072e,324b4137-57a0-3ae0-89db-1c33f57ae0c1,Marquis364 Satterfield305,M,GENERAL PRACTICE,134 NORTH ST,NORTH READING,MA,018641315,42.5892341,-71.10546522083789,1,0
d7fd3db0-eb47-3152-ba7d-a0616d156fb3,b6398e07-4967-31a5-807f-380039a1f303,Shane235 Lueilwitz711,M,GENERAL PRACTICE,19 TACOMA ST,WORCESTER,MA,016053516,42.30230485,-71.76614692511056,64,0
721b9eb6-b9a5-3039-b870-25fffb3f950c,faffaf6a-ee1a-3673-b0b0-421a9c249244,Jaunita130 Armstrong51,F,GENERAL PRACTICE,66 WASHINGTON ST,STOUGHTON,MA,020722571,42.14415820061801,-71.10378319512402,200,0
cc99182e-0dea-3c74-a312-7d6e5b7fcfce,17a4bae5-8b64-34d7-8144-b428be027bd0,Olympia319 Ward668,F,GENERAL PRACTICE,512 MAIN STREET  SUITE 211,SHREWSBURY,MA,015456406,42.295109499999995,-71.71808471110307,91,0
dc299d09-c277-3952-a3d4-61e8126ae203,4112b8b1-59df-3255-a7ca-f42ee0a4cb2e,Nereida276 Feeney44,F,GENERAL PRACTICE,37 ROUTE 6A,SANDWICH,MA,025631801,41.766329400000004,-70.5147600346998,26,0
2fc3e197-259f-38d5-bfab-3d19ee1d1ce2,e09d4c49-c2ef-3b0f-9a46-3719d9219306,Ronald408 Emard19,F,GENERAL PRACTICE,60 HOSPITAL RD,LEOMINSTER,MA,014533290,42.54031915,-71.76312990486304,700,0
59b369c4-1f36-383a-8485-a44898f02ac6,e76b5eb0-0c9d-3593-b5da-3c0e9a97bb96,Gisele901 Lehner980,F,GENERAL PRACTICE,1400 VFW Parkway,West Roxbury,MA,02132,42.2793,-71.1657,725,0
9f3c528e-5a1d-3108-8ebc-fb218842212c,c241b977-4131-32e4-9957-e0a00b2a1e5f,Kip442 Krajcik437,M,GENERAL PRACTICE,94 MAIN STREET,HYANNIS,MA,026013146,41.6562802,-70.27448000204822,4,0
5a21ee1d-701a-39da-aca7-a9304771d0eb,ef5390b4-cba5-3d83-96db-af783a7adb43,Milan77 Anderson154,M,GENERAL PRACTICE,360 MERRIMACK ST,MALDEN,MA,021482329,42.4250964,-71.066163,6,0
743c78f3-3b4f-319e-9771-5335b98cce83,77645e49-3f69-3d1d-bb93-dc65210e2fac,Julia241 Armijo730,F,GENERAL PRACTICE,363 HIGHLAND AVE,FALL RIVER,MA,027205246,41.7093779,-71.1460783680883,63,0
d2655f28-396f-3e02-9acc-0aeedf2057eb,6fafb5d4-ecca-37ab-8d24-53036a8cbf1e,Shelley12 Nikolaus26,F,GENERAL PRACTICE,320 WEST CENTER STREET  2ND FLOOR,WEST BRIDGEWATER,MA,02379,42.016080599999995,-71.02601589317304,37,0
31a38a50-8626-38fa-8083-ea9b0876a7d7,aa682136-a4df-3942-9f50-e6fcee6c0b73,Ricardo560 Sáenz811,M,GENERAL PRACTICE,501 CORDWAINER DRIVE,NORWELL,MA,020611630,42.1647071,-70.88149077838713,40,0
50b70de2-e7a5-39ee-806e-95367921b627,d2284f74-b6da-3a15-9791-84cdf2db18fb,Fernande593 Mosciski958,F,GENERAL PRACTICE,331 E FALMOUTH HWY,E FALMOUTH,MA,025366039,41.57853245,-70.5617374807812,15,0
177e6339-d9c6-3c69-bf25-0f03924b3c5a,5becf220-2978-3f33-bd38-9326947f85de,Federico589 Raya927,M,GENERAL PRACTICE,240 LYNNFIELD STREET,PEABODY,MA,019605055,42.5141736,-70.97106354209534,30,0
0966029b-5590-3597-aa78-aeb6ccefd045,ae88fd02-4911-3625-9e97-85b626ed3b0b,Cherrie404 Farrell962,F,GENERAL PRACTICE,476 VARNUM AVE,LOWELL,MA,018542122,42.6443795,-71.34721987550876,2,0
dc7a383c-3afe-31c1-ac38-b9974bb85f90,a58ec72a-cf43-3de5-88c1-de2fbec976a5,Blossom971 Bartoletti50,F,GENERAL PRACTICE,255 CENTRAL AVE,CHELSEA,MA,021503508,42.38804035,-71.02650270378646,3,0
b6aeb12d-d65b-3612-9d4b-562801ac3dd0,03d0392a-7361-32b3-81c9-8c8ac985be00,Sid118 Daniel959,M,GENERAL PRACTICE,280 WASHINGTON ST STE 204,BROOKLINE,MA,024451922,42.33302785,-71.1193506756953,51,0
7d61da1e-a43d-3e87-8fe3-47ddab52d9f8,a418cf76-2ee3-3736-a752-29ee33e86015,Nicolas769 Kuhlman484,M,GENERAL PRACTICE,62 CENTER STREET,FAIRHAVEN,MA,027193823,41.63663425,-70.90101829397507,2,0
9f922064-3de8-3ddb-9b0e-50d1ebe9afc7,2936ca90-6594-357d-be14-53fe0ab84dd1,Daniel959 Ankunding277,M,GENERAL PRACTICE,11 TREMONT ST,KINGSTON,MA,023641231,42.00823215,-70.72984043580247,236,0
57c83b6d-86d2-3c50-afe9-ea4d72d899f1,883104df-bf21-3226-a432-30a61ac7416d,Lucius907 Hermiston71,M,GENERAL PRACTICE,19B CROSBY DR STE 160,BEDFORD,MA,017301412,42.5044791,-71.2417607,28,0
1d1042a5-293e-3c0c-ab31-eae818341e46,e3089df2-a1db-372a-b660-30392d8c197b,Isaiah615 Waters156,M,GENERAL PRACTICE,178 N MAIN ST,SHARON,MA,020671229,42.13301625,-71.17263163492832,22,0
3d2c8c73-a6a2-3846-b3b0-2d477d057cc8,42d4b607-f14d-370a-818e-40965685776c,Marchelle563 Hettinger594,F,GENERAL PRACTICE,3 WASHINGTON ST STE 220,NORTH EASTON,MA,023561034,42.0667665,-71.1036592,335,0
4635351f-cf30-3190-86d4-2320cf565de5,ab701a70-a658-340e-8f69-ee196a7d40c6,Bud153 Parisian75,M,GENERAL PRACTICE,484 RTE 134,WORCESTER,MA,016071728,42.2625621,-71.8018877,179,0
49a6de7a-f015-3108-95fe-04eb61cea8fd,41e77ca4-b0d7-3c1d-ac88-4ae5a705913d,Wanita14 Pfeffer420,F,GENERAL PRACTICE,20 CLAFLIN STREET,MILFORD,MA,017573356,42.137601149999995,-71.51680334935877,4,0
ecdaee8d-351e-3fe9-a605-8030ef9a056b,11ba6a26-59b4-3728-a268-6dc9929962b4,Angelic427 McCullough561,F,GENERAL PRACTICE,200 GOVERNORS AVENUE,MEDFORD,MA,021551644,42.42711615,-71.1121606632448,35,0
da99bb46-f79e-3333-acc0-570beb51dac9,f736c0f5-6d39-3e26-8ac1-39e1fc60dfbe,Joe656 Jakubowski832,M,GENERAL PRACTICE,11 QUARRY HILL ROAD,LEE,MA,012389645,42.2816564,-73.25307843923315,155,0
ed267fdb-a520-3f09-8293-a3b4abd23ae1,af2d050e-91a7-3acb-8b27-0bf6a259645e,Cecila397 Bernhard322,F,GENERAL PRACTICE,57 CITY HALL AVE,GARDNER,MA,014402614,42.5760669,-71.9934081,2,0
7636e169-2ca9-3aaa-9f89-95daeacb0fa2,71472d9b-aa5c-3b49-a5c3-d0eee8859015,Tyree261 Kutch271,M,GENERAL PRACTICE,118 WATERHOUSE RD STE C,BOURNE,MA,025328305,41.7281115,-70.5861571324252,183,0
0a5088f6-03f9-38ea-88c7-8125147babc2,8a2e2731-3240-39d1-b4f0-cad14200937d,Randa356 Ritchie586,F,GENERAL PRACTICE,88 WASHINGTON ST,TAUNTON,MA,027802465,41.9062805,-71.09518121351795,3,0
c5163a23-46ca-37b3-a429-a339b3245f79,cace8de6-490b-3a37-a1c0-971e147c8c41,Marlena558 Corwin846,F,GENERAL PRACTICE,1275 ELM ST STE D,WEST SPRINGFIELD,MA,010891818,42.120997200000005,-72.62797591511128,21,0
85039fbd-4fb2-3050-b3ee-143a16ecda64,88e28a1c-aad9-36d0-832b-b579ecb95c3d,Anthony633 Toy286,M,GENERAL PRACTICE,14 MANNING AVENUE,LEOMINSTER,MA,014535768,42.5253035,-71.7584413,196,0
91412bb4-c33f-389f-9b2d-edccc971d35b,bd6cec50-10de-3696-940b-4022618764ab,Gerardo48 Graham902,M,GENERAL PRACTICE,40 MARTIN ST,MELROSE,MA,021763607,42.457050550000005,-71.07494593157304,4,0
52a48e9e-018d-39c2-8677-8bcad1a6fb69,52ecddd8-42f6-35cc-88a5-cf474c02fb49,Maxima831 Fahey393,F,GENERAL PRACTICE,94 OBERY STREET,PLYMOUTH,MA,023602130,41.93725,-70.65503160208334,27,0
b21d8cce-cb9e-370f-bfbf-d1b8aafaf282,65450d34-6d61-3601-b325-9d471587b016,Leopoldo762 Moore224,M,GENERAL PRACTICE,4 COURTHOUSE LN,CHELMSFORD,MA,018241731,42.62439345,-71.35881000636567,57,0
4bcab454-e678-323b-96ec-f78e6970479c,05bcaa3e-aa5d-3b03-ba26-7e4d2e083681,Bok974 Howe413,F,GENERAL PRACTICE,1 LOVE LN,SOUTH DENNIS,MA,026603445,41.699084799999994,-70.13271830347861,1,0
7a7c699c-f018-3940-a903-c055af746244,0c8cc36b-3025-37ad-b7ab-50ea3aeea5a8,Jenniffer979 Terry864,F,GENERAL PRACTICE,143 LONGWATER DRIVE,WEYMOUTH,MA,021902432,42.2212188,-70.9391625,39,0
60804ce5-8993-3520-8da6-2ee3c9eaccf2,2b376b69-72ac-3d68-aceb-018e82b8fc8f,Shaquita282 Klocko335,F,GENERAL PRACTICE,113 CENTRAL AVE,HYDE PARK,MA,021363021,42.26077065,-71.1187885119897,3,0
f531aee4-b713-36c5-afd0-d9f91b127eee,59d1f454-5701-3f71-8fe7-94f785e15062,Wilton999 Lesch175,M,GENERAL PRACTICE,57 OLD ROAD TO 9 ACRE CORNER,WEST CONCORD,MA,017423317,42.4566859,-71.3942316,2,0
6e09890d-2a5d-349f-a143-87d669c9d70f,3f4167a5-1477-35da-a456-fc05c8858aa7,Chance908 Bednar518,M,GENERAL PRACTICE,244 MAIN STREET ANNEX,WORCESTER,MA,016023339,42.2625621,-71.8018877,93,0
6aeaf184-e5f3-3345-8545-aef2c2c79fed,75f0d4cd-dbbb-3037-b6ad-2e99665728c7,Jaime666 Arce139,M,GENERAL PRACTICE,70 FULTON ST,BOSTON,MA,021091402,42.362439499999994,-71.05377386223965,65,0
17dccff2-ccea-344f-a863-18315ccbbc9f,fa564970-fde4-332c-91d9-c0747b032d3e,Jeremy766 Hudson301,M,GENERAL PRACTICE,34 SOUTH LINCOLN STREET,NATICK,MA,017606049,42.2731232,-71.3105334275248,8,0
712de9a4-d186-3066-b1a0-7571c5ea4d38,a3a72023-3f37-3d77-be82-62085a912993,Horace32 Bradtke547,M,GENERAL PRACTICE,311 STATE STREET,SPRINGFIELD,MA,011051140,42.10500795,-72.58124154847081,28,0
5320c3fc-997a-3749-8033-644d811ec074,1311c44a-85cb-3aea-a143-e5d7892ced8b,Kathrine376 Reinger292,F,GENERAL PRACTICE,300 KENSINGTON AVE,SPRINGFIELD,MA,011071139,42.091896,-72.559437,181,0
4db10de1-2b7f-3b60-a13f-c5a87835e9e7,5fab4eec-522e-334a-a3e0-41605e009495,Lou594 Fadel536,M,GENERAL PRACTICE,485 FRANKLIN ST,FRAMINGHAM,MA,017026215,42.2901292,-71.42823088074331,2,0
8585f4ab-4fc2-3f73-a730-0f523ed276dd,817a1428-2045-3e89-9fa2-ef7d287d6fa5,Dana512 Schuster709,M,GENERAL PRACTICE,70-71 N PARISH RD,LAWRENCE,MA,01843,42.690315,-71.150015,161,0
08a3aa6c-3363-3cee-9ca6-bdf0b028acc6,1a40cadb-d382-3853-9975-8b74417f291b,Scott935 Kilback373,F,GENERAL PRACTICE,300 BROOKSBY VILLAGE DRIVE,PEABODY,MA,019601445,42.55186086054086,-70.97261268384547,11,0
1fe17ca8-f167-33a8-9226-761ddf9b229c,667b46fe-0afa-3f70-a311-bbe3d52db050,Joshua658 Borer986,M,GENERAL PRACTICE,757 BOSTON POST RD,WORCESTER,MA,016071728,42.231371,-72.165386,214,0
e275de1f-fb66-3217-8756-225a4901b93c,0ff7cb48-0c93-31cf-9442-0b034084d588,Erlene813 Kreiger457,F,GENERAL PRACTICE,2 BEAUMONT AVE,BROCKTON,MA,023023302,42.0835203,-70.98856021035954,3,0
294dc95b-7439-39f2-a0fb-b098ef6b0972,a4af40b8-0ddb-34bb-ae4a-95a17e9ad6f3,Graciela518 Madrigal893,F,GENERAL PRACTICE,100 MYLES STANDISH BOULEVARD  SUITE 103,TAUNTON,MA,027807340,41.948930849999996,-71.14141318475193,12,0
eef776f8-0447-31c9-88f0-48eaf17a7d4a,f945589f-88aa-366b-9e9d-2418d091112d,Ulysses632 Ziemann98,M,GENERAL PRACTICE,105 ERDMAN WAY,LEOMINSTER,MA,014531805,42.54685255,-71.75737313871981,35,0
6891e785-e574-3b21-868d-645357a9032a,dd913783-9448-36f9-816d-37199011617b,Berniece493 Corkery305,F,GENERAL PRACTICE,7 HARVARD ST STE 220,BROOKLINE,MA,024457979,42.333476142857144,-71.11868571428572,19,0
81aceb30-fbfa-3422-a644-a73f97d60999,775df862-d2d1-3a68-9814-043f6aa6ea66,Rueben647 Barrows492,M,GENERAL PRACTICE,770 CONVERSE ST,LONGMEADOW,MA,011061719,42.0639853,-72.5521444,1,0
fb9cda99-8559-3ee6-944d-45b0aee0d1e5,fe675917-7b09-3afd-a6e6-128cc4de4734,Rod343 Kohler843,M,GENERAL PRACTICE,319A ALLSTON STREET,BRIGHTON,MA,021357652,42.345093,-71.139804,38,0
89178a0d-c56a-3612-b552-a27b8ecb8e61,bdc3ee76-9cf3-316d-b202-a8da1ea3fa20,Harland508 Rippin620,M,GENERAL PRACTICE,130 RUMFORD AVENUE  SUITE 211,AUBURNDALE,MA,024661370,42.35853505,-71.24125521214887,7,0
d65116ca-3fbb-3466-9246-380900233f48,8447e2c7-df8d-3e1f-9d88-b67dcca2bcb6,Tristan353 Baumbach677,M,GENERAL PRACTICE,22 HILLSIDE AVE,GROTON,MA,014501284,42.61232115,-71.5798529093222,1,0
fc158774-d1d6-375c-b2ee-1e407166ae25,5d4da50c-8593-304f-b266-57d8f7d634a2,Ángela136 Palomino953,F,GENERAL PRACTICE,250 SHEARER ST,PALMER,MA,010691428,42.168634600000004,-72.33353526811578,6,0
3567d703-1a0c-34ee-96fb-bb9e59d1d32a,7f08f09e-c5f7-38cd-83ba-ddafedd88a13,Shayne60 Pacocha935,M,GENERAL PRACTICE,133 SALEM ST,REVERE,MA,021511114,42.43833805,-71.01730877599738,7,0
c89eb34d-b4af-30fc-bb41-c84010f2e6d7,8f0ec876-22d3-3986-892e-4c2052d0fffa,Edwardo860 Harris789,M,GENERAL PRACTICE,94 SUMMER ST,FITCHBURG,MA,014205761,42.57835885,-71.78584786190521,3,0
067ef1ff-4bca-300a-afe8-f7210a484b80,643eac8e-1620-3b6a-b9f3-664b003d22cd,Lasonya941 Kiehn525,F,GENERAL PRACTICE,34 GIFFORD ST,NEW BEDFORD,MA,027442610,41.6177929,-70.91890087055067,120,0
de9e32f6-6cb7-3d19-94cb-259fc205b9d8,8e3ca57f-6f74-3d61-9803-ab1424290216,Concha418 Mann644,F,GENERAL PRACTICE,89 MORTON STREET,ANDOVER,MA,018102036,42.6551409,-71.12857340697036,19,0
9ad552dd-6fbd-33f7-afe2-36adfbf8f25d,8f4d4f0b-9c98-33e1-b649-c304f3a4c431,Carlota980 Estévez304,F,GENERAL PRACTICE,25 ORIOL DR,WORCESTER,MA,016051911,42.29596775,-71.7668897446588,1,0
3b9d7a6b-a298-30ea-b35a-74b34558cbed,5fcff9db-16e4-3e56-aa78-abbc16338097,Margene509 Schamberger479,F,GENERAL PRACTICE,295 VARNUM AVE,WESTFORD,MA,018863513,42.5792583,-71.4378411,3032,0
dff4850f-cd69-3b25-b15b-9961a8f250cd,fa09396a-2926-3b21-ad0c-9f6cabbce0eb,Moshe758 Bartoletti50,M,GENERAL PRACTICE,1210 BOSTON PROVIDENCE TPKE,NORWOOD,MA,020625061,42.1714075,-71.1951186,65,0
56c9a4db-5428-341a-a05b-30a3f9a2d6fa,40c01d75-1542-3e0b-8e5f-78d3031beba1,Daysi106 Reynolds644,F,GENERAL PRACTICE,505 PARADISE RD,SALEM,MA,019704267,42.485927,-70.900301,141,0
f7e86d7f-4af7-3fe5-aceb-908ffc3320ac,84abfbd5-41c1-3df4-9b31-7ca93cb2309a,Cole117 Block661,M,GENERAL PRACTICE,85 HERRICK ST,BEVERLY,MA,019151790,42.56415055,-70.8751357650672,177,0
b4f9d85e-b249-377b-904d-5ed5fb36d840,cce87420-edd2-3473-9d82-5633f05186a7,Loise968 Keebler762,F,GENERAL PRACTICE,121 NORTHBORO RD E,MARLBOROUGH,MA,017521844,42.3420796,-71.58749123634463,5,0
abfa66f6-6bca-3e75-8c23-f60c85950947,2617efb0-1afe-3c9c-afbe-2ca94f9c198c,Mohamed943 Jast432,M,GENERAL PRACTICE,140 WOOD RD,WEYMOUTH,MA,021901338,42.2212188,-70.9391625,69,0
013f2bf5-62ae-3e45-9c94-6d108b2eb0d8,1ddd51d1-7297-3c3b-bad5-98aecd5e4a79,Derrick232 Kub800,M,GENERAL PRACTICE,127 CAMBRIDGE STREET  SUTIE #2B,BURLINGTON,MA,018033735,42.50188325,-71.19559351572005,61,0
ab9e4502-9535-37ff-9460-6a2d51b9b611,4cb90b5f-734d-322f-a2f2-776824e1ce35,Irvin970 Emard19,M,GENERAL PRACTICE,770 CONVERSE STREET,LONGMEADOW,MA,011061719,42.0639853,-72.5521444,12,0
c6512f24-0c5e-32da-88a7-53700d6be85e,93c3d861-e05d-33b9-91eb-1768470229d7,Garret233 Thiel172,M,GENERAL PRACTICE,10 CENTENNIAL DR,PEABODY,MA,019607938,42.5261827,-70.9529896,185,0
cdb57ff5-c7b4-3780-8990-d03b8254af8f,233b0cce-d2eb-3d4e-bbfb-539cb9dccf4c,Carmen818 Christiansen251,M,GENERAL PRACTICE,100 LOCKE DR,MARLBOROUGH,MA,017527235,42.34926605,-71.580845441892,1,0
3cc5085d-cda3-37f2-91cb-195085297cc9,2e1eaaf1-ebb0-332c-8921-f48e15b91879,Delmer311 Nolan344,M,GENERAL PRACTICE,2 SEAPORT DRIVE,QUINCY,MA,021711599,42.29287335,-71.03019020136307,143,0
4d912119-cc28-33d2-9217-9deec74afad4,c272e12f-e154-3fee-b05d-b7c0cab2657d,Trinidad33 King743,M,GENERAL PRACTICE,800 WASHINGTON ST,NORWOOD,MA,020623487,42.1886973,-71.2005241,339,0
190a0482-503b-3e7b-b3ea-d391ce87e247,ca1c0a76-f601-3a1c-a448-689cd3d56bb1,Luther918 Rippin620,M,GENERAL PRACTICE,96 FOREST STREET,PEABODY,MA,019603907,42.528469349999995,-70.95557442492182,43,0
17b9e5f2-e653-3c3d-8868-06fd77ba4d83,b66db758-a205-3227-9cfb-bf19d2c1962d,Noreen211 Stroman228,F,GENERAL PRACTICE,121 HARVARD AVENUE  2ND FL,ALLSTON,MA,021342702,42.35241825,-71.13220132573996,34,0
a44bc02d-864a-31a7-9111-59d09d282b4c,f6a306cf-7bd6-35f4-a6b7-2d07d273914c,Ariel183 Von197,M,GENERAL PRACTICE,63 FOUNTAIN ST STE 402,FRAMINGHAM,MA,017026280,42.27595495,-71.42631150114194,108,0
bd960c72-79c9-3dd9-9433-a42918ae0330,e49b692f-cccc-3cd5-93df-6db63dfc3e4a,Marlen929 Lemke654,F,GENERAL PRACTICE,1250 HANCOCK ST STE 104N,QUINCY,MA,02169,42.2517569,-71.0033967,46,0
af9042c6-7891-3d08-a98e-4d70a122c1d6,f549a720-814b-3dc6-ae77-6376a22564ee,Perry780 Prosacco716,M,GENERAL PRACTICE,209 COUNTY RD,NORTH FALMOUTH,MA,02556,41.6459404,-70.6183639,1,0
b55e561c-2b98-3ab4-b38c-9d74738cf634,32fcdfba-8c93-30f4-b15b-dd3b65c29deb,Sparkle906 Bernhard322,F,GENERAL PRACTICE,20 NORTH MAPLE STREET,HADLEY,MA,010359715,42.3615107,-72.55261320852942,46,0
368ac392-36a9-3644-bf95-b61c9e5190c0,0ddb0329-b59d-3187-874c-602c649249c8,Eldon28 Cassin499,M,GENERAL PRACTICE,115 W SILVER ST,WESTFIELD,MA,010853678,42.1178811,-72.75935246865802,292,0
274654d3-4e3e-3139-92e5-704a6a87aefa,1e3ca321-fbbb-3546-b9ea-c3761a20324a,Noe500 Howe413,M,GENERAL PRACTICE,605 Lincoln Street,Worcester,MA,01605,42.297756,-71.766815,851,0
bdbc1ca5-4bfe-395e-bd14-62af36b013d8,2cf06ddc-4c55-3c91-98f1-fb0188079c27,Shelby741 Rolfson709,M,GENERAL PRACTICE,10 VETERANS MEMORIAL DRIVE,MILFORD,MA,017572900,42.14682295,-71.50153080894427,2,0
eb6d6904-69c8-302b-ac2c-7e0541ba65a0,02c936e2-3aee-38b2-88a4-81f3689b7bb7,Royce974 Kohler843,F,GENERAL PRACTICE,120 FISHER AVENUE,BOSTON,MA,021203320,42.3276141,-71.1051603,56,0
a10d244b-2cc4-3c44-a547-d7dfa6b6cb8d,5f7663da-4b19-3629-b8f2-fb07d75421d9,Savanna736 Johnson679,F,GENERAL PRACTICE,42 ASBURY ST,SOUTH HAMILTON,MA,019821808,42.61322825,-70.87300675048934,82,0
6ab87992-714c-3aeb-8253-a18932c15e5b,609ec9f1-e806-3427-b912-9e3b2915521d,Cherrie404 Conn188,F,GENERAL PRACTICE,575 BEECH STREET,HOLYOKE,MA,010406604,42.20105435,-72.628169560868,255,0
b4ccb869-565e-3ce9-991b-429f166aa156,5fa5e611-be3d-3ebb-8f71-124325f6005f,Isiah14 Nikolaus26,M,GENERAL PRACTICE,480 ROUTE 6A,EAST SANDWICH,MA,025371438,41.742172,-70.45251,143,0
85059013-d44a-311c-99ff-a9ae6d8100f9,bff65303-97b4-3841-950a-1c9e9e735de0,Omar359 Schimmel440,M,GENERAL PRACTICE,100 AMITY ST,FALL RIVER,MA,027212202,41.6737661,-71.16934217317342,4,0
018418be-7562-377e-a90d-d4d74f7c0a2b,bf556284-7513-3620-a10e-5393183a9a87,Jesus702 Roob72,M,GENERAL PRACTICE,795 MIDDLE ST,FALL RIVER,MA,027211733,41.6924092,-71.16345107025307,243,0
45bd592a-d5e8-3b11-8e1a-6eb9b99206da,365eae93-6352-3d48-9a8d-dc9fa4b917be,Lorean637 Kertzmann286,F,GENERAL PRACTICE,32 HOSPITAL HILL RD,GARDNER,MA,014402302,42.572366450000004,-71.97690789055164,1,0
6aae8cfd-f10e-3919-af47-2fcb99173533,2b84e56e-08b4-3078-b3ea-4d159208e065,Barton704 Bahringer146,M,GENERAL PRACTICE,1029 PLEASANT ST,BRIDGEWATER,MA,023242301,41.9718173,-71.00937893001648,538,0
2f3f48ff-87d3-357f-a6e3-c45c64cb0596,7b9a19b2-d900-3f93-a47b-4b88491fb57b,Tommy814 Witting912,F,GENERAL PRACTICE,308 KINGSTOWN WAY,DUXBURY,MA,023324647,42.030389650000004,-70.73959947632582,5,0
10cbbe1a-4ae4-3354-b55c-146f01075a3a,4ffa4412-1493-3beb-b8f0-6614dde953a4,Harland508 Ryan260,M,GENERAL PRACTICE,363 HIGHLAND AVENUE,WAREHAM,MA,025715011,41.745636,-70.658192,1523,0
df71386d-4e75-3a1c-ad0f-87e725076a00,ede4a423-6258-3ef5-b5ba-0fa6bb579563,Olinda137 Paucek755,F,GENERAL PRACTICE,326 NICHOLS ROAD,FITCHBURG,MA,014205478,42.5974358,-71.80761197366103,107,0
ad2991b8-9b83-3463-8e9d-838e8b7b0651,a14e698d-a9ba-3eae-9c8b-682ec726433d,Brian582 Cummerata161,M,GENERAL PRACTICE,776 WESTERN AVE,LYNN,MA,019052408,42.466763,-70.9494939,287,0
ceb27a6b-871d-3ece-b261-124958bb2c86,69eae27b-7445-3652-bd34-b535abe0b011,Hong136 Schneider199,F,GENERAL PRACTICE,9 BICKNELL ST,QUINCY,MA,021696003,42.252227399999995,-70.96584679278924,139,0
5aa33815-bffc-329d-9c04-3ca0115a4049,dd9914b0-9491-3330-a890-d34e95e497ea,Assunta351 Haley279,F,GENERAL PRACTICE,1061 PLEASANT ST,NEW BEDFORD,MA,027406728,41.64280275,-70.92865004309593,196,0
b879371c-f296-368c-aa0c-a32f16e6f2b0,d4b9a3f0-210d-3e46-a2c7-e099658ac543,Ferdinand55 Moen819,M,GENERAL PRACTICE,7000 GREAT MEADOW ROAD,DEDHAM,MA,020264090,42.266408549999994,-71.19518435636284,5,0
d58f84c7-588a-3f85-92e8-dcb620187648,7f26da64-69ab-3db4-b285-c48c9836a653,Frances376 Hansen121,F,GENERAL PRACTICE,500 WENTWORTH AVE,LOWELL,MA,018524937,42.631409,-71.283668,1,0
176747b2-6fcf-3954-a453-ec814fd2c358,a247ed53-5f17-3eb5-87be-1d2257fa1579,Kayleigh718 Weissnat378,F,GENERAL PRACTICE,44 KEYSTONE DR,LEOMINSTER,MA,014531904,42.55144955,-71.74402465363428,1,0
653412ee-afda-3c6e-87f1-1f8c29bbe72f,4c1a8ea6-b690-3c28-a02e-ebd82190ee65,Hui924 Cronin387,F,GENERAL PRACTICE,885 WASHINGTON ST,BOSTON,MA,021111415,42.3479909,-71.064924,43,0
f1e6f9c3-db8b-3eb3-b268-558915f9173a,a7147477-c4dd-3018-b921-2707d7e098ee,Chrystal576 Kreiger457,F,GENERAL PRACTICE,164 PARKINGWAY,QUINCY,MA,021695020,42.245070088637796,-71.00313070924581,6,0
d5644367-6658-3f3a-8b50-b38b0f7ca3a0,5ba6765a-f335-36b0-9c6a-6bb494c5330d,Clemente531 Schamberger479,M,GENERAL PRACTICE,31 OLD ROUTE 7,WESTWOOD,MA,020902333,42.2139873,-71.2244987,72,0
ed3095d8-6de4-3884-b5e5-5a477b34d436,b6eeaaf7-1683-3bcb-b6ee-81ce304636ef,Ariane992 Pagac496,F,GENERAL PRACTICE,170 GOVERNORS AVE,MELROSE,MA,021763225,42.4564323,-71.064182,2872,0
5c6bbf2c-32b3-35ea-8ea5-b684f82ded2d,1c42af32-f17e-32ec-b007-4ff8e2de493e,Ivette731 Wunsch504,F,GENERAL PRACTICE,235 NORTH PEARL STREET,STOUGHTON,MA,020723396,42.1004556,-71.0668392,226,0
b7f5b34b-1713-3d92-acd9-6bedb5869843,ed5fc1f7-0ecb-3973-a5fc-89f80c6f5c9f,Theo630 Homenick806,M,GENERAL PRACTICE,303 C HAVERHILL STREET,ROWLEY,MA,019692101,42.704962,-70.90837,66,0
d0778d22-5d92-3a0e-b50c-e9e21cc4fd7c,12dc66ee-e2c7-3d5a-892e-157ff1d47f32,Felix524 Rogahn59,M,GENERAL PRACTICE,242 GREEN ST,WINCHENDON,MA,014751820,42.68061,-72.060691,143,0
efdc34f4-3f53-3ba6-8da2-d8ff15351f1e,65eda534-1bdc-3192-8d02-1c3764447790,Shanell37 Hand679,F,GENERAL PRACTICE,1244 BOYLSTON ST,CHESTNUT HILL,MA,024672115,42.3214927,-71.1711481,255,0
f9ab9858-f28b-3926-bfd4-b5f1056d98b5,14932db8-e179-331d-98ad-dc1c352cb6d3,Wm806 Barrows492,M,GENERAL PRACTICE,743 MAIN ST,MELROSE,MA,021762707,42.460108950000006,-71.06216841036309,1,0
2a9a51a2-c05c-3b24-985e-a7be40d2b634,d613e441-68e8-3502-8adb-3f770a1276bf,Emmaline88 Witting912,F,GENERAL PRACTICE,114 WATER ST,MILFORD,MA,017573007,42.13661855,-71.53474614336832,699,0
e26960a2-e799-3544-ace8-fb16e8e10daa,de29a374-221b-3cb4-8051-a02c1a35e5b7,Gwyneth692 Marvin195,F,GENERAL PRACTICE,562 WASHINGTON ST,SOUTH ATTLEBORO,MA,027036942,41.912892049999996,-71.36135809627689,144,0
a5c17dc9-f3b2-3e80-ae5b-296c4f4c4bb6,b03b624d-c939-3688-986d-9555b8009a3b,Trinity427 Hartmann983,F,GENERAL PRACTICE,230 MAPLE ST,HOLYOKE,MA,010405144,42.207406,-72.608419,100,0
846e8d06-2ee5-3c9b-8964-2cce7c5a3fb3,ea153d0a-9ccc-3769-9a25-934b417071b7,Adam631 Towne435,M,GENERAL PRACTICE,463 WORCESTER RD,FRAMINGHAM,MA,017015354,42.3095704,-71.4413097,190,0
55ad7b24-57fb-3219-a202-375ee0e0d473,d3085315-9893-34c7-8889-3a31dc17c2b0,Ethyl508 Rau926,F,GENERAL PRACTICE,1428 MAIN ST STE 7,WALPOLE,MA,020811729,42.1325911,-71.2618886,353,0
ea7e361c-6ed9-3806-828c-bafeed5523f2,469171e3-f6ec-3258-8e16-7038f6a439c0,Rodger755 Brakus656,M,GENERAL PRACTICE,COUNTRYSIDE DRIVE,MILFORD,MA,017571252,42.1413353,-71.5192019,57,0
d9a8b5fc-7a08-36c3-9933-f4b650c45c57,18061fd5-fda8-3e2d-87f0-0f3c87211bcc,Margarite168 Koepp521,F,GENERAL PRACTICE,1493 CAMBRIDGE ST,SOMERVILLE,MA,021431408,42.3875968,-71.0994968,977,0
4d9e56e2-1957-3c6e-89e7-59a4ea46f53c,1faab3d1-2ae5-3110-8e5f-c65b92ca906d,Theodore876 Ankunding277,M,GENERAL PRACTICE,29 LEWIS AVE,GREAT BARRINGTON,MA,012301713,42.19093125,-73.3715000043024,192,0
2e2eedbe-8707-3219-bf5e-e4557842fc16,c64c848c-0315-3115-87fa-80c360bb6a73,Mitchel812 Zieme486,M,GENERAL PRACTICE,142 BERKELEY ST,BOSTON,MA,021164608,42.3489076,-71.0721378,95,0
be2ff86e-c523-31c6-91f1-81c52566d131,76281d34-caff-30e0-8545-bcdf33182109,Raúl937 Sanabria449,M,GENERAL PRACTICE,500 WILBUR AVENUE,SOMERSET,MA,027252051,41.72075205,-71.16843052114558,27,0
3cdfcd90-21fc-3c3f-944a-d1627f2424f8,4633340c-c833-30a3-ab0e-f5cfa5fda28b,Lincoln623 Trantow673,M,GENERAL PRACTICE,250 GREEN ST,GARDNER,MA,014401377,42.586896550000006,-71.98672640006858,72,0
d51a847a-44a5-32be-9187-544a4e6f1639,20e0567a-b9bf-3dd8-92b3-6a61b5628069,Heide509 Gusikowski974,F,GENERAL PRACTICE,800 WASHINGTON ST,BOSTON,MA,021111552,42.349439700000005,-71.06308467518953,34,0
865e8efc-c3fa-3057-b9c2-085c101897d8,7e97f720-f99d-3402-98a4-a144aaa5bd01,Damian46 Hansen121,M,GENERAL PRACTICE,210 JONES RD,FALMOUTH,MA,025402974,41.5614958,-70.6117407224321,193,0
8952403b-80ed-30e3-9e70-b14e1c619a1c,b3ada130-6443-3a8e-98c7-4ec127a2b0c4,Natalya468 Haley279,F,GENERAL PRACTICE,ONE GREAT ROAD,ACTON,MA,017205601,42.4850931,-71.43284,63,0
f3ab84af-b3e5-3df3-8ad6-46daec2c8848,a36dcb53-a762-38d4-ae84-40f46195a6dd,Isabel214 de Jesús414,F,GENERAL PRACTICE,260 EASTHAMPTON ROAD,HOLYOKE,MA,010401213,42.226424,-72.646798,2,0
f930fb4c-4c71-371a-b71b-bf4bbdb47446,811cc811-0061-341c-a719-9ba7ef8dc699,Tandy422 Sporer811,F,GENERAL PRACTICE,245 VINEYARD HAVEN-EDGARTOWN ROAD,EDGARTOWN,MA,025396941,41.395500350000006,-70.5300948008162,51,0
1656e2cd-7dc6-3292-981d-329dbffa887e,7489f6e0-fee6-3fff-90b6-444868eb907c,Mariette443 Rau926,F,GENERAL PRACTICE,1 KIDDIE DRIVE  SUITE 106,AVON,MA,023221182,42.130150349999994,-71.05720685110387,24,0
b1c695d9-d4b9-3c2e-840a-064b5bc00143,084b19be-a78e-3626-b156-a50134fa7fe2,James276 Smitham825,M,GENERAL PRACTICE,10 RESEARCH PL STE 202,NORTH CHELMSFORD,MA,018632439,42.6389798,-71.3828403,44,0
caa825b4-b645-37d9-b47c-113e5905f01f,06f1d816-dd54-3409-bd94-8dc2745f807c,Erin498 Hand679,M,GENERAL PRACTICE,12 KENT WAY  SUITE 210,BYFIELD,MA,019221221,42.75468625,-70.9451078257969,4,0
457369f2-6566-37ea-9a3b-1b72b77b897c,acffdfa8-1383-3929-8c99-e73969491439,Warren653 O'Keefe54,M,GENERAL PRACTICE,1153 CENTRE ST,BOSTON,MA,021303446,42.3017598,-71.12855793387442,157,0
1ec724b6-933d-393a-a5da-c417402fdaa9,545dcda5-7471-374e-9251-b4b685197d3c,Lezlie553 Koss676,F,GENERAL PRACTICE,175 CONNORS STREET,GARDNER,MA,014402637,42.5730593,-71.99713285,51,0
fcebc2eb-2d8e-3654-9451-e5f80b5f3974,45ce6eff-535b-37e2-bed3-1946200aa03f,Mora209 Blanda868,F,GENERAL PRACTICE,309 BELMONT STREET,WORCESTER,MA,016041059,42.280233499999994,-71.7694812367883,87,0
863fa84f-e87e-3f86-8525-4fa1b3698b69,044e0760-ec11-3452-a46e-8af2bbeec083,Melonie209 Towne435,F,GENERAL PRACTICE,90 WEST STREET,WILMINGTON,MA,018873039,42.54038775,-71.13933791916014,5,0
0ab6df36-d746-3e9a-8b12-799c12700b71,43e33b67-64ac-3314-99ee-114fb2b56b80,Vera718 Cummerata161,F,GENERAL PRACTICE,200 HILLSIDE CIRCLE  SUITE 2,WEST SPRINGFIELD,MA,010894681,42.105237,-72.6213712,33,0
fb3070de-5508-3330-85a4-972f1a18aa75,1e11392b-1278-3e70-93cd-f396cbd0c265,Gino587 Block661,M,GENERAL PRACTICE,115 LINCOLN ST,NATICK,MA,017607700,42.2843753,-71.3441395,868,0
5c34033d-893f-3d0a-a245-ad022674db87,fe30f2b4-9bc8-346e-afba-4455d1766545,Rebeca548 Zapata667,F,GENERAL PRACTICE,17 LAFAYETTE AVENUE,CHELSEA,MA,021502010,42.40019115,-71.03050082480353,143,0
96f3bb0b-2ec4-3334-a696-65a586125e07,00fde0ed-5951-3b9f-8413-0f25f85a8d4f,Elmo857 Hodkiewicz467,M,GENERAL PRACTICE,81 OLD COLONY WAY STE D,ORLEANS,MA,026533278,41.78403385,-70.00060868097228,45,0
9ec1e97a-b10b-3a4a-a93b-3c52d1e1da1c,6cf8a214-8d57-3267-85e5-7719e15cd63e,Michel472 Zulauf375,M,GENERAL PRACTICE,170 MORTON STREET,JAMAICA PLAIN,MA,021303735,42.299067750000006,-71.10124351911541,1137,0
3e2bc0d2-05ff-390e-94dd-2bd44fdc0b60,13161e5b-02d2-3d19-8b48-26ef0becfc83,Janet238 Crooks415,F,GENERAL PRACTICE,165 CAPTAIN'S ROW,CHELSEA,MA,021504019,42.3917638,-71.0328284,58,0
690f134e-9814-37fd-9929-4d4734f554b3,4bc0cc09-77e5-37f5-844d-64a6637cae54,Carlena776 Feil794,F,GENERAL PRACTICE,91 EAST MOUNTAIN ROAD,WESTFIELD,MA,010851801,42.110743549999995,-72.70066160206358,1312,0
be2562be-c229-3854-b5e9-f8feabdbf952,b4e81d20-a3d6-39db-8b04-bcc4ab5de7b2,Warren653 Flatley871,M,GENERAL PRACTICE,354 WAVERLY ST,FRAMINGHAM,MA,017027079,42.276938650000005,-71.41386787587439,97,0
84b956be-5bfb-3d86-b950-b43970369889,0fedae9f-701f-3317-9b2f-69aea2202cdc,Willian804 Batz141,M,GENERAL PRACTICE,88 EAST NEWTON STREET,WINTHROP,MA,021522715,42.3750976,-70.982827,2886,0
52f41e65-bd34-3f9e-bcc6-945056b05ea2,9043e647-568d-3e87-9fc0-756a416392d3,Deandre599 Hartmann983,M,GENERAL PRACTICE,27 CENTENNIAL DR,PEABODY,MA,01960,42.52388415,-70.9519832,86,0
5bc08864-e568-3895-ad31-dc4efa7ae23f,0cc04ba5-137a-3ef8-acda-e79b25960b2a,Bernardo699 Homenick806,M,GENERAL PRACTICE,25 ADAMS ROAD,WILLIAMSTOWN,MA,012672928,42.7009605,-73.18515951851253,10,0
410d8464-bc83-351b-94cd-9791f4e2f90b,733fc7d0-7cf3-3995-82ef-a9883b807273,Daryl568 Yundt842,M,GENERAL PRACTICE,175 FRANKLIN STREET,NORTH ADAMS,MA,012472712,42.70707,-73.10094536747326,14,0
6899fcea-0eab-3ab6-8400-36e7ef9ff7f0,86bbc3aa-e927-3d56-9d77-ab701b4b2926,Tynisha348 Howe413,F,GENERAL PRACTICE,538 ROBESON STREET,FALL RIVER,MA,027205496,41.707225,-71.1432141111111,4,0
57c9538c-5149-30a6-b4ff-71ec61e0bcf6,9ab139f5-d278-31b4-b44e-feffdea65613,Shayla126 White193,F,GENERAL PRACTICE,88 ROUTE 6A 101,SANDWICH,MA,025631866,41.764922,-70.502215,42,0
6a372cc5-0662-3275-b05d-af8975b4082e,21fa25b9-6842-3a3c-bef2-2eb383ad525e,Patrick786 Langosh790,M,GENERAL PRACTICE,180 LOW ST,NEWBURYPORT,MA,019503519,42.815683050000004,-70.89666045994463,3,0
20fdd52f-f275-340c-91d9-c2e6dadd1902,4b7c1695-a178-3e03-8651-51acfd3b8372,Jesusita936 O'Keefe54,F,GENERAL PRACTICE,600 OLD SOMERSET AVE,NORTH DIGHTON,MA,027641824,41.86399,-71.1244904,49,0
216788a1-2371-3be7-9118-784c414eb4e3,5c2e4b0c-fb84-3f95-bbec-a96c18600bf5,Joaquin141 Schneider199,M,GENERAL PRACTICE,61 COOPER ST,AGAWAM,MA,010012149,42.0804485,-72.61914987322373,10,0
88ea7f8e-cf55-37b2-b2fc-1ba1d4fbf0d0,a3327df4-d092-350b-b551-e60c82076c9a,Debra128 Predovic534,F,GENERAL PRACTICE,46 NORTH MAIN ST,W BROOKFIELD,MA,015853232,42.23754835,-72.13791547215251,138,0
f7e7898c-26a4-30cf-92ed-573cfc2f8cea,0b5f4cda-f9ae-36a8-a94c-ffbf56f45236,Guadalupe206 Hodkiewicz467,M,GENERAL PRACTICE,210 MARKET ST,NORTH ANDOVER,MA,018451656,42.6839894,-71.1127065,1,0
aa49401e-a84e-3c77-9b59-c8bd918e84b5,aade280a-3b90-3e48-9648-91109a964a63,Johna806 Klein929,F,GENERAL PRACTICE,909 SUMNER ST,DARTMOUTH,MA,027473826,41.6332267,-70.9879928,1243,0
07773525-ce29-3b72-b516-158dacbfb0e3,6adc9d34-9b73-3285-abb7-56e567f1ba26,Candy565 Wunsch504,F,GENERAL PRACTICE,271 NAHANT RD,NAHANT,MA,019081341,42.42554385,-70.91995214383596,10,0
153f821c-5e51-3da4-80a3-1621cd2c693f,df3ffcde-b9eb-3965-acdf-f56a6d1424c4,Maurice742 Brakus656,M,GENERAL PRACTICE,1 ARSENAL MARKET PL,WAYLAND,MA,017781840,42.3632063,-71.3606721,1,0
83869532-afef-3d65-be66-4274649770cb,981338c4-287c-3621-bc45-8b0b9f1b8922,Cari853 Kohler843,F,GENERAL PRACTICE,640 BOLTON ST,MARLBOROUGH,MA,017523999,42.3658183,-71.55914630258509,165,0
959a12c7-0bd5-3252-b0f9-4ad76db6fbcf,96e9e829-0b71-3ad3-8b41-60e25b5d47d7,Doyle959 Crooks415,M,GENERAL PRACTICE,111 ORIENT AVE,EAST BOSTON,MA,021281006,42.39055278090538,-71.00587148689957,6,0
9ebe317a-d8b4-3318-a627-561ef11b2ded,e59fb2d5-508c-38c6-af2e-21d8216dd2b0,Nicholle822 Fisher429,F,GENERAL PRACTICE,759 CHESTNUT ST,WARE,MA,010821625,42.256476,-72.237482,949,0
26b1e1db-bd02-3acb-a1bb-d4fa5b942014,7a3b8310-02eb-3c47-aa1b-3f55b3ed9de9,Leif534 Dare640,M,GENERAL PRACTICE,6 HATFIELD ST,NORTHAMPTON,MA,010602545,42.333172950000005,-72.6566355591273,93,0
97f0ff3a-42af-32fb-a0c8-5bcc40c28e5a,84de2bcf-1b1a-3ce2-9f6d-9e0cb34991f6,Jack927 Rippin620,M,GENERAL PRACTICE,45 DAN RD,WELLESLEY,MA,024813503,42.2964859,-71.2925571,77,0
61890e4b-9ec9-3ba9-942f-5fddd9467b26,ecadbc11-930c-3903-b706-f8ef4bc9089e,Marco Antonio298 Terrazas956,M,GENERAL PRACTICE,780 CHESTNUT ST,SPRINGFIELD,MA,011031109,42.1211633,-72.60614164702717,169,0
0ffacff4-d66a-3a2f-8cd2-5c390660aeef,0f9d1260-db33-3483-b2b6-5483cfcb739c,Lizette501 Lebsack687,F,GENERAL PRACTICE,361 WOODWARD ST,WABAN,MA,024682027,42.326011949999994,-71.2254251580706,30,0
7db22e26-a77e-3d50-b39d-e021e80bdf25,ad007cc5-a3df-3aa7-886d-5123ab59d189,Josefina523 Garibay313,F,GENERAL PRACTICE,85 N WASHINGTON ST,NORTH ATTLEBORO,MA,027601634,41.98443775,-71.33190349847027,5,0
48d1216f-8fbe-3742-85e3-9ffe1390a8b1,4423a3d7-46d2-3713-bf15-197f9e0fabf5,Scarlett814 Hettinger594,F,GENERAL PRACTICE,67 HUNT ST,PITTSFIELD,MA,012015117,42.451302,-73.260018,22,0
febf8d08-c121-321e-a258-931438dfff88,980d9bfa-a344-3bff-8c02-232dd0e8fd34,Teresa94 Mireles421,F,GENERAL PRACTICE,100 TRADE CENTER SUITE G-700,WOBURN,MA,018011851,42.4792618,-71.1522766,266,0
dfe4f5e2-f7e8-3de5-a528-95f9e06ee859,f480acd0-7ef1-350d-aae6-d8e7d53ace57,Danelle47 Ondricka197,F,GENERAL PRACTICE,1193 SEA ST,QUINCY,MA,021693544,42.26883395,-70.95264075087945,41,0
0bc5afef-992a-3ed3-979f-056b0b297c5b,794b1cc2-97be-30a4-83a0-4bf6add43c74,Hugo693 Gutmann970,M,GENERAL PRACTICE,215 THATCHER STREET,BROCKTON,MA,023023949,42.0740963,-70.99660306096918,45,0
b9d2a966-d8f1-38e6-9f5f-f96e552b3757,440fa4b8-c731-3cf5-81d9-aa3f30a37b95,Joanna347 Abbott774,F,GENERAL PRACTICE,41 & 45 MALL ROAD,PEABODY,MA,019602901,42.5278731,-70.9286609,2336,0
80902b61-6f38-31a4-9f70-afe5f7664620,a1434ca1-a1ac-3884-abc7-fc4c35cc8b68,Guillermo498 Dietrich576,M,GENERAL PRACTICE,390 ORLEANS ROAD,NORTH CHATHAM,MA,026501154,41.700306363636365,-69.96549390909091,20,0
f19e87e2-72cf-331a-9a0b-295cf519f91b,0fab3c4e-a028-39a6-b15a-be5a88b6aa2a,Miyoko154 Paucek755,F,GENERAL PRACTICE,222 STATE STREET,LUDLOW,MA,010563437,42.15547415,-72.47222226666076,2850,0
6acdf2a8-a3e2-32b9-b748-0f633e2d93a0,b0016371-afcb-37a6-8f90-5e3786e7806f,Shella455 Toy286,F,GENERAL PRACTICE,629 SALISBURY ST,WORCESTER,MA,016091120,42.2932691,-71.8390048,2,0
c1b1b213-d5da-36d8-b4a5-bcfc756bdc6c,3b021cb6-4745-3d9d-8436-230055f770bd,Eleni953 Franecki195,F,GENERAL PRACTICE,148 CHESTNUT ST,NEEDHAM,MA,024943238,42.27728075,-71.23665362814043,505,0
04bc983f-df30-3093-b79d-e24db9477c8a,7b95b4ab-5bb6-3abc-b0e5-02689f84228d,Audra143 Beatty507,F,GENERAL PRACTICE,20 POND MEADOW DR,READING,MA,018673261,42.516645499999996,-71.09917578750729,64,0
30f55fae-d1e4-34e3-9d17-ea2d81d38689,86880e58-8753-3c63-b057-33781df70528,Glenn0 Keeling57,F,GENERAL PRACTICE,49 SAMOSET AVE,HULL,MA,020452512,42.2810432,-70.8703157542509,45,0
cf3c141e-9f36-3444-bf3f-4ea66884c6a8,83f59b06-c094-345b-afae-856f22c1ac2c,Justin359 Gutmann970,M,GENERAL PRACTICE,255 Park Ave Suite # 900,Worcester,MA,01609,42.265556,-71.818665,112,0
a0371908-edcd-3835-87a2-ad25ba51e05b,aaa7ebaf-b1a0-38c1-ba89-a16712cf431c,Elsa29 Ponce361,F,GENERAL PRACTICE,16 PLEASANT STREET,BRIDGEWATER,MA,023242420,41.98625885,-70.97978204646246,41,0
29405e58-3815-3fd0-8d26-5bdd4baacd56,ce53c877-0290-390a-b4b4-2462001a1713,Anabel269 Hilll811,F,GENERAL PRACTICE,847 ROGERS STREET  SUITE 201,LOWELL,MA,018524345,42.6275246,-71.27673639687623,84,0
0fbc2116-de65-30fe-891a-ba199294b280,36705572-6b8a-337d-9d01-be1087ce4650,Javier97 Rubio813,M,GENERAL PRACTICE,233 WINTHROP ST,TAUNTON,MA,027804428,41.89112605,-71.11254102062864,33,0
2fa96688-0240-3e24-8bb0-4850a94b8354,34f0b10a-5e29-31de-a75e-e0bb03c0c0d4,Dierdre747 Leuschke194,F,GENERAL PRACTICE,56 COLPITTS RD,WESTON,MA,024931568,42.36610065,-71.3036759,86,0
6e839019-ea03-3673-8c4a-600ff7255a53,e9a24be5-b0a3-3fd2-a606-dd13498024ea,Darwin703 O'Hara248,M,GENERAL PRACTICE,85 E MAIN ST STE A,NORTON,MA,027662307,41.971697,-71.17689334021827,119,0
62d91189-b8c9-3f53-a8a2-4f482c1c259d,545ea18f-060c-389b-98f8-b6943979c207,Izetta651 Farrell962,F,GENERAL PRACTICE,6 ESSEX CENTER DR STE 201,PEABODY,MA,019602906,42.539944,-70.950156,137,0
b397c684-3cd8-3664-9a25-612d570ec37e,57e4e5fa-d68d-3caa-a5ad-37beb1b51207,Latrina689 White193,F,GENERAL PRACTICE,800 WASHINGTON ST,NORWOOD,MA,020623487,42.1886973,-71.2005241,901,0
1b560b49-1da1-3f9c-830e-7715892cee81,2c1eda9d-6d75-3c4e-86f1-d850d4ccfcdf,Cyrus914 Moore224,M,GENERAL PRACTICE,238 W MAIN ST,NORTHBOROUGH,MA,015321804,42.31181264999999,-71.65685612428547,2,0
e2c9f9d5-cbbf-3925-8fd4-03d3acf1eaac,b20a0fe1-53b3-33fc-8acb-bc9a2df64e57,Prince887 Schoen8,M,GENERAL PRACTICE,3 PATTERSON ROAD  SUITE 3,SHIRLEY,MA,014642907,42.552462649999995,-71.62383665745185,4,0
494d461e-bcb4-3a43-a458-adac8a709cb3,2befa435-3070-3350-a15c-e43ac1e84b24,Teressa589 Schuster709,F,GENERAL PRACTICE,575 BEECH STREET,HOLYOKE,MA,010406604,42.20105435,-72.628169560868,38,0
46e73ab8-f4f8-38d6-831a-610509dedf86,05b2593e-1bc1-32ee-8d9f-0aad4fa74ff0,Hilary419 Schaefer657,F,GENERAL PRACTICE,940 Belmont Street,Brockton,MA,02301,42.065655,-71.05398,1204,0
461a0dae-ee9f-313c-9d01-bfbbfc66102b,c92cc255-6778-3307-8092-987d667be4ce,Merle11 Bogisich202,M,GENERAL PRACTICE,89 FOSTER ST,PEABODY,MA,019608925,42.5278731,-70.9286609,59,0
cd30e059-979c-3e13-9021-7b676bc0adb9,00ffb204-07b4-3c72-a678-fa252e6cf86c,Kathlene786 Satterfield305,F,GENERAL PRACTICE,450 BEDFORD ST,LEXINGTON,MA,02420,42.47370735,-71.25090005,486,0
bfc015e5-04d5-3af9-b8a9-1d95176d4504,ad82d624-72eb-3c7d-a76d-79f2668d1390,Mathew182 Howe413,M,GENERAL PRACTICE,3 WOODLAND RD,STONEHAM,MA,021801711,42.452443099999996,-71.08939988105112,405,0
7fd89a6d-3d4f-3517-b97a-15863dbc22a0,70a26106-6797-39f8-83e6-6bcf212b99ad,Zackary401 Mohr916,M,GENERAL PRACTICE,340 MAIN ST,WORCESTER,MA,016081601,42.53616075,-71.74831883675786,28,0
97769d22-d7a5-35fa-9045-77bf410b74c7,b8421363-9807-3b16-a146-95336eea5cfb,Cleveland582 Kuphal363,M,GENERAL PRACTICE,30 LOCUST ST,NORTHAMPTON,MA,010602052,42.33032115,-72.65330802608176,1834,0
58979c36-ce25-3d63-9bef-0d16e15712d2,8424b5ec-ba0a-32e9-94ae-a9d397884093,Ileen763 Casper496,F,GENERAL PRACTICE,49 BLANCHARD STREET  SUITE 101,LAWRENCE,MA,018431456,42.69651155,-71.1612176954981,42,0
f174571a-4872-3b75-822b-dde0f1294ca3,3498e7d3-90fd-366b-bc6a-6f41dad6bae6,Olympia319 Bradtke547,F,GENERAL PRACTICE,112 WEST MAIN STREET,NORTHBOROUGH,MA,015321824,42.318559050000005,-71.65097281611972,43,0
561b0581-90a5-3215-b44b-9a32ff389155,37111f41-8bc5-35d3-9cd9-5b447a11ffd1,Derek111 Greenholt190,M,GENERAL PRACTICE,TEN INGALLS COURT,METHUEN,MA,018443712,42.7262016,-71.1908924,158,0
4e54f518-8943-3520-8317-4def8eb3650b,7567027f-af4e-3cd6-b1bf-e764ca3a5866,Kandice471 Rodriguez71,F,GENERAL PRACTICE,215 BICENTENNIAL HWY,SPRINGFIELD,MA,011181962,42.095480800000004,-72.50509214731676,1,0
1287e542-5007-3ee8-bef3-ccd3be92f47d,68ea50ba-275f-3f6c-ad1f-0aefae7144eb,Alan320 West559,M,GENERAL PRACTICE,25 ARMORY ST,WEST NEWTON,MA,024652110,42.3504314,-71.21988040449209,3,0
601b2694-55d4-381b-b1fd-3a58d4e7e2d2,945104f1-4b95-3eed-bd02-5efa0afbf34d,Lauri399 Keebler762,F,GENERAL PRACTICE,20 CENTRAL AVE # 506,LYNN,MA,019011201,42.46410018181818,-70.9465129090909,11,0
af211588-45bd-37b7-928e-1f2947e93a87,3076e02a-deac-3e81-96a9-1d32cbda6fca,Cecil300 Kilback373,M,GENERAL PRACTICE,59 EASTWOOD CIRCLE,GARDNER,MA,014403901,42.567006649999996,-71.97817904424542,16,0
010baeb7-e1d0-3c51-ad97-216c9c2b741c,e854f053-5621-31fa-afa1-29040b0d7466,Latrice352 Ferry570,F,GENERAL PRACTICE,1575 BLUE HILL AVE,BOSTON,MA,021262122,42.2698727,-71.0940406,30,0
0383f649-8d7a-3497-8ef4-15c99f83c4fe,fbd4ccdf-2fdb-3652-9bbe-1ccff886bd34,Tana168 Collins926,F,GENERAL PRACTICE,320 CENTRAL STREET  UNIT A2,SAUGUS,MA,019062372,42.4632069,-71.0093761,43,0
0c43b459-f9c4-327d-86af-8a1d9ec788c9,136e0049-9edf-355f-9d7c-aabc5c74761d,Leonardo412 Schiller186,M,GENERAL PRACTICE,255 LEBANON AVE,PITTSFIELD,MA,012017828,42.4320582,-73.3065210384207,2,0
d0a485a5-8add-3310-a964-d0c4a2536153,65f0254a-73a3-3b06-bced-54d511445535,Maira380 Carter549,F,GENERAL PRACTICE,720 BOSTON POST ROAD,MARLBOROUGH,MA,017523766,42.355106,-71.47654,14,0
8d8a7fb8-c5d2-3163-9f63-8aa4f9db7680,b8e724d5-b999-3029-8a2d-ad30fbd0b9ce,María Soledad68 Menéndez746,F,GENERAL PRACTICE,63 MAIN ST,BROCKTON,MA,023014042,42.084598840000005,-71.01995972,61,0
9fdd012a-6938-3e2d-b188-d5375a0a28dd,901c2d40-1ca3-3879-9a20-c663b8adc0a9,Chanelle850 Schuster709,F,GENERAL PRACTICE,800 WASHINGTON STREET,STONEHAM,MA,021802445,42.4863168,-71.0928919,1238,0
53853ac6-a1ca-39ee-8149-da44e712a728,6170552c-4d27-3e64-8068-64a380f1837d,Leo278 Pacocha935,M,GENERAL PRACTICE,76 SUMMER ST,HAVERHILL,MA,018305814,42.7786873,-71.07306505177553,696,0
fcdf9b1c-4d5c-32b4-aa7c-b662274e4758,e6cc6043-299a-3581-8f6b-b3b5d62c46ae,Ellen406 Farrell962,F,GENERAL PRACTICE,532 SUMNER AVE,SPRINGFIELD,MA,011082458,42.08631583333334,-72.55792579166666,172,0
10c2f17f-ac8f-3468-b961-36b8f617bee6,b9e35b8a-9831-32d8-a6dc-d7a546c126b0,Venus149 Blick895,F,GENERAL PRACTICE,111 HUNTOON MEMORIAL HIGHWAY  1ST FLOOR,SPRINGFIELD,MA,011092550,42.1018764,-72.5886727,1704,0
42291f8b-87f1-3924-a5ea-646f48304e19,06988693-a9d8-392b-a2ce-a07de8a931ad,Jimmie93 Reinger292,M,GENERAL PRACTICE,136 BOSTON POST RD,SUDBURY,MA,017762406,42.3638568,-71.39664274207772,1,0
bd2c7f43-97e2-3fa0-bd6b-fba5741aee21,70d5bbef-3c05-3318-b9d7-003dc8fbb8cf,Wilfredo622 Little434,M,GENERAL PRACTICE,33 SUMMER ST,TAUNTON,MA,027803479,41.9005416,-71.08895606814966,2,0
dd63f2d4-bd5f-3742-b318-dd6cbbf7dcc7,22249c0a-8ce9-3726-a3bb-b037c773ce5c,Leah288 Sauer652,F,GENERAL PRACTICE,337 NEPONSET AVENUE,DORCHESTER,MA,021223103,42.2875144,-71.0470691675753,25,0
856f8f22-76fc-35f3-ad92-5f62a9495ec7,7a75decf-7d3f-3b0d-8c2b-3abf0a8c7f58,Olin642 Kulas532,M,GENERAL PRACTICE,169 LIBERTY ST,MIDDLETON,MA,019491003,42.615226050000004,-71.0144865346162,226,0
cd171f6e-9ecb-3727-855e-be14e0d87e78,18df2721-3f76-3f83-94d5-63597cedd298,Kylee806 Romaguera67,F,GENERAL PRACTICE,909 SUMNER ST,STOUGHTON,MA,020723396,42.1005097,-71.0830269025407,482,0
a6754535-7ba1-36cb-b656-152deb5ad08a,b1965e0b-9ef4-3e96-bad6-cb88ea7e7324,Jerrell6 Breitenberg711,M,GENERAL PRACTICE,1 HOSPITAL RD,OAK BLUFFS,MA,025571406,41.46063105,-70.57989080295974,61,0
b2182bea-b330-300d-8e13-f5769dfec784,38508743-50d1-3429-8fe2-37e42ddaf20e,Erick204 Mayer370,M,GENERAL PRACTICE,164 HIGH ST,GREENFIELD,MA,013012778,42.595268700000005,-72.59288632376354,763,0
fdf83970-557f-302b-9c9c-e1c890dc8e64,2f735290-1603-31b5-b561-7c8e0d413170,Amado512 Adams676,M,GENERAL PRACTICE,100 FOXBOROUGH BLVD STE 230,FOXBOROUGH,MA,020352878,42.041851949999995,-71.23486657070565,299,0
6bb9e1a0-0752-3ca9-9166-557d4eeff989,27bf2e46-7445-35e7-9106-3ce1b074db47,Kathryn101 Donnelly343,F,GENERAL PRACTICE,80 BOSTON RD,NORTH BILLERICA,MA,018621034,42.5871093,-71.2948553,1,0
43c84bbe-4208-3902-920e-00cf8348c9fd,e1818b21-4458-3b9c-b2b8-7ed6f57ae078,Tamisha203 Wilderman619,F,GENERAL PRACTICE,2399 BOSTON ROAD,WILBRAHAM,MA,010951185,42.14668485,-72.45048427046072,117,0
4cf083b3-5a9a-3c25-8917-cf21d891baf6,970993ce-f590-3150-9733-0e02c569b87f,Anthony633 Wilderman619,F,GENERAL PRACTICE,150 YORK ST,STOUGHTON,MA,020721829,42.144646800000004,-71.09875876961266,1,0
726f529c-c637-38b0-80b0-2f6ecf203d17,328f813e-4de8-3ec2-a113-43f3ddfb0b2a,Victoria535 Roob72,F,GENERAL PRACTICE,30-40 WESTPARK STREET,BROCKTON,MA,023015241,42.0834335,-71.0183787,387,0
d89db957-7f97-3325-8fa5-f5e60cbef224,8d110f42-6f75-3751-b0c5-b45ab08333a1,Lino542 Feest103,M,GENERAL PRACTICE,88 WASHINGTON ST,TAUNTON,MA,027802465,41.9062805,-71.09518121351795,104,0
6a0fc8f5-481b-302b-be9b-b1d83687a607,200746fc-5d0f-3ec7-a2a9-3d9a219ee139,Arlen68 Rippin620,M,GENERAL PRACTICE,800 CUMMINGS PARK  SUITE 3100,WOBURN,MA,018016355,42.4977745,-71.1237712,34,0
7031b33d-c630-3219-a77b-4b0b1662ee61,dd3307db-114c-3f11-be44-a9eef6bb3fc5,Evelin941 Ratke343,F,GENERAL PRACTICE,269 UNION STREET,LYNN,MA,019011201,42.4652772,-70.94362420273097,496,0
adb1c03f-feaf-3f24-9e09-8f22f8f19868,810c33cd-83fe-36e9-8fe6-ef78eb2c6fb9,Calandra120 Hackett68,F,GENERAL PRACTICE,3 VISION DR,NATICK,MA,017602059,42.3026972,-71.35370110550767,1,0
667c1361-4a45-3331-af32-25b9c38e49e5,36d96ba1-1b43-3fda-b4b0-84205d5b3a16,Kurtis994 O'Conner199,M,GENERAL PRACTICE,10 BELLAMY ST,BRIGHTON,MA,021351502,42.354847649999996,-71.16853348093532,3,0
7fbcf8e5-b22e-34cf-a703-76cf6f182af6,1d87bbfa-19aa-3128-adca-420ff8d5a12a,Leanora120 Pacocha935,F,GENERAL PRACTICE,771 CHURCH ST,NORTH ADAMS,MA,012474109,42.680927100000005,-73.09950699822534,39,0
69ea78e7-db22-33e6-b9bd-5feb9b4e0b25,f2068cee-c75c-321d-9b2c-c33535db89c9,Octavio643 Prosacco716,M,GENERAL PRACTICE,32 BOSSI AVE,RANDOLPH,MA,023682002,42.20017865,-71.0582074,34,0
120e0d40-b1c1-3b99-976f-6fedef4892f8,66505876-04a4-3f6e-9aa8-7232ee43ab76,Mohammad578 Rodriguez71,M,GENERAL PRACTICE,548 ELM STREET,NORTHAMPTON,MA,010602832,42.327755,-72.657308,1,0
4e47c853-36fb-34ec-9505-ef83dbc21232,9285ca02-6788-3ae1-b1b7-3b313abbfea1,Hilary419 Dach178,F,GENERAL PRACTICE,59 COOLIDGE HILL RD,WATERTOWN,MA,024722816,42.36721805,-71.1528107445055,2,0
54ac03de-a918-383e-b4fd-f7927b160737,9b1f8cd0-2246-3f4f-82df-23ea314c7665,José Eduardo181 Verdugo724,M,GENERAL PRACTICE,800 ESSEX ST,LAWRENCE,MA,018414617,42.70162725,-71.1755487945157,3,0
e09557c3-fa1e-3a88-9902-fa7310bc772d,15d4c950-4691-3996-b4c4-bf06bfb58ff7,Alvin56 Crona259,M,GENERAL PRACTICE,70 EAST ST,METHUEN,MA,018445883,42.7285558,-71.16833738237946,910,0
ac23bcf9-2cc6-3f29-91e1-aa5d380d7368,655f2a4f-419c-39d3-8ed6-6c4117eb7e32,Aurore252 Herzog843,F,GENERAL PRACTICE,21 MAIN ST,NORTH READING,MA,018641326,42.566971949999996,-71.10799861135133,138,0
0cd6f98c-9070-3dad-89b5-401c987ec8bb,118e081c-c2f2-35cd-b9c3-ef534f1b7830,Miguel815 Bahena335,M,GENERAL PRACTICE,1364 MAIN ST,READING,MA,018671137,42.55581805,-71.10585713492983,2,0
32c032af-3605-3f6d-9685-3855a45e1625,5018c664-e283-30eb-932a-529d9a19b3b5,Rochell365 Stehr398,F,GENERAL PRACTICE,300 SOUTH ST,WOBURN,MA,018014979,42.473347,-71.144086,1144,0
eeabf88c-abec-384e-ae77-fb13c6de2289,2e8b42f8-4300-30a9-a576-d513d1021a0a,Beverlee316 Haag279,F,GENERAL PRACTICE,600 CLARK RD,TEWKSBURY,MA,018761699,42.63120935,-71.27023603178071,709,0
7ab93203-e9a2-3259-94f9-4b2e3f21b4ea,0caa0116-ef9a-3d4c-bcff-9c405a9d2bda,Aubrey96 Emard19,M,GENERAL PRACTICE,105 CHESTNUT ST STE 35,PLYMOUTH,MA,023604054,41.884685,-70.847219,100,0
efbee888-776a-309b-9597-7b4cd2a32fa2,5ba77f2c-8ce5-3dde-bb46-3ffcceb3bfbf,Cedric746 Quitzon246,M,GENERAL PRACTICE,188 FLORENCE ST,CHESTNUT HILL,MA,024672641,42.31835025,-71.17401686317635,6,0
4870a009-5673-310d-bfa8-3a7d814082db,d140ed3f-2696-3e78-bd77-1c959ec4fc4d,Orpha286 Marks830,F,GENERAL PRACTICE,863 HATHAWAY ROAD,NEW BEDFORD,MA,027401916,41.6512968,-70.9669902070805,83,0
bbea0678-477a-32e7-90de-dd5bfecfd719,1cff30ba-b91f-3ea2-b80b-770d67856358,Annamae625 Halvorson124,F,GENERAL PRACTICE,359 JONES RD,FALMOUTH,MA,025403341,41.5591273,-70.60352436630029,51,0
a65b6bf1-9bfb-33ac-911a-92d5ffa8bd3c,d4e48a16-0a60-3e90-81e5-c35b22ffe6af,Bertram873 Kutch271,M,GENERAL PRACTICE,856 STATE RD,NORTH ADAMS,MA,012473027,42.69967208677275,-73.16330754755236,63,0
1709fe69-fc33-3604-99ea-6788f9d1870c,4ff8b164-4cf5-3ab4-b0f2-7ce8fda920e5,Theo630 Mante251,M,GENERAL PRACTICE,800 WASHINGTON ST,WORCESTER,MA,016550002,42.180483,-71.867782,36,0
6d894796-7240-3c74-a658-cb9bc2c898b7,6f95a7a4-3343-3d14-b8b5-35d1e3247551,Denis399 Bailey598,M,GENERAL PRACTICE,254 BILLERICA RD,CHELMSFORD,MA,018244114,42.5969934,-71.3233653623669,12,0
cf747711-a265-39f5-b6d2-454fcad9cd92,39c15c0f-5c49-311e-99d2-1fb99d80e06e,Salvador46 Homenick806,M,GENERAL PRACTICE,398 NEPONSET AVE,DORCHESTER,MA,021223134,42.286764399999996,-71.04402811508834,163,0
cbabe259-f829-3e31-8072-d1c402911941,e39e92a8-2fde-314a-8fb1-8551218f03d9,Reinaldo138 Runolfsdottir785,M,GENERAL PRACTICE,60 EAST ST,METHUEN,MA,018444547,42.7265686,-71.16640139527428,80,0
a8729eb2-af71-3215-839d-915fc13a18cd,8f22037a-070f-3fcf-8f39-fa879f0ae107,Albert312 Hermann103,M,GENERAL PRACTICE,567 DARTMOUTH ST,S DARTMOUTH,MA,027481826,41.61112,-70.93937914285715,5,0
51ccdf2f-36d3-3dac-88d9-c599d6498c8d,bccd7d67-203c-3d93-b6b0-bff5a146cd1d,Courtney281 Kihn564,M,GENERAL PRACTICE,286 WASHINGTON ST,STOUGHTON,MA,020721763,42.1384306,-71.1022598,363,0
244ad0c9-6f96-32d0-bc31-94f543ba1d36,07baae96-3d74-3c69-a845-dad7b792eb52,Sheryl275 Brekke496,F,GENERAL PRACTICE,42 ASBURY ST,SOUTH HAMILTON,MA,019821808,42.61322825,-70.87300675048934,57,0
2ed6ec01-a113-3b22-8fe2-4bf032492d1d,63cb4d95-04a9-3a35-b5d9-f89e0377a48d,Thanh759 Weber641,M,GENERAL PRACTICE,211 PARK ST,ATTLEBORO,MA,027033143,41.9419187,-71.2752081695297,2133,0
4bd81220-acb2-3c60-9e25-0f54031e8075,45e64170-207e-3786-b970-76fca7a5691b,Henriette328 Hilpert278,F,GENERAL PRACTICE,50 INDIAN NECK RD,WAREHAM,MA,025712174,41.7539753,-70.69890130810117,3,0
8abce170-b1e8-37a8-be98-bd92cb2b1255,6e290541-eba3-37fc-a3e2-e58f77e84c7e,Gregory545 Toy286,M,GENERAL PRACTICE,15 LENOX ST.,SPRINGFIELD,MA,011083122,42.085779,-72.55846414285715,192,0
6fc344f6-a79c-32da-bf67-417db32e9b5c,263d1b03-1560-3fc3-b93d-c33a0cbd5837,Clemente531 Treutel973,M,GENERAL PRACTICE,10 RIVERSIDE DRIVE  STE 201,LAKEVILLE,MA,023471689,41.8771119,-70.92344635,88,0
c2fe5e5a-7bd5-3c1d-a718-a7dd9de27052,4e880cb9-1ca0-3582-b8cf-8a59b0d2b878,Haywood675 Bednar518,M,GENERAL PRACTICE,51 S CHURCH ST,PITTSFIELD,MA,012016178,42.44648205,-73.25863241543368,46,0
5c33a30d-5b85-3018-85c5-db55e11894dc,432821fe-58ed-33eb-823c-b4447a52c7e9,Ignacio928 O'Keefe54,M,GENERAL PRACTICE,1071 VARNUM AVE,LOWELL,MA,018541131,42.64497212195122,-71.36843231707317,1,0
e5db71dc-fe2c-3258-af9b-187c5f0e3622,a2a41caf-758f-3962-8e5f-e6e603f93d17,Noelle559 Padberg411,F,GENERAL PRACTICE,111 HUNTOON MEMORIAL HWY,ROCHDALE,MA,015421305,42.2020225,-71.89891616754682,1926,0
653fa5f2-90d1-35a4-ba71-03f440390ce8,3d09dd1a-257d-3eee-977d-1b076002cf2d,Temple691 Reichert620,F,GENERAL PRACTICE,620 LAUREL ST,LEE,MA,012389181,42.325270573922175,-73.26123519130739,2,0
0ce0ff1f-4987-3703-be64-4ad2998a1f89,ca62a361-9c79-32d1-92cc-ffc0d5d19679,Sallie654 Barrows492,F,GENERAL PRACTICE,19 HENRY ST,SHARON,MA,020671714,42.109147300000004,-71.20768205338297,163,0
8036044d-1eef-324b-8481-9c99d4f730a7,0d24cc89-3256-330c-b36d-d8de8babef84,Will178 Bernhard322,M,GENERAL PRACTICE,1030 FALMOUTH RD,SOUTH YARMOUTH,MA,026641218,41.6667779,-70.1847414,440,0
3bc2d743-d415-3384-a97a-d5e16f70016f,ce5a2589-44ba-3e2f-ac0d-76c482da6091,Idalia306 Moore224,F,GENERAL PRACTICE,178 LOWELL STREET,LEXINGTON,MA,024202719,42.438544300000004,-71.19310317632329,1,0
e765e87f-819c-3170-9f58-1ebc7921d417,db28cc9a-fdfb-35a6-aef7-ab9b933ef244,Judy192 Gleason633,F,GENERAL PRACTICE,8 DANA STREET,CAMBRIDGE,MA,021385402,42.3694992,-71.11011030010101,117,0
6c26f55b-f58d-3b6b-9f3f-b4b5e529fe87,b7bec03f-a254-3059-b3f7-616d9a70d26f,Mitch821 Powlowski563,M,GENERAL PRACTICE,751 SCHOOL ST,WEBSTER,MA,015702924,42.036747500000004,-71.88077470887096,1,0
f4405d10-8c1f-35b3-8dd6-26bcfa1c456c,19a65317-5d32-355e-8f82-88933d48366d,Wes853 King743,M,GENERAL PRACTICE,5 PRECINCT ST,LAKEVILLE,MA,023471468,41.8455651,-70.95195924208448,120,0
5117110c-f82a-3bfe-8e45-dffbc3241e5d,844a8cb2-4164-35b2-88b8-dffa2889a738,Shemeka786 Conn188,F,GENERAL PRACTICE,150 UNIVERSITY DRIVE,AMHERST,MA,010022232,42.368937,-72.53247107203978,9,0
713f7dfe-d1ec-3aa6-a3a3-80c923f60ec7,ee6705d5-db4a-3120-bbe1-1e72972a841f,Regena252 Huel628,F,GENERAL PRACTICE,101 JACKSON ST,LOWELL,MA,018522103,42.64221447368421,-71.31029421052632,78,0
b4bf31bb-699f-3632-bab1-3db4832001a7,bfb9ab7d-7b8a-36c9-ac27-d210a6f6f412,Bessie423 Bechtelar572,F,GENERAL PRACTICE,8 LEWIS POINT ROAD,BUZZARDS BAY,MA,025325613,41.745383,-70.618087,1,0
ca30c3a6-229b-3fd9-9b74-b2a73c70072f,a6fb79e7-4abb-3a68-b62d-e501427fdca4,Ricky354 Renner328,M,GENERAL PRACTICE,489 WASHINGTON ST STE 202,AUBURN,MA,015015709,42.187836,-71.83104,482,0
4e111e52-930a-354d-b549-ce5bdd671d8d,52e42aa3-27fb-3298-a3ae-25529dfe6347,Ambrose149 Mills423,M,GENERAL PRACTICE,85 BEAUMONT DR,NORTHBRIDGE,MA,015341093,42.15719035,-71.6521339767302,1,0
7da82bc6-aa56-3131-9f84-f1603a8ec123,756ed90d-15f4-377d-b99f-ca1de5633481,Conchita9 Mesa630,F,GENERAL PRACTICE,115 HOLLISTON ST,MEDWAY,MA,020531954,42.158983899999996,-71.41067830029175,1,0
0ce49fb7-39f4-3ac4-a202-11d8797a4d13,b92c875d-5390-3cc7-9cc5-67ade724daf3,Broderick767 Hansen121,M,GENERAL PRACTICE,65 COOPER ST,AGAWAM,MA,010010325,42.07895845,-72.62045515660407,2,0
0ffe65b7-b4ee-3baa-80d9-fb4bf476efc4,5117bb89-3a9f-3740-a0f1-c3a1a8d7851e,Rashad361 Predovic534,M,GENERAL PRACTICE,20 ELM ST,PITTSFIELD,MA,012016502,42.4458896,-73.2448206979669,96,0
97ce2b79-cd20-39d4-8fc1-a7f0f402ac69,4e3c60e6-dbed-32c3-9b03-767d7fbc82b0,Venita81 Lind531,F,GENERAL PRACTICE,222 RIVER RD,LEEDS,MA,010539783,42.364084399999996,-72.70745188531934,2,0
ba910051-0442-3779-85f9-a43145403015,9d0e702d-50a0-3f4c-9126-0951d560fd4b,Otha286 Roberts511,M,GENERAL PRACTICE,189 MAY ST,WORCESTER,MA,016024339,42.25986305,-71.83597786023279,1774,0
a52e340a-0813-3a07-bcaa-566c0a9e500c,f0e3e152-0b08-3819-b962-b043f63f6dc1,Manuela585 Rippin620,F,GENERAL PRACTICE,1010 VARNUM AVENUE,LOWELL,MA,018541915,42.6422606,-71.36626685573418,4,0
eb7743cd-7f1a-3a73-af15-881829d36e0b,81b1ef2b-8d3c-3923-859d-ae56099e037a,Maryrose226 Bradtke547,F,GENERAL PRACTICE,19 VARNUM STREET,LOWELL,MA,018502132,42.6520846,-71.29979019978185,4,0
95e25a7e-821a-31f1-8b5d-4ca132968018,2fa36ef4-0a5b-358e-b76f-f4ada6c48e8b,Lilliam592 Lindgren255,F,GENERAL PRACTICE,90 ROUTE 6A,SANDWICH,MA,025635301,41.76404705,-70.50066669296109,99,0
c3afca63-dfc3-3528-a4f6-71e1ecb170d3,ea8d287f-b3a9-3800-8798-788e334ee406,Palmer257 Kuphal363,M,GENERAL PRACTICE,81 HIGHLAND AVE,SWAMPSCOTT,MA,019072928,42.4699241,-70.9171507,2335,0
d5e44a61-dca7-3756-8505-b90186d506fb,c7542447-e06e-32cb-b6db-243c23a0dbc2,Chantell995 Krajcik437,F,GENERAL PRACTICE,30 WARREN ST,BOSTON,MA,021353602,42.3501483,-71.14393324457691,1413,0
a8f9e958-2525-3c28-8560-9560da42099b,d9fe2c9c-135e-3da3-8de8-1a0ff165d886,Eldridge510 Marquardt819,M,GENERAL PRACTICE,1430 MAIN ST,WORCESTER,MA,016091121,42.2492003,-71.92931780325071,333,0
ae2d1c79-4cae-3dbd-aded-a5105c346cc8,50c47685-8125-3c50-8311-8bd7ba9e9108,Beth967 McKenzie376,F,GENERAL PRACTICE,4199 WASHINGTON ST,ROSLINDALE,MA,021311733,42.2871447,-71.1277526,391,0
a4faa7bd-c2d3-33ac-8508-adff5f3a264c,8bf5325a-c11b-35c4-b07d-17a5aeba8353,Rueben647 Okuneva707,M,GENERAL PRACTICE,815 WORCESTER STREET,SPRINGFIELD,MA,011511001,42.1018764,-72.5886727,24,0
b0beab0c-c58e-3231-be65-694dd02fac5d,6dafa732-cdaa-37ab-a33c-b14878e841d7,September423 Howe413,F,GENERAL PRACTICE,400 BROOKSBY VILLAGE DRIVE,PEABODY,MA,019601488,42.55186794282506,-70.97276672693852,12,0
922faa9a-6e5f-3e3d-ab83-e17c8118a058,87f3b181-1c52-3161-a15a-ea2d9a04b35f,Frederick289 Gerhold939,M,GENERAL PRACTICE,565 TURNPIKE ST STE 71,NORTH ANDOVER,MA,018455936,42.664934200000005,-71.11635234067887,19,0
96879910-9788-3819-940d-441df3365db4,621bd7b5-3f4c-3555-8daa-f1216e352f33,Antonio44 Ruelas156,M,GENERAL PRACTICE,34 AGASSIZ AVE,BELMONT,MA,024785023,42.38815185,-71.19406248191802,2,0
b0b14baf-c957-33af-ba46-f76d70ec5cb1,43e22208-dae0-3196-b30b-17b3c50679c2,Diego848 O'Kon634,M,GENERAL PRACTICE,147 PELHAM ST,METHUEN,MA,018442060,42.7288158,-71.20222773774655,97,0
47b2b7b7-c939-33cd-b500-ddea01d6e73f,0b2738b6-7911-3aa4-8b6e-7e1df7c14fe1,Kayleen757 Stokes453,F,GENERAL PRACTICE,888 N MAIN ST,BROCKTON,MA,023011668,42.1061239,-71.02807965450519,1,0
8725170e-ff8a-3e80-b47e-cfa058483897,46375470-1e20-3ddc-8dc5-010ba53826b6,Jude172 Reynolds644,M,GENERAL PRACTICE,40 WRIGHT ST,PALMER,MA,010691138,42.16934095,-72.34120457065711,978,0
4d3decb8-d4ac-3da2-b1e1-a93e780ec931,9d2a1656-0f4d-30d1-bc63-eb365a05529c,Maynard46 Ward668,M,GENERAL PRACTICE,235 N PEARL ST,BROCKTON,MA,023011794,42.09805395,-71.0609587194362,129,0
aae60123-7179-3093-9c4c-312447af2b84,aba3e6f6-4562-342e-b90f-dd61b117f394,Maryjane289 White193,F,GENERAL PRACTICE,438 CHESTNUT STREET,SPRINGFIELD,MA,011072008,42.11291091861002,-72.59692685125127,13,0
85323ab5-e0f9-3ec5-ac7b-f31bd8424532,a4b91172-69e7-3895-bd89-b9a0868de5c2,Shanita956 Wolff180,F,GENERAL PRACTICE,651 ORCHARD ST,NEW BEDFORD,MA,027441052,41.6149879,-70.93113851963673,80,0
5a4d98f8-631d-3093-99d5-9c131d5c1598,47fb5a56-bee5-3ecd-9958-706b20831c82,Karey608 Torp761,F,GENERAL PRACTICE,600 CUMMINGS CENTER  SUITE 270X,WOBURN,MA,018016356,42.4792618,-71.1522766,36,0
9b22e08e-866f-3859-b77d-43c1491e43b8,72f50aa0-d8c9-34dc-ac58-c428323f3bcd,Danuta945 Little434,F,GENERAL PRACTICE,55 FRUIT ST,BOSTON,MA,021142696,42.36286045,-71.06875296664998,165,0
7f1da018-53d9-334f-bd0a-f0b3e2cdc43c,1cd20733-c6b9-31f9-b7c7-0c9357fcb560,Danilo179 Kassulke119,M,GENERAL PRACTICE,40 WALNUT ST,WELLESLEY,MA,024812102,42.32553365,-71.25238403429299,30,0
817c72f0-314d-3430-8832-cb52d36271e2,ca8a919a-05f9-3687-bfb6-42800a70031e,Josue598 Flatley871,M,GENERAL PRACTICE,6111 OAK TREE BLVD STE 301,FRAMINGHAM,MA,017014613,42.3095704,-71.4413097,52,0
d08423f1-ed27-33a7-9d39-e1f0ea0d3f6e,eee00932-ca82-36bc-b7e8-e3fff6dbaeaa,Leif534 Hane680,M,GENERAL PRACTICE,450 BROOKLINE AVE,WEYMOUTH,MA,021893141,42.2212188,-70.9391625,2156,0
d0063581-01b8-315c-af33-86a7696c05a8,a194e94a-dd16-347e-95ea-8d00052c14d1,Octavio643 Gusikowski974,M,GENERAL PRACTICE,833 MAIN ST,S YARMOUTH,MA,026645254,41.65171785,-70.21464095380932,122,0
3aa0d46a-d07d-3c9e-8e82-6e355cf20670,be509ccb-bfb7-3b87-8945-8426b689ef9d,Chong355 Balistreri607,F,GENERAL PRACTICE,2049 DORCHESTER AVENUE,BOSTON,MA,021244742,42.3554334,-71.060511,53,0
53a7b52f-8153-3bf9-87a9-968ed4490b73,6f90eaad-abe3-3ce0-b9a6-2031c5674f0d,Claribel706 Wuckert783,F,GENERAL PRACTICE,800 TURNPIKE ST STE 300,NORTH ANDOVER,MA,018456156,42.66074825,-71.10724143845708,51,0
2ba6573b-89b8-3aeb-98d4-55fa3875352a,2bbe9992-fd20-3030-a3f0-03cc1d4b4746,Ines699 Rowe323,F,GENERAL PRACTICE,221 CHANDLER ST STE 201,WORCESTER,MA,016092961,42.26189606122449,-71.82192783673469,28,0
9fc942b0-8dba-36d9-9849-662fbfbe9e96,c0719377-d40a-3e9c-9f7c-af47c93b3f40,Taisha184 Sawayn19,F,GENERAL PRACTICE,80 SUMMER ST STE 1,BOSTON,MA,021101218,42.35403315,-71.05809515865283,46,0
782ffe39-d380-362d-9fd6-a2430c52b3c6,52476935-b9e6-3dbc-a44d-47db68ee9977,Katrice671 Daugherty69,F,GENERAL PRACTICE,56 LIBERTY STREET,DANVERS,MA,019233361,42.563351999999995,-70.9210216494721,1,0
ea4c50e0-0d22-3da3-be30-abc423264f1e,f087b01f-da5c-3db6-bb6d-8a3cf3e630c5,Serena400 Littel644,F,GENERAL PRACTICE,255 PARK AVE,WORCESTER,MA,016091989,42.26491135,-71.8185187,79,0
ad54a949-2628-34df-858d-001e23d20535,065eba51-cef7-3976-8654-ba8e7df887ce,Traci329 Block661,F,GENERAL PRACTICE,1165 NORTH PLEASANT STREET,AMHERST,MA,01002,42.40927615,-72.52971238527101,166,0
3ebc21e5-0331-35ff-813e-c870fb74495c,a06b1a97-d6ce-3ea1-ba4a-2ef85a8114ab,Wanda961 Goyette777,F,GENERAL PRACTICE,400 GROTON ROAD,AYER,MA,014321171,42.57821195,-71.5733060441645,41,0
24a190d8-03e8-37d6-8433-d65bf608f331,73c7eaf8-f8b3-383f-b3e1-4d8ff5ca255d,Mauro926 Bartell116,M,GENERAL PRACTICE,161 FALMOUTH RD,MASHPEE,MA,026492662,41.6314877,-70.46769809885944,9,0
84e30f9a-8238-36c5-ab44-03280fe4ae78,71455c27-ff31-3c99-a1ac-9773f7bcba96,Lewis216 Walsh511,M,GENERAL PRACTICE,6 MORRILL PL,AMESBURY,MA,019133502,42.84870445,-70.9320636014072,1,0
88e69666-d56e-3c88-aaa8-1b9869c1130e,1214636f-3c27-3011-a715-3191a36a2a85,Darell496 Ebert178,M,GENERAL PRACTICE,28 ESSEX ST,LYNN,MA,019021754,42.47493315,-70.9274241816419,2,0
f93fc964-13f2-38e2-b4dd-0b7d5cc7674a,5573074b-edf7-31cd-a5f4-6e118c6f602d,Richelle340 Kshlerin58,F,GENERAL PRACTICE,825 WASHINGTON ST,NORWOOD,MA,020623449,42.18864775,-71.20380467780485,36,0
f0ba4e90-0197-33f1-bcce-6463142868d8,6c7fe370-02c4-3537-8f5e-373b2168b933,Shon148 Swift555,M,GENERAL PRACTICE,60 HOSPITAL ROAD,LEOMINSTER,MA,014533791,42.54031915,-71.76312990486304,1,0
15cf071a-8e82-33c5-bb59-14d91987b5ff,9fbf3c5e-5f22-3b9f-9032-39d6de320874,Delois358 Langosh790,F,GENERAL PRACTICE,150 FLANDERS RD,WESTBOROUGH,MA,015811017,42.2770724,-71.5679154706427,26,0
1522045e-b020-3c23-a590-e68505b66335,f8918a95-31e8-3ac4-8d12-29ca6080ebda,Domitila545 Vandervort697,F,GENERAL PRACTICE,199 REEDSDALE RD,MILTON,MA,021863926,42.251368299999996,-71.0768393856917,1065,0
d5976346-433d-38e6-893c-cdc96f145f21,bce5b907-584b-345d-bbcf-912cf56cb6c3,Monte325 Parisian75,M,GENERAL PRACTICE,11-15 SANDERSDALE ROAD,WORCESTER,MA,016032467,42.0667952,-72.0084995,68,0
494d8979-d206-30c7-baeb-52b1d31a3531,9cec3b3c-fe3f-344e-b9c3-e414dafcd19f,Parthenia862 Dickens475,F,GENERAL PRACTICE,120 MAIN ST,MALDEN,MA,021486904,42.41918695,-71.06618960434116,4,0
caefd9fa-e584-3154-96ec-7f45c9331de3,8d5880eb-1dd8-31ea-b7c5-21709f3bb341,Nicholle822 Satterfield305,F,GENERAL PRACTICE,50 ROWE ST,MELROSE,MA,021763201,42.4592093,-71.06078096379728,565,0
ab801215-2407-305a-b09e-729b2d66fde3,0ec04450-c150-322d-b2c3-1449d672a23c,Yolando662 Huels583,F,GENERAL PRACTICE,110 W SQUANTUM ST,NORTH QUINCY,MA,021712122,42.27259075,-71.03082765,73,0
31b0fe1c-0f20-3f34-a721-9ed91a61c93a,fd650ebc-a642-3818-b073-692473cd31f1,Tobias236 Kris249,M,GENERAL PRACTICE,900 CUMMING CENTER,BEVERLY,MA,019156181,42.5584284,-70.8800491,3,0
d312beab-27a7-3bfe-b1b3-627089772298,f99f149d-87f2-3900-b433-d2d87144e34e,Marhta321 Metz686,F,GENERAL PRACTICE,1 HOSPITAL RD,OAK BLUFFS,MA,025572747,41.46063105,-70.57989080295974,3,0
cf4ed494-27d0-3ba1-9d77-124f66c754b5,3ff0f58b-7a1f-3334-9449-ff15f68b7d86,Winston220 McCullough561,M,GENERAL PRACTICE,275 SANDWICH ST,PLYMOUTH,MA,023607761,41.94186605,-70.6455366462985,655,0
65690588-d5f9-3bab-9518-54f29ecda066,4e0ec952-dd08-359e-87af-b13809b955ac,Modesta635 Mills423,F,GENERAL PRACTICE,37 DERBY ST,QUINCY,MA,021697564,42.2509914,-71.0037374,45,0
d9a48104-74d9-3ea7-84e5-ee0e14e89f64,70e3ad4f-b9ff-3f3e-9990-2cd7e23a9d1c,Tambra47 Bosco882,F,GENERAL PRACTICE,1238 RIVERDALE ST,WEST SPRINGFIELD,MA,010894675,42.1373438,-72.62624707492338,89,0
c4025f0a-ad81-32ff-84c6-1c3f05bddfe5,dbe1e521-57da-3855-9aa0-aabadbd17e32,Leticia253 Serrato62,F,GENERAL PRACTICE,454 WASHINGTON ST,NORWELL,MA,020612050,42.1592792,-70.85480698781902,2,0
0945859e-8c99-37b2-91c7-d93e3ccff898,80458ace-5754-39b0-807a-1a5b119cb5bb,Carlene772 Nolan344,F,GENERAL PRACTICE,11 PONTIAC AVE,WEBSTER,MA,015701629,42.06282535,-71.87016198711046,1,0
70ac6a52-8812-3570-9885-6eff743f52a1,171254da-957c-304a-b3fc-51a2d3ebee43,James276 Schmitt836,M,GENERAL PRACTICE,108 Merrimack St.,Haverhill,MA,01830,42.77449,-71.07901,1495,0
833ab3a5-9cd4-36cd-bcf4-a896f0749cb9,8ddbad9e-b5fc-3895-8a1c-17f32197a865,Robert854 Nicolas769,M,GENERAL PRACTICE,1455 MAIN STREET,CHATHAM,MA,026332083,41.6827332,-69.98755685244114,9,0
8001feae-48e3-3e7c-9e6e-83c33d81a515,9cfdd210-a2ed-34d6-9381-2f5d999011ca,Edith654 Beier427,F,GENERAL PRACTICE,21 HIGHLAND AVE,NEWBURYPORT,MA,019503873,42.814341671166744,-70.88998002772408,143,0
eef4ecd3-f39e-3bdc-8b2d-d1e4e7ad9aef,75846b1f-d0ec-3255-9bdd-d09eb0a9dd0d,Vanita165 Bartell116,F,GENERAL PRACTICE,575 BEECH ST,HOLYOKE,MA,010402296,42.20105435,-72.628169560868,128,0
1f47413d-4bf6-35ce-843c-4df0de301014,7e8bd0f2-2746-355e-92ef-9473818c58a2,Suanne858 Okuneva707,F,GENERAL PRACTICE,90 SUTTON STREET  SUITE 3-4,NORTH ANDOVER,MA,018451655,42.705281049999996,-71.13643624887442,12,0
7712ef10-f243-3df5-b47f-765ba74b7b22,dd280187-8662-3732-af81-595d10572911,Mertie42 Lakin515,F,GENERAL PRACTICE,4499 ACUSHNET AVE,NEW BEDFORD,MA,027454707,41.74026055,-70.9450945705336,1950,0
5548ade4-a22b-33bf-9f18-c2bf6fead21a,a6964d47-8af0-3df2-b99d-d8414eb1cfa3,Adrienne302 Schiller186,F,GENERAL PRACTICE,200 MAY ST,SOUTH ATTLEBORO,MA,027035520,41.924394750000005,-71.36076410900014,926,0
85de307c-84d2-31fe-8d40-f89dff0025b7,004554b4-3068-3938-832d-fa7cbe1cd1fb,Caridad510 Rosales49,F,GENERAL PRACTICE,25 STONEHAVEN DRIVE,WEYMOUTH,MA,021903951,42.1589443,-70.94970431672323,7,0
26cb246b-5f6c-36e3-86b8-3d90c154c649,dae3ee01-f383-366e-9ad6-dc92963064ea,Kristin64 Will178,F,GENERAL PRACTICE,1233 MAIN ST,HOLYOKE,MA,010405381,42.16578055,-72.63389634691956,355,0
d098da3d-2ba5-3ec6-b165-c58cf583d013,a7b047dd-186a-32de-8187-b0853c05aed6,Dustin31 Mayert710,M,GENERAL PRACTICE,180 LOW STREET,NEWBURYPORT,MA,019503519,42.815683050000004,-70.89666045994463,30,0
9450f1bf-9369-3c74-b6fe-bb0575d4a4ae,6d947ed4-9b7f-3720-8141-67109691d2e7,Kenia28 Eichmann909,F,GENERAL PRACTICE,73 Eagle Street,Pittsfield,MA,01201,42.451427,-73.25195,25,0
175d2b65-0b9c-38fe-ae32-a8c4cb39cf3a,2c708a72-2e25-36a1-8209-d2a708874eff,Eusebio566 Strosin214,M,GENERAL PRACTICE,1324 BELMONT STREET #202,BROCKTON,MA,023014435,42.057156895761736,-71.06994368825448,2,0
613c7eca-bf19-36b6-b6f4-e9257ba79982,dac75bc1-cbfa-306b-9a0a-88d5edf3638d,Addie421 Ebert178,F,GENERAL PRACTICE,170 COREY ROAD,BRIGHTON,MA,021358244,42.3433093,-71.14003855124017,61,0
25fcd805-e12a-31d9-aed9-7cca7e4651fe,b7488009-cd48-3a0d-87c4-6c47d1ceb3c8,Marielle507 Hayes766,F,GENERAL PRACTICE,95 COMMERCIAL STREET,BRAINTREE,MA,021844301,42.22110375,-70.97097247044559,6,0
24a63f4d-56a9-31da-936f-57fa91a6e0e0,371948e4-733a-33b6-a835-68abefdeb59f,Roxanna261 Gleichner915,F,GENERAL PRACTICE,197 ADAMS RD,WILLIAMSTOWN,MA,012672930,42.704126099999996,-73.19043030392987,86,0
36741ca6-99cf-31c1-b9b6-115298623f4d,744bdf85-6223-367c-b1ab-e8c8e0a5eb28,Stella203 Hammes673,F,GENERAL PRACTICE,2 REEDSDALE RD,MILTON,MA,021863800,42.258080449999994,-71.08070895097364,59,0
0f7cc310-0329-3d91-8a78-8e0e3feb339e,b7b02632-03e1-330a-aa40-fdee22899633,Rob341 Cormier289,M,GENERAL PRACTICE,840 HARRISON AVE,ROXBURY,MA,021203432,42.3279605,-71.0830607,68,0
07788d4a-8f8d-3880-80ba-51bbe4881e41,679a8e99-0f35-3eec-94ed-d8341e9fe33c,Maricruz991 Hahn503,F,GENERAL PRACTICE,140 WEBB STREET,WEYMOUTH,MA,021882736,42.22281125,-70.96226691624932,41,0
9d0d319d-b084-3bd4-b2ba-e02a2535f260,c6907774-d9cd-3408-b554-08b135423b40,Judi176 Stokes453,F,GENERAL PRACTICE,642 BOSTON POST RD,SUDBURY,MA,017763302,42.36142375,-71.44123077142632,1,0
a6c5a8e9-318c-33f0-89cf-7d58738fcc52,089bceb2-0ecb-3650-95e9-e7260248b809,Donny470 Reynolds644,M,GENERAL PRACTICE,50 W MAIN ST,HOPKINTON,MA,017481672,42.22029125,-71.53814854921914,81,0
e1b44ad2-29f3-3166-9202-cdd03bb12df1,63b4f233-fb49-3b1e-a17c-2d572367b131,Tanika746 Baumbach677,F,GENERAL PRACTICE,2222 CENTRE STREET,WEST ROXBURY,MA,021324034,42.27370345,-71.15856364656862,9,0
6648a33f-2d34-3b63-84b6-7d6f415e6ba4,9d283097-e706-3421-8b98-948b1fdadf30,Maryellen651 Jast432,F,GENERAL PRACTICE,42 PROSPECT AVE,WEST SPRINGFIELD,MA,010894510,42.157666846720865,-72.63485704670578,2,0
48d53ad6-e6dc-3c9b-9828-0e78f78b1062,f82ff162-c689-3682-876c-220cf96eb97b,Billy698 Schoen8,M,GENERAL PRACTICE,74 MAIN ST,FRAMINGHAM,MA,017022952,42.2976266,-71.42605348361442,53,0
82572c3f-b7eb-3ecb-ad72-5bc58fdb7ba3,9d989fcf-4ad9-3972-ada3-f275d967781e,Dominic463 Miller503,M,GENERAL PRACTICE,100 TER HEUN DR,SANDWICH,MA,025632377,41.7579043,-70.4968152,1127,0
584c0456-dcef-3933-aeed-5b5ad7abe7ba,92d919ab-8380-3fda-a5f1-838e69b819c1,Velda682 Gutmann970,F,GENERAL PRACTICE,300 TRADECENTER STE 4750,WOBURN,MA,018017420,42.4994143,-71.161659,71,0
08258a18-a49c-370d-9c99-91e8f9e1c54a,87472bc2-7c23-37cc-8355-7f3e88614b6b,Leilani136 Kris249,F,GENERAL PRACTICE,305 MAPLE STREET,EAST LONGMEADOW,MA,010282765,42.059258494749486,-72.53388585052694,7,0
cf3c6916-0082-3d96-b982-7c5cf400edc0,7a5f7ae1-8437-3f5e-b788-5c2ad57f0a0b,Clay913 Mertz280,M,GENERAL PRACTICE,29 ORCHARD ST,SOUTHBRIDGE,MA,015504003,42.076356200000006,-72.04167805,252,0
b86e3a5e-d861-32f6-a126-3eb68660da78,b69bccdc-5ad3-3ded-a018-3cd8f369c9d2,Wendell199 Ziemann98,M,GENERAL PRACTICE,120 S MAIN STREET,CENTERVILLE,MA,026323246,41.649898300000004,-70.34309844876677,128,0
7fc68eda-96f1-3879-970f-2f93cf5a24b7,af3871c3-2098-3051-bcb7-8a919e194a16,Sherwood961 O'Conner199,M,GENERAL PRACTICE,97 LIBBEY PKWY,WEYMOUTH,MA,021893110,42.19322885,-70.94589987654936,26,0
f3e65175-4cd2-3a20-97dc-e4d200cc7dfd,542185c1-943a-30f4-aba0-0efaa92488a4,Luetta803 Rau926,F,GENERAL PRACTICE,142 LAKE ST,ARLINGTON,MA,024764738,42.40328885,-71.15140830652837,122,0
ef4582d9-a5d6-3264-8173-7b89938f4ed0,de32e6d9-848e-35d4-a217-e62eb5e0bc7b,Elise948 Abbott774,F,GENERAL PRACTICE,77 HIGH ST,NEWBURYPORT,MA,019503071,42.8055312,-70.87001791778893,1,0
639df616-6876-3f24-9ff6-bead2060503c,0319f6d9-60a3-36ac-9f26-b782d7997b1c,Roger751 Quitzon246,M,GENERAL PRACTICE,22 MILL ST,ARLINGTON,MA,024764738,42.4177455,-71.1579688,35,0
6ec4e6c2-0c5f-3749-994e-f5290ba7a137,a2cc09de-c1e2-3126-8c09-d49f95225281,Cristi782 Leannon79,F,GENERAL PRACTICE,300 LONGWOOD AVE,WALTHAM,MA,024532741,42.3756401,-71.2358004,574,0
3307a4ef-c8a3-3fc2-8775-84c9a71506fe,175787c9-37d1-308a-9d33-a6ff513ee320,Kendra609 Roob72,F,GENERAL PRACTICE,804 PLEASANT ST,BROCKTON,MA,023013055,42.08723215,-71.05285860302956,1,0
0e58c401-f6ad-319c-a1c2-33e68e315147,9f2f60a6-87a4-3f45-b753-b63b5b7e9993,Raul814 Considine820,M,GENERAL PRACTICE,332 HANOVER STREET,BOSTON,MA,021131901,42.3647421,-71.0536619,468,0
913119f7-e193-32e0-ac75-09029a435d96,44cb1162-a345-3477-8723-c202a3c8cdcd,Jamey282 Graham902,M,GENERAL PRACTICE,73 W MAIN ST,HOPKINTON,MA,017481619,42.21799145,-71.54005509979045,119,0
b1df9a51-310c-305c-bed3-54942bb2690e,c5306a86-09a1-32d9-875a-67ef56e131c0,Earnest658 Gutkowski940,M,GENERAL PRACTICE,242 SUTTON ST,NORTH ANDOVER,MA,018451631,42.70773345,-71.1300651,80,0
0444ef7d-fd46-35c5-ae73-606fdee113f5,ab16be57-62ea-39a5-8f7a-ee1285cf6934,Rogelio17 Gibson10,M,GENERAL PRACTICE,115 MILL ST,PETERSHAM,MA,013669503,42.4865962,-72.1893057,190,0
5691d193-9c56-3af0-860c-46496530aa6b,f341c366-8313-3790-ab26-d8d27b116ff5,Odell776 Greenholt190,F,GENERAL PRACTICE,80 LINCOLN STREET,WALTHAM,MA,024535465,42.39322121170625,-71.24104146434591,232,0
eb391000-5539-30f9-bbcb-9341ecf2231b,0d7ef8ee-4e45-3b40-9f2b-f558dce71574,Douglas31 Kuhlman484,M,GENERAL PRACTICE,200 BOYLSTON ST,CHESTNUT HILL,MA,024672008,42.318869649999996,-71.17524247213663,141,0
8be47347-1754-3b02-a99e-f7db0456c1c4,f312977e-8f41-3816-84cc-e5b12ba36955,Eldora89 Langosh790,F,GENERAL PRACTICE,1153 CENTRE ST,JAMAICA PLAIN,MA,021303446,42.3017598,-71.12855793387442,211,0
2b2377ed-d968-3b06-92cf-c71df0af4566,0519b293-2e92-3eb3-aeef-233da0babc93,Joslyn677 Friesen796,F,GENERAL PRACTICE,40 PARKHURST ROAD,CHELMSFORD,MA,018241511,42.6198215,-71.36189212971482,107,0
aeda9cab-0b12-3016-8fe0-b67a227f2461,5c896155-eb9a-383e-9162-a43ebb7f1cc5,Sammy219 Mayert710,M,GENERAL PRACTICE,400 LINDEN PONDS WAY,HINGHAM,MA,020433784,42.1972249,-70.91712645007524,30,0
0d987a43-a66d-3e7a-a1a2-408c55470fbb,c5403c4f-14d5-3171-9227-a9b8327f3149,Lonnie913 Ferry570,F,GENERAL PRACTICE,52 OLNEY RD,CHICOPEE,MA,010202103,42.1487691,-72.6071119,87,0
e41791e9-03e5-354d-b3c0-3aeb810baf63,a730c5e6-a15f-3e36-8112-8579e507d330,Althea11 Ankunding277,F,GENERAL PRACTICE,28 LORD RD,MARLBOROUGH,MA,017524549,42.34718040987546,-71.57283065352654,234,0
97469a70-282d-3b24-adbd-a10fc65be8b0,4ffc4e4b-9d8d-3c30-ad84-fc9a7209da94,Troy560 Carter549,M,GENERAL PRACTICE,4525 ACUSHNET AVENUE,NEW BEDFORD,MA,027454727,41.74080975,-70.94731021257817,30,0
e360998e-0187-3200-9257-50ff30a855ab,389323ef-b127-3a06-a22d-e24aef033e5d,Eugenio846 Streich926,M,GENERAL PRACTICE,200 PROVIDENCE HWY,DEDHAM,MA,020261881,42.22214545274341,-71.18159060546684,122,0
ed0ad719-3220-332f-84bb-cbd4e574f1aa,bebc1dac-6c42-3225-b0ba-23278cdf2a62,Cherry401 Hackett68,F,GENERAL PRACTICE,464 MAIN STREET,AGAWAM,MA,010011826,42.07695165,-72.62026217030348,69,0
68a4ba0b-4099-336c-a2c2-a8b190bb6037,82248deb-13cc-31b2-8764-0233e159a93a,Lan153 Kemmer137,F,GENERAL PRACTICE,19 DEPOT STREET,ADAMS,MA,012201856,42.623644600000006,-73.11852130252683,142,0
133eff5c-db5d-3d9a-8dc9-193ed1a8f868,5a6fa8a5-90e2-3f70-bb3e-3d9dd7ad2f96,Myrle831 D'Amore443,F,GENERAL PRACTICE,44 NEW LOMBARD RD,CHICOPEE,MA,010204857,42.1678446,-72.54203576723424,10,0
2086542d-e63d-3632-bebe-be9cc31a2fe0,ce4d0501-49eb-396a-bc56-545fdfc624b0,Bea654 Daniel959,F,GENERAL PRACTICE,1 HOSPITAL RD,OAK BLUFFS,MA,025571406,41.46063105,-70.57989080295974,534,0
37f2a7c9-ceae-35b7-b78c-aff19f972c27,70e943de-a18b-3e03-a204-ecca2f01b6d1,Liliana922 Wolf938,F,GENERAL PRACTICE,76 NORTH MAIN STREET,WEST BOYLSTON,MA,015831130,42.393642299999996,-71.79207534741954,54,0
41151bd2-1a29-3487-8d5a-59c7f6d65263,e69e7cbb-8362-30d1-83f2-3a0c492fe2b1,Isaac321 Kub800,M,GENERAL PRACTICE,110 LONG POND RD,PLYMOUTH,MA,023602642,41.9255829,-70.65514326847389,297,0
1d29722d-4a37-3273-9bb1-2dab1e6b5cc0,1ef8d603-bec1-35f5-a830-2a0b919cf47f,Dudley365 Kutch271,M,GENERAL PRACTICE,1801 TURNPIKE STREET,NORTH ANDOVER,MA,018456322,42.6355548,-71.0761760490546,28,0
4a75aa50-bf97-3584-8dd1-1b063be40b19,154cc5db-4906-3411-8aa3-39902c6b3af2,María Eugenia578 Serrano248,F,GENERAL PRACTICE,12 VICTORIA LN,STONEHAM,MA,021802221,42.4916624,-71.10288588889674,34,0
e0d73dff-571f-31fd-b8e8-e08c831da556,d13ac855-c068-3b57-8d65-fc3c90f32558,Dorsey40 Orn563,M,GENERAL PRACTICE,383 SOUTH ORLEANS ROAD,BREWSTER,MA,026312870,41.738964949999996,-70.00124453922743,1,0
4064b533-49e4-3cc1-9f05-001c937f0eef,9e469108-97a0-350a-b6ba-be2a286b3dcc,Tereasa291 Mueller846,F,GENERAL PRACTICE,150 FLANDERS RD,WESTBOROUGH,MA,015811017,42.2770724,-71.5679154706427,7,0
dd7d248e-b196-3ebc-810a-a9b79b6d6631,afc661fd-71d9-3fc3-adf2-3fc3b5e8a140,Leontine92 Schmeler639,F,GENERAL PRACTICE,680 CENTRE ST,RAYNHAM,MA,02767,41.9487118,-71.0731008,1524,0
e40b5765-3071-371e-a0ca-3ff7b30054bb,06cc2462-430f-3322-9c87-7e971125f510,Bryon392 Mann644,M,GENERAL PRACTICE,133 OLD ROAD TO 9 ACRE COR,WESTFORD,MA,018863198,42.5792583,-71.4378411,1199,0
3cfc7730-1cc6-388e-a62c-9d7f76fbef8e,479427f6-9419-3eba-b2c2-b037b4b89493,Karlene380 O'Keefe54,F,GENERAL PRACTICE,180 GEORGE WASHINGTON BLVD,HULL,MA,020453069,42.2630377,-70.8606109,55,0
15d1f0d7-d52e-358e-b98a-114e14d36c8f,0c6e2aac-bd59-351f-a144-b2a6855c50f8,Jamila16 Conroy74,F,GENERAL PRACTICE,319 CONCORD ROAD,WESTON,MA,024931310,42.3828732,-71.3206139,3,0
2be33c78-5de6-3a3a-8277-09d5f0032972,8e1aab52-fc16-3b51-ac7b-30379ebf5630,Sommer719 Durgan499,F,GENERAL PRACTICE,168 INDUSTRIAL DR,NORTHAMPTON,MA,010602379,42.335726,-72.63284732269418,16,0
5d6dd48e-c022-3d2c-af03-bba94efdfd21,b199a8fe-cee9-315b-9bb6-327c5d2d5f3c,Johanne551 Volkman526,F,GENERAL PRACTICE,6 CUSHING PL,CHELMSFORD,MA,018243410,42.59610897959184,-71.35218170408163,14,0
b0dcbf04-181b-33ee-9b2a-816d4e6a5fe7,759de184-595f-3131-ba20-6a412553496d,Laurie826 Pacocha935,F,GENERAL PRACTICE,49 THOMAS PATTEN DR,RANDOLPH,MA,023683901,42.1594587,-71.06112167252701,2,0
950d7b70-e188-34fa-a093-0cd3e4d02cea,4077d432-cd35-3bc6-b48a-17a732573899,Dorotea472 Estévez304,F,GENERAL PRACTICE,142 CANAL ST,SALEM,MA,019704673,42.508501800000005,-70.89659209044149,22,0
b2f9e318-d59d-3eda-b319-7a3a4ae97c00,dfc0bac0-55a9-3f25-b0e3-78f9f586560c,Jae222 Windler79,F,GENERAL PRACTICE,444 STOCKBRIDGE ROAD,GREAT BARRINGTON,MA,012301295,42.22088152406833,-73.34280352682327,37,0
18e07e74-ee9d-3bb2-affa-48a0953b885c,db106514-f254-3402-b6a4-6d210c78c7e2,Morris740 Runolfsdottir785,M,GENERAL PRACTICE,211 FRANKLIN STREET,QUINCY,MA,021697833,42.23691085,-71.00237199954586,39,0
8b6ae746-62a9-3b28-90d5-68ff834c0fd1,ee7fab6f-6438-394f-b1f2-3e452f8f055a,Trey250 Satterfield305,M,GENERAL PRACTICE,75 BRIMBAL AVENUE,BEVERLY,MA,019156009,42.570099299999995,-70.87108224250409,75,0
b2629511-e003-3bbd-9013-e63fc544d03e,79508e39-d0b0-3613-9d54-168f6e1c3a18,Lynwood354 Tromp100,M,GENERAL PRACTICE,200 GROTON ROAD,GROTON,MA,014502056,42.577352149999996,-71.57414587343038,820,0
c6119e6f-873a-3ed6-8961-5430171f2f24,af570aee-a397-372c-8eba-5c2b18662b0f,Tyron580 Runolfsdottir785,M,GENERAL PRACTICE,800 W CUMMINGS PARK STE 2250,WOBURN,MA,018016372,42.4961562,-71.1258904921298,58,0
abb3d7b7-115c-30ff-8ce1-e868a9e451da,e52b37d6-60d6-354d-90f9-6e9f9eb1d209,Lyman173 Kshlerin58,M,GENERAL PRACTICE,289 ELM ST,EVERETT,MA,021495228,42.4152341,-71.0348323,3,0
da095aa9-9441-3817-8f17-fbb8c7996e87,1ce0d1a3-b507-3ad1-afc5-b25bfe48b8dc,Dovie983 Welch179,F,GENERAL PRACTICE,10 PEARL STREET,STOUGHTON,MA,020722364,42.125716800000006,-71.1025481568314,23,0
df06dd99-0e80-33f1-8f47-d471d7a6baa8,922d1031-d968-39c2-b73c-d5a495c39068,Todd315 Steuber698,M,GENERAL PRACTICE,350 LINCOLN ST STE 1102,HINGHAM,MA,020432801,42.248735,-70.9209846,192,0
1569b4f3-0dd0-3616-abc9-0bbf014b2fe0,880fad59-9c38-3a21-a39f-ccc801502ab3,Maurice742 Pollich983,M,GENERAL PRACTICE,799 CONCORD AVENUE,CAMBRIDGE,MA,021381048,42.390849395521705,-71.1556550001627,76,0
c2c0621f-f2e5-3d87-9f9b-3e4924c4a5dd,352f2e3b-0708-3eb4-9f7e-e73a685bf379,Gregg522 Willms744,M,GENERAL PRACTICE,157 UNION ST,SOUTHBOROUGH,MA,017721215,42.3056501,-71.5245087,382,0
5ab02bea-d8a6-3546-b2da-3c07b4c3a1fd,5b142cbe-a07c-3f6e-9780-a563644f66e2,Ross213 Wisozk929,M,GENERAL PRACTICE,73 Huttleton Ave.  Unit 2,Fairhaven,MA,02719,41.6318,-70.8801,47,0
9240be24-190d-3a17-99bf-180f365891ab,34f7bdc0-0550-333e-a53f-5e2af5a6d4ec,Augustine565 Kreiger457,M,GENERAL PRACTICE,212 S MEADOW RD UNIT 5C,PLYMOUTH,MA,023605450,41.9426657,-70.7618592,92,0
aed923d6-e523-3fbd-ab77-32b76acabf0e,ef95a6b4-cf95-32c2-b6e5-0488faaa3ac4,Han309 Walter473,F,GENERAL PRACTICE,259 LOWELL ST,SOMERVILLE,MA,021442666,42.3922293,-71.1061564,36,0
b8b5953f-2f11-31d5-a377-190f5a05eb11,e34d8448-8b98-3f91-9fe7-faeb8a78e1db,Gordon377 Monahan736,M,GENERAL PRACTICE,NEW ENGLAND SINAI HOSPITAL,MILTON,MA,021862377,42.2501425,-71.065573,89,0
76c08db2-9649-366f-a827-d83d28c8a4d0,2164ee72-e9d8-312a-8bf4-a4abc55771b7,Alva958 Ritchie586,M,GENERAL PRACTICE,84 CHAPIN ST,SOUTHBRIDGE,MA,015502408,42.073771750000006,-72.03709326666669,3,0
badc80f2-e206-3ce0-8b79-52aad2c6b42f,a2d45ee8-b930-3169-b612-f602961ad212,Florance664 Leannon79,F,GENERAL PRACTICE,37 MINUTEMAN WAY,SHREWSBURY,MA,015452229,42.288207,-71.73443816915585,337,0
0eb39761-509e-31ad-a35b-e109246aa82f,0fa1cab9-83c1-3c85-b7bc-53d8b922e2f7,Rod343 Frami345,M,GENERAL PRACTICE,115 LINCOLN STREET,WORCESTER,MA,016081216,42.2768165,-71.795274,159,0
df98dc5d-b8c1-3932-85da-7cf164c3f024,817f4acb-0184-3146-9ce0-87197d8f115a,Maynard46 Buckridge80,M,GENERAL PRACTICE,30 NEWCROSSING RD STE 301,READING,MA,01867,42.51809619399502,-71.0959083715027,92,0
fdc203ff-0c99-35f8-b0c9-a6720bfa01cb,4887dc20-9ef6-3cc2-9c56-858388049a50,Kimberlie352 Kertzmann286,F,GENERAL PRACTICE,168 WEST CENTRAL STREET,NATICK,MA,017604122,42.282113100000004,-71.37898579435048,45,0
401b35e3-2094-3416-9a65-9adfb131e6fb,a767ef82-13a7-356f-8fb8-5e8869426bda,Palma671 Willms744,F,GENERAL PRACTICE,3 HARVEST CIR,LINCOLN,MA,017733213,42.44715,-71.319067,3,0
57e3e2cd-33ff-3d99-a722-5cfd85d6b8a3,10ffe7b1-2f94-3f12-9288-679da05a1ec9,Odessa199 Hintz995,F,GENERAL PRACTICE,133 LITTLETON RD,WESTFORD,MA,01886,42.57056335,-71.41736646422413,337,0
635511a9-d30b-390a-8dff-5a7c90044217,4fa643ae-1f58-3c2e-9f33-0ba56345ad10,Trevor374 Williamson769,M,GENERAL PRACTICE,361 MAIN ST,WAREHAM,MA,025712153,41.761384899999996,-70.71911431737183,399,0
a8f423ae-fd37-3d48-abdd-4a88be915aae,e98ef46c-e94c-34bc-9cf5-134d8ddcbac5,Jamey282 Olson653,M,GENERAL PRACTICE,10 EMORY ST,ATTLEBORO,MA,027033002,41.9447388,-71.27972821642685,3,0
b276da80-9578-3d0b-83be-06cd248fc8f8,fa34d205-5ac2-3ba2-80a4-bef345dc57f5,Shawnna218 Daniel959,F,GENERAL PRACTICE,37 BROADWAY,ARLINGTON,MA,024745552,42.408086,-71.135914,2,0
184db772-0361-37e2-909e-bf92559784cf,fb4a08b8-57ee-382b-b3cb-43d94f1bb4c0,Jude172 Hammes673,M,GENERAL PRACTICE,1010 SOUTH MAIN STREET,FALL RIVER,MA,027242855,41.690775450000004,-71.16515282264554,38,0
44ec803b-1a33-356f-aafd-62b1f912c557,2b97893e-dc50-378b-a266-f089b8450329,Magdalena964 Torphy630,F,GENERAL PRACTICE,250 MOUNT VERNON ST,DORCHESTER,MA,021253120,42.3194571,-71.04610844302991,346,0
9debc8a5-c40e-3a6c-ae59-4a03d4299d08,d0894f6b-78d7-338d-82ad-b63de4d40014,Dewayne363 Lemke654,M,GENERAL PRACTICE,330 MOUNT AUBURN STREET,WALTHAM,MA,02452,42.3756401,-71.2358004,115,0
e5fea624-3148-3cd5-98e4-b607e3dc700e,02661a4d-56da-3bfb-8ca0-0ecc77ba9fa6,Maria750 Koepp521,M,GENERAL PRACTICE,30 CAPITAL DR STE A,WEST SPRINGFIELD,MA,010891359,42.13809525,-72.62351832623938,2,0
cbdf1ee7-6061-3bb9-b8e6-63af42166b8f,310d02fb-ba0c-3b5a-9ab3-8d7bb8e7b661,Lorena247 Pacheco179,F,GENERAL PRACTICE,709 WASHINGTON STREET,CANTON,MA,02021,42.1561851,-71.1452049,61,0
13a33689-3068-3b22-8ba6-879873bb0882,3d5fbf38-c781-3e04-8c7e-5a402611b7d4,Vito638 Barton704,M,GENERAL PRACTICE,260 ELM ST,SOMERVILLE,MA,021442951,42.3955992,-71.1227391,843,0
223d67dc-004c-32d8-b324-525eebc3984c,d6b03647-983f-3162-af9e-b12aea026f13,Son314 MacGyver246,M,GENERAL PRACTICE,65 NEWBURYPORT TPKE,NEWBURY,MA,019501199,42.7891081,-70.87774011339009,32,0
aad4cdd4-7e9c-32f9-ad4d-4190d2765b82,f43f97f2-af04-3ed0-a42e-3681718cc9b2,Jacques50 Quigley282,M,GENERAL PRACTICE,725 NORTH ST,PITTSFIELD,MA,012014109,42.4600752,-73.2492795834909,324,0
8de2ff14-3504-3372-a8b3-f622e2564c9b,fd5342f0-10c0-3f48-9c7e-7100a64db139,September423 Abshire638,F,GENERAL PRACTICE,30 PRINCETON BOULEVARD,LOWELL,MA,018512405,42.6353691,-71.3322833,33,0
8cbe2ab2-4f49-32ce-a12d-8b1123838cf9,e119dcbb-0c33-3ec1-bf97-5f477799e5cb,Lamont867 Kerluke267,M,GENERAL PRACTICE,312 MILLBURY AVENUE,MILLBURY,MA,015273622,42.22515325,-71.75735371350069,1,0
0feeccd7-6ca4-3572-af75-e265c634f0b0,03c5769d-b185-35ee-b563-9e651cff95bc,Alina705 Rohan584,F,GENERAL PRACTICE,807 WILBRAHAM RD,SPRINGFIELD,MA,011092067,42.1108434,-72.5341133,1,0
3f63d4e9-abf9-30fe-9f79-44096b2e0124,f202fe9c-c1dd-30d5-805e-6a26904dbbce,Christy428 Fahey393,F,GENERAL PRACTICE,256 GEORGETOWN RD,BOXFORD,MA,019211642,42.697599999999994,-70.98887494259449,13,0
d1f4aee8-29ca-32ab-af09-590dc64fc3c9,9ed61c49-1d0c-3774-b528-d75b50938fe2,Wilmer32 Stoltenberg489,M,GENERAL PRACTICE,110 West Squantum Street,Quincy,MA,02169,42.272617,-71.03133,308,0
ba8b140a-fc43-3d63-9875-cb781b9ee126,7ac466c6-7968-33fd-882c-6d5418f88c8a,Valeri645 Hayes766,F,GENERAL PRACTICE,2 MEETING HOUSE RD,CHELMSFORD,MA,018242700,42.60140085,-71.35097894451894,570,0
f9a5ea44-f052-3ef5-8030-243ba9809a2b,2f67494e-f17e-3248-ba68-3ca42913cca1,Brock407 Bergstrom287,M,GENERAL PRACTICE,184 MAIN STREET,FAIRHAVEN,MA,027193259,41.646106,-70.90865208079187,72,0
74b42bd7-8dd5-3e35-9282-3b61135f2e66,0d19a52f-6f9b-32aa-9aad-6b7027cc668e,Indira327 Mills423,F,GENERAL PRACTICE,7 SANDISFIELD ROAD BOX 216,SANDISFIELD,MA,012559621,42.1131485,-73.1299243,14,0
c7b4b0e3-686e-3858-a7bb-5646d45077b8,326bc5bc-8da8-3337-a76a-7d44202dae3d,Porsche32 Hermiston71,F,GENERAL PRACTICE,184 SWANTON ST,WINCHESTER,MA,018901921,42.4606573,-71.13806547771736,1,0
215c60ba-8728-3b84-8e93-14013d6ffa75,88975fd9-b47e-3af6-af78-c58e1ecf0d5e,Barry322 Feil794,M,GENERAL PRACTICE,115 W SILVER ST,WESTFIELD,MA,010853628,42.1178811,-72.75935246865802,736,0
4d367c04-c330-36c4-96e6-895fd6d71275,15c0c270-968e-3651-8afe-e162149e5e3e,Elias404 Kohler843,M,GENERAL PRACTICE,10 George Street  Gateway Center,Lowell,MA,01852,42.642513,-71.3062,24,0
8252975e-d868-3c7e-be3e-c04b5ad74d0c,46e66051-c061-3c31-b439-1d71df92db1c,Bree992 Denesik803,F,GENERAL PRACTICE,11 NORTH ST,STONEHAM,MA,021801040,42.50329135,-71.10023035268328,1,0
67bdadd0-b0c8-391e-a998-6fa7ab1cc622,52efa2e5-007f-3396-a83a-28ca015f0595,Walton167 Turner526,M,GENERAL PRACTICE,20 N PARK AVE STE 2200A,PLYMOUTH,MA,023604090,41.960434631488596,-70.67007876763536,37,0
4a3b4ad6-daf7-3949-bd9a-8c72f0b8c57d,eb7b9a53-ce15-3de6-85b9-4aa4e3f26bac,Carli641 Witting912,F,GENERAL PRACTICE,194 BOARDMAN ST,HAVERHILL,MA,018306405,42.77171213955692,-71.05879730251671,2,0
7cfe7636-383b-390d-b9fb-0f333701093b,19439108-9835-38fe-8ee2-1226a355cfba,Georgeann302 Kunze215,F,GENERAL PRACTICE,694 WORCESTER RD,WELLESLEY,MA,024822837,42.2964859,-71.2925571,17,0
e004817a-17b7-398d-af83-868714d1389c,ba5db88e-396b-39a6-9a0a-e9791bc709b7,Carmelia328 Olson653,F,GENERAL PRACTICE,80 ANDOVER ST,ANDOVER,MA,018105606,42.6390425,-71.15835003183432,4,0
62023421-c7f1-3f66-aaaf-bbd1fce48034,fd938c9f-a355-3ec7-96f8-516240ea1ba2,Kandi717 Beahan375,F,GENERAL PRACTICE,529 MAIN ST STE 126,PLYMOUTH,MA,023604842,41.7664657,-70.7266525,4,0
5bfc71a7-4ce6-31f1-ba6c-684540498cc0,b5789b71-fc8e-3b7e-9eb2-3fc577943117,Ralph813 Miller503,M,GENERAL PRACTICE,81 RESERVOIR DRIVE,ATHOL,MA,013314901,42.581152349999996,-72.18775715069674,90,0
399dcd1e-1707-3935-aacb-9bd685ec5174,0506a7b9-05cd-32d6-a687-7589e67f8587,Yolanda648 Ramírez776,F,GENERAL PRACTICE,111 HUNTOON MEMORIAL HWY,ROCHDALE,MA,015421305,42.2020225,-71.89891616754682,3,0
098b5ca6-b18d-3ade-998c-bec2b24357bd,edd58f69-ad5f-346b-b1f9-530ccdc895f6,Johnathan55 Padberg411,M,GENERAL PRACTICE,52 CARPENTER ST,ATTLEBORO,MA,027032472,41.9369576,-71.27996091755344,102,0
232319da-c725-30de-8026-648dd321b3ac,94ac48ba-e215-3ab9-ba88-a0b926d29cef,Nerissa37 Hahn503,F,GENERAL PRACTICE,300 WINTHROP STREET,MEDFORD,MA,021552311,42.421527,-71.11834,39,0
2f52f736-e2e0-336a-9c09-3b419207a2df,0334ad53-5d57-384e-a411-63b075139c06,Stephen891 Stamm704,F,GENERAL PRACTICE,66 CENTRAL STREET,EAST BRIDGEWATER,MA,023331913,42.03160525,-70.9572577506426,36,0
7f4f7f6c-9aea-37b9-be54-8bc16367ef19,069b90f9-309b-35e4-b990-d1dbacb962cc,Thomas756 Strosin214,M,GENERAL PRACTICE,36 LOWER WESTFIELD ROAD,HOLYOKE,MA,010402749,42.16975305,-72.63488031242107,152,0
9b50cf5c-9cc3-3cf9-9f45-605093e21afb,b3f4de6b-901d-3856-ba81-35dc48a63d17,Jeana169 Cronin387,F,GENERAL PRACTICE,451 ANDOVER ST STE 205,NORTH ANDOVER,MA,018455079,42.6734518,-71.1268776,80,0
e89ddc6c-ae1e-3dfe-9e72-1ac38cbd2e5b,4ba48ef6-19f2-3177-bfaf-096daaebf26a,Gerald181 Wunsch504,M,GENERAL PRACTICE,275 TURNPIKE ST,BRAINTREE,MA,021845328,42.2064195,-71.005067,51,0
c13c65b4-0a02-3274-b0dc-261229429fe3,aaa0fec8-a112-35c1-81d8-20cba5d2d00e,Colton403 Shields502,M,GENERAL PRACTICE,80 DEACONESS RD,CONCORD,MA,017424168,42.451360756038156,-71.37688541994147,1,0
2cb2e0b9-e208-37ae-80c5-e1cc5a3682ca,e5ce3b83-f5e6-308d-aa64-82539fc2d906,Kyong970 Dach178,F,GENERAL PRACTICE,1842 BEACON ST,BROOKLINE,MA,024451922,42.33728028715071,-71.14536064081996,5,0
c9cea38a-83fa-343d-b596-558e6562b1de,2c2e6afc-9578-3ba5-bb12-eed97d3a823b,Sunni15 Schroeder447,F,GENERAL PRACTICE,405 RIVER ST,MATTAPAN,MA,021262210,42.2699017,-71.09061872585616,6,0
82da4c7f-441e-3d63-b001-f85f8703b26c,f438b8e0-d856-328a-b193-2b014fc4cb97,Karri995 Reinger292,F,GENERAL PRACTICE,981 VARNUM AVENUE,LOWELL,MA,018541913,42.64591185,-71.36487149058269,57,0
23372548-d39c-3cfa-9608-1b5d1bee7a5a,a2047ff6-62f2-34d7-beb9-7e164d989c75,Emma804 Larkin917,F,GENERAL PRACTICE,1200 CENTRE STREET,ROSLINDALE,MA,021311011,42.29768,-71.130463,43,0
b9faac54-6ce0-3718-b1f9-ef42a82a7d9f,936ceb96-2b12-371f-aa68-ee02a9c06f4c,Alan320 Keeling57,M,GENERAL PRACTICE,225 BOSTON ST,LYNN,MA,019043124,42.470497449999996,-70.96003668151566,642,0
a790a429-2d68-356a-84b3-b47ffd72b782,2cea5ce8-beca-3593-ad2d-07b6f273a9d2,Franklyn361 Halvorson124,M,GENERAL PRACTICE,201 S MAIN ST,ATHOL,MA,013312131,42.5913877,-72.24248995154954,40,0
2bc2e35b-7160-3103-b5e5-f464248a0dc0,dfcd78f1-f67e-321d-84e3-f658c482c474,Elmo857 Wisoky380,M,GENERAL PRACTICE,64 WOODLANDS WAY,BREWSTER,MA,026312550,41.737807,-70.0036669,35,0
59eefd3d-31ba-3b79-9d4c-1c934d01ddc0,51759ecf-0948-3f61-b8fc-09dd8f2b90a1,Diego848 Griego535,M,GENERAL PRACTICE,CHRISTIAN HILL ROAD,GREAT BARRINGTON,MA,012301108,42.207865,-73.360405,7,0
a4888a0e-8333-39df-bc74-ae0e30842ead,a855314b-4fb5-37fc-8015-5caa96c928b1,Terrence276 Kiehn525,M,GENERAL PRACTICE,759 CHESTNUT ST,SPRINGFIELD,MA,011991001,42.121522049999996,-72.60300615153007,383,0
b40fe89b-e497-3546-9245-b04e918d3078,48a6d3ab-50ef-349e-8945-2558a78f378e,Junior695 Kuhlman484,M,GENERAL PRACTICE,795 MIDDLE ST,SWANSEA,MA,027774114,41.730919,-71.208117,342,0
62d22dc9-ed4f-37bb-a33e-44511788b4c9,0a8a4b11-d0b8-3cd2-92cd-983de5189cfa,Del587 Nicolas769,M,GENERAL PRACTICE,111 BIRCH STREET,LYNN,MA,019021574,42.47859105,-70.93458444045801,232,0
64e1012d-c431-3a20-b0ce-e2acd0edb560,cabc0f0d-dcca-34a2-bc6b-519ed1cc7f74,Ronald408 Huels583,M,GENERAL PRACTICE,191 MERRIMACK ST STE 712,HAVERHILL,MA,018306199,42.7742236,-71.08181133783422,91,0
cd7afc2f-3266-3c1f-bf96-bceb71508478,d3fe08e0-6fdc-36bc-8f88-c8b7654cdcd8,Randal152 Paucek755,M,GENERAL PRACTICE,545 SW CUTOFF STE 9,WORCESTER,MA,016071766,42.211685200000005,-71.7968399931798,1,0
dc564463-1cf4-3342-824a-2c2ee0fcff74,d94fe085-4c7b-36c9-a255-3f700d402d36,Bertram873 Goyette777,M,GENERAL PRACTICE,430 N CANAL ST,LAWRENCE,MA,018401246,42.70511426530612,-71.16431740816327,42,0
54589f41-9054-3348-9760-16d8ae6ce408,bea92616-0fee-39b9-9a23-42c6fd899f35,Ignacio928 Beier427,M,GENERAL PRACTICE,10 ERLIN TERRACE,TEWKSBURY,MA,018762666,42.61292480142526,-71.24215126690858,4,0
5e0392b5-8b01-314f-b6c8-da897468c8be,335fe080-43f9-3219-84bd-031c4fcfe9d5,Nikki942 Hilll811,F,GENERAL PRACTICE,146 PARK AVE,ARLINGTON,MA,024765829,42.421350950000004,-71.18224816367342,3,0
8d68d9ad-b23e-3453-8601-f5371e736116,7b7ce654-a413-37d1-9d34-97240c0ac580,Liberty95 Kihn564,F,GENERAL PRACTICE,1 WRENTHAM ST,BELLINGHAM,MA,020192532,42.025037350000005,-71.48945118224057,104,0
e6ac20f0-08e6-3a51-aafd-757b67a5c2a2,f3740f1e-3176-3f58-ba4a-f95d8f5b9263,Leslie90 Schneider199,M,GENERAL PRACTICE,75 KNEELAND ST,BOSTON,MA,021111901,42.350222,-71.060605,36,0
3fe2eabe-3c72-3e92-80d7-2268e1385ad7,93bf4a6b-8fb3-3a1e-9be6-4958736f2bfb,Dee580 Trantow673,F,GENERAL PRACTICE,1102 WASHINGTON ST,BRAINTREE,MA,021845438,42.19876545530798,-71.00672788298964,2,0
ae5bc5a6-3f0e-3b47-824b-769a520b9c0a,548e7abd-14d4-3c28-aa82-790240af9e02,Catherina275 Schulist381,F,GENERAL PRACTICE,1 BATHOL ST,WAKEFIELD,MA,018803655,42.474535700000004,-71.07390865583827,6,0
c1d03825-d933-38af-89df-bcc33f2453a9,95b01a7c-e16a-37d4-b354-c404baa00203,Saturnina961 Gibson10,F,GENERAL PRACTICE,290 SOUTH STREET,PITTSFIELD,MA,012016824,42.440485002637104,-73.25677853480586,16,0
596ccc2e-682a-30f1-81b2-54fa3a9fbad4,929528f5-8239-36c7-aacb-39424ede9cc5,Enola75 Schinner682,F,GENERAL PRACTICE,40 SUNSET AVENUE,LENOX,MA,012402018,42.35951405,-73.28778674276077,15,0
50061f11-589e-339b-acf2-4a0f612ce4b9,7b20d1c4-c56b-3647-801c-5e4e13679073,Riley817 Prohaska837,M,GENERAL PRACTICE,275 SANDWICH ST,PLYMOUTH,MA,023602183,41.94186605,-70.6455366462985,1046,0
2a2778d9-b3d7-3115-8e32-38caac16d691,c4cb65c1-a5a6-35ec-b6a2-1b85cfe1f7d5,Valeria950 Davis923,F,GENERAL PRACTICE,1501 MAIN ST STE 32,WORCESTER,MA,016091929,42.2445041,-71.93007527375329,10,0
5fc75e81-0deb-3a97-81eb-fd70032ff208,880c8804-deb0-35b0-9132-06950118b8b3,Sherron201 Flatley871,F,GENERAL PRACTICE,150 LINCOLN STREET,NEEDHAM,MA,024922914,42.2743931,-71.23662905222776,13,0
f337b2ec-a46e-3712-83eb-732c2c781b09,df852cb2-9fe0-3c90-87ac-46e5f980ee3b,Claudie965 Koch169,F,GENERAL PRACTICE,3 PATTERSON ROAD  SUITE 3,SHIRLEY,MA,014642907,42.552462649999995,-71.62383665745185,21,0
58672901-e36d-3fb1-b3fe-6212b6d5ff3c,281525ef-5743-34a8-9339-66c8b4be6668,Dane516 Crona259,M,GENERAL PRACTICE,555 PLANTATION STREET,WORCESTER,MA,016052376,42.2907683,-71.7649752,68,0
02db700b-a98a-3b16-8ed7-4afcac5aa077,2399f9b0-28d7-3355-ae52-474326a3b021,Viki353 Boehm581,F,GENERAL PRACTICE,23 N ASHLAND ST,WORCESTER,MA,016093041,42.26901755,-71.80739730766234,19,0
211c913f-80a1-3364-b78b-8623df67b66f,fc22de59-ee81-3c32-98c4-911b8d416110,Teodoro374 Mosciski958,M,GENERAL PRACTICE,27 GEORGE ST,ATTLEBORO,MA,027033105,41.9404181,-71.27282167023935,3,0
99197376-edac-3266-8efc-15e309868185,3e97ce4f-3ad7-3cea-883f-e2bb4ca89d83,Fidel864 Swift555,M,GENERAL PRACTICE,30 NEW CROSSING RD,READING,MA,018673270,42.51809619399502,-71.0959083715027,531,0
f0a60983-0330-327f-adcb-03ad40a86480,e982819a-87b3-3124-a0f2-85f8afcc7731,Alfred550 Goldner995,M,GENERAL PRACTICE,140 COMMONWEALTH AVE STE 202,DANVERS,MA,019233625,42.5524742,-70.94443165548033,37,0
d2962c6d-d7f0-3cea-89b2-15311a99b150,c60fc3df-9dbd-3f31-a456-41c84490266f,Booker670 Johnson679,M,GENERAL PRACTICE,146 MAC ARTHUR BOULEVARD,BOURNE,MA,025323902,41.7412166,-70.5989196,31,0
e7217e3c-f333-399a-a55f-53872186a255,46daa26f-fda5-38a9-9c45-fda430d28fa6,Trenton748 Bernier607,M,GENERAL PRACTICE,25 RAILROAD SQUARE  SUITE 501,HAVERHILL,MA,018325721,42.7736752,-71.08561759491305,61,0
6cbfbce4-91d4-3312-b073-020f1781e713,c0132cf6-1703-3aad-89b4-cc2f2bbc123e,Neville893 Schoen8,M,GENERAL PRACTICE,66 NEWTON STREET,WALTHAM,MA,024536058,42.3746705,-71.22789736306842,44,0
e52f0997-93d5-3632-bd36-c3b3f56180fa,d5920b72-ac1a-3ec4-81ca-e3b75cb7aadd,Merrilee429 Daugherty69,F,GENERAL PRACTICE,251 Causeway St.,Boston,MA,02114,42.3665,-71.05931,2035,0
f61c0024-32d1-3016-95e5-8d34ff08adc5,71d9e7fe-5a34-3f11-8edb-f79c482785fe,Phillip440 Kunze215,M,GENERAL PRACTICE,42 CAPE RD,MILFORD,MA,017573292,42.1274477,-71.5195252,115,0
4cb381f7-ac52-306b-ad78-29402322bebd,4f59f709-8b84-3d27-a04b-c6b7b5544413,Natividad796 Davis923,F,GENERAL PRACTICE,70 BOLTWOOD WALK,AMHERST,MA,010022271,42.3768779,-72.51840280783739,311,0
45a118c9-a735-32ff-a4aa-8e8a7875ffa6,c4e5b33c-17b8-3f51-a8ba-a327d54e642a,Alton320 Dibbert990,M,GENERAL PRACTICE,94 N ELM ST,WESTFIELD,MA,010852917,42.1322823,-72.7436679,421,0
16c650d7-0e74-3c04-99b5-cb17d440e63d,36d328a2-68bb-3967-a9bf-00897a7c945f,Jettie913 Rodriguez71,F,GENERAL PRACTICE,299 WAREHAM STREET,MIDDLEBORO,MA,023462905,41.869676,-70.873384,18,0
e5162622-8eef-39ee-9313-7cc0ce367aed,5225cc87-6a30-303c-a882-5f001cee7f0e,Clara183 Zamudio115,F,GENERAL PRACTICE,110 W SQUANTUM ST,QUINCY,MA,021712122,42.27259075,-71.03082765,154,0
807fc1b2-7081-3dc3-8764-c8726a4b5380,6d6ef57e-b2ce-3a69-bacf-4305c51834b0,Lesha323 Skiles927,F,GENERAL PRACTICE,186 HIGHLAND AVE,SOMERVILLE,MA,021431507,42.38845955,-71.10666839512322,5,0
4109dd5d-de47-361a-9b99-4230e608aa8d,a9f0c80c-2cc2-31ea-9ead-d13d373a6fe4,Mohamed943 Hartmann983,M,GENERAL PRACTICE,140 PRESCOTT ST,NORTH ANDOVER,MA,018451826,42.7052468,-71.11780689673651,3,0
85bdbc3b-b528-35bf-9ec1-394bb2d06b05,552ede7f-2ba4-39ef-9217-29d27b89b8a7,Gordon377 Reichert620,M,GENERAL PRACTICE,87 SHATTUCK STREET,HAVERHILL,MA,018302319,42.796917699999995,-71.05216081525802,10,0
fdbc3a90-593b-3f16-8277-d48bb6691dbb,79d49935-bcc0-36ca-920b-45365c367438,Sherita708 Hudson301,F,GENERAL PRACTICE,409 W BROADWAY,SOUTH BOSTON,MA,021272245,42.336831,-71.047958,345,0
91db0520-b8fb-3e92-9e3f-a34dc0025808,0f2c58ec-5323-3c0f-9bdf-af0df7eb2a2b,Mana631 Boehm581,F,GENERAL PRACTICE,130 DORCHESTER STREET,SOUTH BOSTON,MA,021272642,42.3334312,-71.0494949,85,0
9432bb09-33f4-324c-89b7-620d15ee8868,666c3e81-2ec6-3bff-9dcc-a704edd86960,Cassi819 McClure239,F,GENERAL PRACTICE,770 CONVERSE STREET,LONGMEADOW,MA,011061719,42.0639853,-72.5521444,95,0
ab827b81-8741-3aa5-ad02-0939523898d7,680532c8-2661-3b39-875a-b6ec0746ccf5,Jolyn4 Dach178,F,GENERAL PRACTICE,30 ATHOL ST,ALLSTON,MA,021341124,42.36075595,-71.13397379082869,163,0
bb257d75-4d07-36c8-b4f6-08c6b77fdcef,cc400ddc-c38d-3604-8d89-cea21555719f,Fritz267 Kirlin939,M,GENERAL PRACTICE,87 CHESTNUT ST,NATICK,MA,017603644,42.293559188306446,-71.35158050924959,147,0
9f3473a0-9fb7-3787-91f7-8bb3365d7557,51370692-6296-3150-8672-559fc73f964f,Almeda560 Okuneva707,F,GENERAL PRACTICE,75 FRANCIS ST,WEST BRIDGEWATER,MA,023791542,42.0219112,-71.019004,2289,0
bc43d400-c3ad-38b7-aa83-f725dd2345e4,10dcd91e-6eda-385b-bafb-d5e1ae92dc34,Adolfo777 Abernathy524,M,GENERAL PRACTICE,677 W MAIN ST,HYANNIS,MA,026013493,41.652312699999996,-70.32027525205335,83,0
ea2b4745-bbac-30ff-95de-5c77d6aa1494,362cc3af-dcb0-31d0-a2be-a5ba9d016aeb,Muriel394 Tromp100,F,GENERAL PRACTICE,629 SALISBURY ST,WORCESTER,MA,016091121,42.2932691,-71.8390048,2,0
eab1ee96-2d08-3c68-a33a-87644d265e22,cdc87240-38e9-36f8-959b-706642e01e11,Chun678 Armstrong51,F,GENERAL PRACTICE,243 CHARLES ST,STONEHAM,MA,021803559,42.4814675,-71.0924311,1270,0
a65a4fd1-9767-39b1-b144-b9c0fbd7213c,c6b019eb-28ec-36f6-abf3-bcc4d1d58966,Maren639 Aufderhar910,F,GENERAL PRACTICE,33 AVON ST,WAKEFIELD,MA,018802310,42.50403445,-71.07462951514611,348,0
b573764d-0d93-33e1-9221-86e78c7b81c5,b5b380d2-df21-3389-abf0-08551c7e1f2d,Rueben647 Friesen796,M,GENERAL PRACTICE,85 PATTON RD,DEVENS,MA,014344401,42.5304204,-71.61505519305638,505,0
46f3bc10-dedb-35e7-a1c3-000b9aebfcad,31e00f85-6909-3d9f-afc6-5ae507ab0c06,Josephine273 Collier206,F,GENERAL PRACTICE,382 GROVE STREET,BRAINTREE,MA,021847324,42.189369400000004,-70.98451984814267,120,0
51ad534b-76a7-3184-93c1-996464e51c3c,dd8f40be-2c90-347a-abf6-c07a5ad4148f,Harold594 Bashirian201,M,GENERAL PRACTICE,105 CHESTNUT ST,NEEDHAM,MA,024922520,42.2784618,-71.23770041644639,16,0
0b1982fd-2b6e-35eb-9e00-ac8026ff385d,7f2ffa4e-e192-3b51-b5ca-81bbf077f160,Zaida719 Krajcik437,F,GENERAL PRACTICE,601 SHERMAN ST,CANTON,MA,020212025,42.1635341,-71.15024107129324,1,0
f333d9c9-951b-3279-9a8d-8fe87a6c0edd,06376cbe-4880-384b-b459-7ce3eef36ced,Cody889 Ratke343,F,GENERAL PRACTICE,387 QUARRY ST,FALL RIVER,MA,027231026,41.6932713,-71.1402431739568,267,0
3fc56542-0f11-31e9-8438-9eddd93b5ad3,b3312a2d-37e9-35a8-b50d-6c165c437baa,Eliseo499 Reinger292,M,GENERAL PRACTICE,45 DIMOCK ST,ROXBURY,MA,021191029,42.32030665,-71.09721114916246,102,0
eef1a49f-536c-3aec-8396-946646c3d4c0,6afea80b-1e56-3487-a326-f4a979f92c28,Vita624 Tillman293,F,GENERAL PRACTICE,34 BATES RD,MASHPEE,MA,026493280,41.61929295,-70.49056908851608,99,0
6f50e120-602d-36f9-b886-8d97f56e7f4f,b6717471-7f78-32c4-b1c5-e3a6310553d7,Noe500 Roob72,M,GENERAL PRACTICE,15 RAILROAD AVE,TOPSFIELD,MA,01983,42.6375935,-70.9494966,273,0
35b47051-9bc4-3f15-8eb6-5a35dfc30e31,2836d9ac-c6a6-39d1-8f13-fdf0fc8928f4,Carlton317 Koch169,M,GENERAL PRACTICE,365 EAST ST,TEWKSBURY,MA,018761950,42.6069472,-71.2180803,3319,0
eed9ec16-7f5f-3b20-95da-d93da7e39ee9,a2f8d8fe-665e-390f-8b9b-efdc0b14a77c,Pearlene638 Towne435,F,GENERAL PRACTICE,161 JACKSON ST,LOWELL,MA,018522103,42.6425382,-71.3093946,131,0
fc645b56-d5f6-3906-bce1-647743a89611,7dddc0c2-9f1d-3e4e-b2f2-fc7e6abbed31,Genevie117 Gibson10,F,GENERAL PRACTICE,160 MERRIMACK STREET  SUITE 1,METHUEN,MA,018446117,42.7334079,-71.13599310716302,33,0
9c12cdf3-ed3a-3c25-a841-88f51cc8f129,82c72223-f521-3a34-9b9b-4ff366365399,Margaret865 Reinger292,F,GENERAL PRACTICE,2100 DORCHESTER AVENUE,QUINCY,MA,021691870,42.2509914,-71.0037374,1338,0
793b09f6-0ea3-324c-8a79-74b29bc246be,470e2fc6-33df-31c6-a448-ac918dcc19d9,Andreas188 Swaniawski813,M,GENERAL PRACTICE,34 MAIN ST,HAMPDEN,MA,010369642,42.1226047,-72.2062130792683,2,0
8e36684e-5cbc-3665-8e0a-8054fb0cc9bf,a2e970fd-d145-3b38-ad04-14fc0c054c14,Rosanne862 Klocko335,F,GENERAL PRACTICE,89 NEWBURY STREET,DANVERS,MA,019231408,42.5649782,-70.97486650013562,7,0
09ec42e4-40cf-3425-9ea7-8413a09e186d,b1cbaecc-a62b-3f8f-8791-e090f947a41c,Lizabeth515 Bergstrom287,F,GENERAL PRACTICE,150 BERKELEY STREET,LAWRENCE,MA,018411224,42.72074925,-71.16392537985021,1,0
b43337b6-a1e2-3f24-9cd1-c0263dd25bd3,15e26ce3-9006-3ce2-9327-493180a15ec1,Luvenia178 Breitenberg711,F,GENERAL PRACTICE,6 GROVE ST,NORWELL,MA,020611534,42.172231693916025,-70.87836493029226,46,0
7981c21b-d30d-3d79-9596-bc23562d7abb,b5e6f1bd-c744-3556-9775-5ff8399eea33,Whitney250 Wiza601,M,GENERAL PRACTICE,2284 MAIN ST,CONCORD,MA,017423829,42.44300895,-71.42458458423982,258,0
d2c4cd93-cf59-3397-9cdf-ad7a468adaa2,7c625dc4-2593-31eb-95fd-6a912832b8bb,Ronny764 Braun514,M,GENERAL PRACTICE,980 WASHINGTON STREET  SUITE 124,DEDHAM,MA,020266704,42.228918,-71.18501264023513,19,0
9549361f-1f7f-3239-b1a8-70421b361f04,04b252db-4231-3cb5-963d-6f096fb4b97c,José3 Menéndez746,M,GENERAL PRACTICE,1177 PROVIDENCE HIGHWAY,NORWOOD,MA,020625019,42.194543,-71.1994976,103,0
3adea788-60a9-35a6-876c-8575adf653d4,83579123-f29c-39b8-9f5f-8f79e91683c7,Reggie481 Kassulke119,M,GENERAL PRACTICE,100 CENTURY DR,WORCESTER,MA,016061244,42.3138278,-71.7707002,384,0
5b1bd488-40d5-34e4-bab3-2a78b6ad0599,a94f4f6e-88ad-39ff-a935-dc87f13327b1,Gerardo48 Pineda243,M,GENERAL PRACTICE,370 WEST STREET,LEOMINSTER,MA,014532073,42.535877150000005,-71.77537115047085,6,0
cfaa2d6e-c41a-3fac-82eb-055baeddc8ab,94f6a3ae-7d8d-3cbc-a788-e400732da7e5,Malcolm243 Kuvalis369,M,GENERAL PRACTICE,450 WEST RIVER ST,ORANGE,MA,013649603,42.5928702,-72.32953998953418,41,0
451ae23c-73b1-30bf-b90d-1e4a5d79273b,4bde4cbc-55f7-3501-90eb-2c88178c7be1,Mireya881 Nikolaus26,F,GENERAL PRACTICE,50 MEMORIAL DR,LEOMINSTER,MA,014532238,42.541995,-71.7628835,29,0
08d5058f-2c6f-3d02-a1c7-916cfd1c48d3,adf66683-c158-3efa-8e6c-7b2a273aa4ba,Eden920 Lebsack687,F,GENERAL PRACTICE,15 MILL ST,MARION,MA,027381546,41.71414569747417,-70.7725958636297,2,0
35e356cf-9046-3159-b79a-1ebb19428531,e2eab39c-5195-34aa-b35f-e89e37cfed01,Miguel815 Roberts511,M,GENERAL PRACTICE,55 FOGG ROAD,WEYMOUTH,MA,021893141,42.175539799999996,-70.9539153674405,1455,0
697fe0ee-aab7-3e4a-bc80-2c9b8c2f8b59,5d3c5e35-75da-3ec1-98d9-6f83dc4a80a6,Brad867 Herman763,M,GENERAL PRACTICE,313 BOSTON POST RD W,MARLBOROUGH,MA,017524634,42.3371035,-71.59501277803298,6,0
e0b5e765-2264-3dd0-b1fe-57bee334f7cc,4fa8411f-42f8-3353-8947-bf15254c9dee,Lane844 Gutmann970,F,GENERAL PRACTICE,90 GREENWOOD STREET,WAKEFIELD,MA,018804039,42.476321150000004,-71.06922169005762,215,0
683bf072-5fa1-3a7d-814f-6eb2e309ffaa,21989e2e-249c-3b79-acf0-240211e16b4b,Hung902 Ullrich385,M,GENERAL PRACTICE,1290 TREMONT ST,ROXBURY,MA,021203432,42.3327398,-71.09194864251029,129,0
7152fa0d-23f3-3069-96a6-1328e88af435,a977feef-f585-3fa8-8deb-7e60fc2cab30,Keneth579 Schulist381,M,GENERAL PRACTICE,2314 MAIN STREET,TEWKSBURY,MA,018763128,42.58023655,-71.19367180835906,64,0
d483133d-3eb0-3dbf-9d88-84a3b0d55e2d,b411fd60-9bd5-30f1-99b4-c24a409964a1,Hilario934 Schumm995,M,GENERAL PRACTICE,42 ASBURY ST,SOUTH HAMILTON,MA,019821808,42.61322825,-70.87300675048934,76,0
99fd34c1-0a0c-3fd4-9a2f-98cfc2281af8,73158a24-c079-3fb1-800a-2d7e26d9c566,Kortney212 Wehner319,F,GENERAL PRACTICE,6 ESSEX CENTER DR,PEABODY,MA,019602907,42.539944,-70.950156,15,0
4acd1473-f0bb-3fef-b109-eb9c1b91fb62,22b57e3f-4143-33e6-abb9-e6ff074f1c46,Jeraldine574 Hintz995,F,GENERAL PRACTICE,750 WOBURN STREET,WILMINGTON,MA,018873480,42.5346051,-71.14953004087923,3,0
f3191104-adcf-3ab4-8cec-5ead96602680,1de7e7d9-9a7a-3a3f-bf4c-b4de450711f2,Clelia416 Morissette863,F,GENERAL PRACTICE,198 LITTLETON RD,WESTFORD,MA,018863429,42.564282,-71.42620615382347,83,0
a68aa89f-ab3c-3cf5-af2c-bfc7b81309b1,940d491c-ad61-3bd3-9054-d6d884280934,Morton637 Huels583,M,GENERAL PRACTICE,321 CENTRE STREET,DORCHESTER,MA,021221112,42.29394375,-71.06005213312326,3,0
f4b81a01-0015-3a45-914b-e7a81ee9f287,68503514-203a-3202-ac09-ea411c96caec,Mellissa304 Kovacek682,F,GENERAL PRACTICE,309 TEATICKET HWY,TEATICKET,MA,025365625,41.568302200000005,-70.59404025373951,59,0
22d9f910-5dca-30a9-a4a3-daed133f900f,f52777bd-7313-3b27-8dd5-cd3f87bd3275,Larraine124 Torphy630,F,GENERAL PRACTICE,9 HOPE AVE,WESTWOOD,MA,020902914,42.2139873,-71.2244987,123,0
7b888ffb-092e-3dfa-b611-a637466a212e,df3f566c-97e5-31ed-b0fe-4b452666f736,Sandie760 Rodriguez71,F,GENERAL PRACTICE,300 CHESTNUT ST,NEEDHAM,MA,024922477,42.27522125,-71.23743483674366,151,0
1ff03caa-63af-355b-921e-473e90f28ec7,05cc5056-7af4-3afb-9a5a-d7a1c23a2509,Lauryn321 Lehner980,F,GENERAL PRACTICE,2069 ROOSEVELT AVENUE,WEST SPRINGFIELD,MA,010892595,42.105237,-72.6213712,48,0
7a89e8e3-623a-3f15-af5e-d9cd5b835ea2,4705a8fd-19cd-32c1-8b3e-34bcfe84d0bd,Jimmie93 Mayert710,M,GENERAL PRACTICE,55 N WASHINGTON ST,NORTH ATTLEBORO,MA,027601607,41.983529,-71.332241,437,0
11b8eef9-c2ff-3e9f-a542-5d4598742ef6,f5ccbb53-e4a0-32e5-a693-02150497a8f4,Tyrone215 Huels583,M,GENERAL PRACTICE,100 HIGHLAND ST,MILTON,MA,021863881,42.250705749999995,-71.07724199194602,43,0
66c97aa5-3bc9-3948-a1ae-e44b8b155c3b,497f39dd-280e-3d58-af5b-c5e3a3a09b10,Arden380 Bergstrom287,M,GENERAL PRACTICE,27 PARK ST,HYANNIS,MA,026015230,41.65363635,-70.27352219234834,3092,0
0f5a1dab-5bb8-3bd0-9d57-71f918ee110e,f2a6c4f7-f5b2-361a-95c4-3d635b352a46,Dusty207 Lynch190,F,GENERAL PRACTICE,546 SOUTH STREET EAST,RAYNHAM,MA,027671079,41.8984957,-71.03751432894776,48,0
0ce418a5-709e-3df9-abd6-a9ec4b9b9508,54937333-e7d6-3b48-a8dd-cf60aa38d206,Sandee884 Durgan499,F,GENERAL PRACTICE,11 MCGRATH HIGHWAY,QUINCY,MA,021695311,42.2492941,-70.99830205267904,12,0
fa234915-8676-3fc7-ab1d-adcd330e8872,b0762027-dc86-335b-8310-f4f031c1caca,Elijah719 Swift555,M,GENERAL PRACTICE,765 WEST CENTER STREET,WEST BRIDGEWATER,MA,023791517,42.01302315,-71.05345585281756,12,0
47ae64e6-70d0-3e6c-b705-4539a47d401f,eaaf102d-0188-3a69-a751-030645e2a7b0,Errol226 Kiehn525,M,GENERAL PRACTICE,605 MAIN STREET,WAREHAM,MA,025711031,41.76766153042966,-70.73096212925822,19,0
9fa08151-de40-3cda-9955-b58bae2ecb2c,5608c6ae-1f1d-368e-8172-aea4d9d2aefd,Jonathan639 Sporer811,M,GENERAL PRACTICE,12 KENT WAY STE 210,BYFIELD,MA,019221221,42.75468625,-70.9451078257969,3,0
51bc32a0-bd78-338d-afd1-19c15fb28459,0d7fd824-1c7b-3f8b-a662-f6c2005e82e1,Lyndon118 Trantow673,M,GENERAL PRACTICE,88 MASONIC HOME ROAD,CHARLTON,MA,015071394,42.1389039,-71.9782681,117,0
72c3db8d-c137-34f6-abda-7e284b8450ce,ed0c5b98-dc8a-3fc9-9856-61f1a1c75b11,Werner409 Gerhold939,M,GENERAL PRACTICE,40 JULIO DR,SHREWSBURY,MA,015453010,42.29191827853838,-71.70343631978118,2,0
6d265009-031c-3ca4-b8e1-99ab44220337,a525d084-5a8f-3859-a048-2130a4092ec8,Linette249 Runte676,F,GENERAL PRACTICE,2 MOUNT ROYAL AVENUE  SUITE 350,MARLBOROUGH,MA,017521976,42.34042135,-71.57841367654626,27,0
e91dcf62-0c91-3a6a-9cc4-34f6e4c322e0,accb8cdd-6560-3fef-b0a6-f12c3295026a,Kerrie266 Bergstrom287,F,GENERAL PRACTICE,969 PARK STREET,ATTLEBORO,MA,027035115,41.9266899,-71.2611303145582,110,0
1577d647-e0eb-39d8-b74f-16b6bea94806,792f1ce2-3420-3f91-bd8c-ce680ef4c5d2,Sunshine777 Leannon79,F,GENERAL PRACTICE,309 DRIFTWAY,SCITUATE,MA,020661905,42.1766448,-70.74318482072749,4,0
e9d62e1c-34bc-3ba9-8970-c8d689d54b40,6618f4ef-656a-347f-b61e-ed4d6c21763a,Laura391 Zamudio115,F,GENERAL PRACTICE,231 SUTTON ST STE 1A,NORTH ANDOVER,MA,018451620,42.70554405,-71.12856345,31,0
b33fbf27-b801-319b-a696-88ca5a2293d8,83445caa-116b-3a1e-a75e-8104d321c4c3,Peter292 Crona259,M,GENERAL PRACTICE,315 MAIN ST STE 101,NORTH READING,MA,018641326,42.596733799999996,-71.11988300141903,138,0
cff96662-cc08-316f-be11-09cedf3a1e7f,7445ae34-b648-3d3a-b8cf-0eb630061b6e,Brenton674 Pagac496,M,GENERAL PRACTICE,34 CEDAR ST STE 4,WEST ROXBURY,MA,021324338,42.2792649,-71.1494972,2,0
f133ab64-e400-32f4-9f0a-347fdce82e7e,390a2aa4-70b4-3a64-a12f-9bd777834c8d,Hunter736 Howe413,M,GENERAL PRACTICE,710 MAIN STREET,HARWICH PORT,MA,026461931,41.669654699920855,-70.06169919459835,31,0
d7023919-1662-3f1a-ae54-e9ea6c03ce9b,2f945458-15b3-3b37-88f9-15c877c07989,Shanna635 Treutel973,F,GENERAL PRACTICE,12 WINTERBERRY HILL LN,MIDDLEBORO,MA,023461076,41.92111275,-70.98084417612286,29,0
50243081-b8d9-32f6-9e24-69cc6ab68548,d0e8679a-02c2-31bb-9d6f-4073835a6b1e,Ian270 Flatley871,M,GENERAL PRACTICE,259 NORWOOD ST,SHARON,MA,020671099,42.142070399999994,-71.19701120843712,3,0
f3dc69f1-06d5-3f9a-94bb-9fe2813fddb9,18a96051-91f4-3cba-af96-056ea14dfee0,Silva841 Grimes165,F,GENERAL PRACTICE,25 HIGHLAND AVENUE,NEWBURYPORT,MA,019503872,42.81369325,-70.89091645747592,739,0
09116c67-9663-33b3-9cd3-cfc273004c6b,c5d5a544-0277-342f-8422-d30848a82438,Homero668 Lara964,M,GENERAL PRACTICE,151 ROCK ST,FALL RIVER,MA,027203201,41.70365955,-71.15259151299796,13,0
292a02e9-ea31-3111-963b-72e75dc3b26f,c2e93fb4-abf2-3210-b6ec-4d1ecb2b76f0,Kyle55 Halvorson124,M,GENERAL PRACTICE,62 BROWN ST,HAVERHILL,MA,01830,42.76512700000001,-71.04617174286321,64,0
59f93019-5409-39f2-883d-68a711636285,1ab2b5f9-cb95-3236-beec-9b9d4a407c61,Carroll471 Eichmann909,M,GENERAL PRACTICE,725 NORTH ST,PITTSFIELD,MA,012014109,42.4600752,-73.2492795834909,998,0
380e43ee-1e19-3901-a65c-fff068ab4c5c,07ae483b-b351-3add-8b05-afba832b88ea,Lanette41 Murray856,F,GENERAL PRACTICE,5 REDLANDS ROAD,WEST ROXBURY,MA,021321506,42.2879347,-71.15108161583282,47,0
f792cada-2872-3382-a0d1-857fe81e201d,ec509895-6196-36d1-b91e-272bed7e6196,Anita473 Araña824,F,GENERAL PRACTICE,40 ARMINGTON ST,ALLSTON,MA,021342406,42.3521617,-71.1375176,75,0
9a03528d-21df-3e82-9d92-e34d070d24da,4f27686f-c8aa-3dd8-b272-f98bb903b3d7,Keila316 Walker122,F,GENERAL PRACTICE,1044 PARK ST,STOUGHTON,MA,020723762,42.10978265,-71.07043286195213,2,0
1876168b-6217-31b1-941e-1cc154281f17,a43fd704-ddbc-3f63-b3a0-e97c5d42ab5e,Alysia661 Bogan287,F,GENERAL PRACTICE,447 HILL ST,WHITINSVILLE,MA,015881016,42.1216837,-71.6715608,4,0
98701abc-fc4b-3b68-b4c2-68ffd4ac4dfc,1bed5229-19d7-3168-94a2-f1f2abb00270,Nilsa143 Moore224,F,GENERAL PRACTICE,88 WASHINGTON ST,TAUNTON,MA,027802465,41.9062805,-71.09518121351795,1,0
4f7a69fa-d63e-3338-b927-f0e41f992b54,41e2a44c-477c-3511-96f9-12c476aa3b6a,Antwan357 Lindgren255,M,GENERAL PRACTICE,85 E NEWTON ST,BOSTON,MA,021183553,42.336277100000004,-71.07085295687423,800,0
b523c582-381f-3644-9c68-03e67c33eb02,f00601d0-d49e-30ed-bc3e-314379f2103e,Mitsue965 White193,F,GENERAL PRACTICE,490 MAIN ST,MELROSE,MA,021763841,42.4550741,-71.0654799,380,0
7d2f78f9-78d0-30b2-9f9b-f1d71ffd6c0f,6df069d9-5273-32df-bee8-b6a5a20c2ece,Tamala194 Fahey393,F,GENERAL PRACTICE,474 West Main Street,Hyannis,MA,02601,41.650307,-70.313515,36,0
81717545-0e17-365b-9dd1-20724f4d2b82,9d41e4fc-9507-3ddb-82ad-966046fca031,Cleo27 Lehner980,M,GENERAL PRACTICE,104 RANDOLPH ROAD,WORCESTER,MA,016062465,42.29955605000001,-71.79838133819244,41,0
ed2c8242-af5a-38f2-9d36-d7d6df8ddcf9,71a1e089-024e-3255-a536-9204586fa4fc,Millard193 Doyle959,M,GENERAL PRACTICE,1 GORHAM IS,WEST YARMOUTH,MA,026733200,41.6501114,-70.2411312,3,0
0c7c5576-c8f8-39f7-ba62-6ac0a94332e7,5b0cd0a0-f277-3a66-bee6-d64b5be4a3f5,Maryann106 Hintz995,F,GENERAL PRACTICE,725 NORTH ST,PITTSFIELD,MA,012015493,42.4600752,-73.2492795834909,298,0
917c7a73-a352-3114-a669-1f605e3011c5,edbb9e9c-3440-3b38-abfc-83a8f0b6bebc,Malik994 Huels583,M,GENERAL PRACTICE,273 OAK GROVE AVE,FALL RIVER,MA,027232315,41.70179473202871,-71.13310371798859,1,0
aa25c140-eb93-356e-ae99-3653a977f29b,c8c30d67-e7cc-30ab-972d-28e97aff18a7,Jackie93 Emmerich580,M,GENERAL PRACTICE,100A WARREN ST,BOSTON,MA,021242012,42.3279429,-71.0831806,29,0
1ba10495-aabc-3ab9-b919-5af1920e6d5a,79a06fd6-9f2b-35e3-9b11-0bc5ff89e17c,Lady554 Kovacek682,F,GENERAL PRACTICE,225 Boston Road  Suite 107,Lynn,MA,01904,42.470093,-70.95994,2052,0
ce07b194-aabb-3f92-961e-7510e2188210,0a42bb03-b1a7-347d-82f3-4ba02080e55c,Niesha86 Friesen796,F,GENERAL PRACTICE,332 WASHINGTON STREET,WELLESLEY,MA,024816217,42.310362049999995,-71.27601802190625,34,0
155757d4-c8ba-3fc6-93c5-d85891080274,fbc9efe8-4c66-37e5-9079-2015a5e6dd85,Rolland302 Koelpin146,M,GENERAL PRACTICE,90 TAUNTON ST,WRENTHAM,MA,020931349,42.06277713070037,-71.32544828485624,3,0
47cc23cc-23cf-30a3-9c67-87f67dd04ad7,d2ff60c8-34c8-359e-a9c5-e4f3da28b330,Clyde817 Konopelski743,F,GENERAL PRACTICE,199 Main Street,Gloucester,MA,01930,42.613102,-70.66085,76,0
435b8f21-be6e-3522-a70e-c4ebef3042ec,f5b88e0f-3f0a-3400-b56f-26247e2a35ac,Laci507 O'Keefe54,F,GENERAL PRACTICE,585 LINCOLN ST,WORCESTER,MA,016051906,42.2962766,-71.7688972944814,68,0
534517d3-1245-3bf0-88cf-df6d6718a259,4956f573-3dc2-3a67-9692-2f57451744e6,Kathe603 Davis923,F,GENERAL PRACTICE,400 BOLTON STREET,MARLBOROUGH,MA,017523912,42.35966285,-71.55290125539051,15,0
1a211a33-c789-3d37-8d92-8c4c08f740b0,69195f53-626c-3031-b4de-d0b206f75d8c,Ronni748 Wiegand701,F,GENERAL PRACTICE,174 FOREST HILLS ST,BOSTON,MA,021303353,42.306401050000005,-71.10237442688054,5,0
3d4447e0-81e2-322a-89d0-08b941f93952,b44955d1-f0e2-3beb-a013-708a81dbe430,Idella49 Runte676,F,GENERAL PRACTICE,680 CENTRE ST,WEST BRIDGEWATER,MA,023791600,42.0219112,-71.019004,272,0
72260fde-010a-34bf-b9b1-032b4cf96914,363631be-d437-3548-98c2-d10b909c1721,Monty345 Ferry570,M,GENERAL PRACTICE,50 MANSION DRIVE,ROWLEY,MA,019691026,42.73718535100735,-70.88053187301136,27,0
259aa5c6-e414-370d-bbfc-91c00e94367c,c0e23859-5a95-3aa0-8c3b-0143df64f507,Abraham100 Grant908,M,GENERAL PRACTICE,188 COMMONWEALTH RD,WAYLAND,MA,017785027,42.318727100000004,-71.36211489369597,1,0
f8c3c32c-528e-32f0-a35b-5da470611007,c1986c0c-f756-3596-8f90-08adacf220fe,Miguel Ángel46 Santiago500,M,GENERAL PRACTICE,73 CHESTNUT STREET,SAUGUS,MA,019061605,42.4573919,-70.9918055,178,0
a6ae8e29-613f-360b-bdf0-30fe6857be6a,55938b80-634f-3332-b0e5-ee3dbe66f549,Ivey393 Schuster709,F,GENERAL PRACTICE,235 HANOVER ST STE 105,HYANNIS,MA,026012433,41.6534847,-70.2823732,25,0
acddaeae-2db8-323d-a984-fe6fcc26b54f,ad2dab07-4f85-3950-baaa-7c7cd2aa770c,Gabriel934 Ureña88,M,GENERAL PRACTICE,55 LAKE AVENUE NORTH,WORCESTER,MA,016550002,42.2774799,-71.76166994969458,162,0
2de54f49-8b23-3113-a453-a90eda56cc59,18b1bb7e-2f93-3253-a7ae-d19c13ffeaa1,Patty600 Bashirian201,F,GENERAL PRACTICE,29 E 29TH ST,WEST NEWBURY,MA,019854201,42.8014795,-70.989778,29,0
b8839a6d-2ad6-3fc8-a525-4e315fde5f51,67d2f85b-ddc7-3ed0-b90b-6fa5b7b8358a,Norah104 Jenkins714,F,GENERAL PRACTICE,43 FOUNDRY AVE,WALTHAM,MA,024538313,42.37050535,-71.21908334877376,154,0
984e7081-52da-38ba-972a-c2ea9a684642,514c9360-e5ed-3ba7-ba3c-15b249c097d0,Sid118 Wilkinson796,M,GENERAL PRACTICE,272 WASHINGTON ST,GLOUCESTER,MA,019304818,42.624039100000005,-70.67854005962928,2,0
55b96b8d-eab4-31d8-8ecf-a7871cec0b11,477ba784-027f-3180-be31-33b0ac4d97fa,Reid278 Lind531,M,GENERAL PRACTICE,125 MAIN ST,STONEHAM,MA,021801600,42.4934549,-71.1012197,19,0
049f2ca9-aa5a-3fa7-a431-68ac5e802b33,1d45436f-15a9-326e-a452-2e9ffc9fc5e5,Odilia72 Mraz590,F,GENERAL PRACTICE,75 SPRINGFIELD RD,WESTFIELD,MA,010851832,42.111428849999996,-72.71189899299209,280,0
025fe3bf-fde2-34a0-b6f7-fbb66552c2ab,ce89d7ed-54eb-3eae-881a-15df8e631c47,Silvia880 Howe413,F,GENERAL PRACTICE,36 WILLIAM STREET,LEOMINSTER,MA,014533276,42.5267443,-71.7614891,11,0
6950794c-5de7-3c5e-9f6b-49d169063edb,463101f1-0e37-303d-9796-55c74bdf381f,Luana867 Bayer639,F,GENERAL PRACTICE,58 OLD BAY RD,MILFORD,MA,01757,42.1413353,-71.5192019,39,0
e2446cc8-f149-3bf4-b965-9627a235fc47,0d9b0d22-585e-3fd8-ab02-26b5be7915d1,Cristian531 Balderas66,M,GENERAL PRACTICE,516 CAREW ST,SPRINGFIELD,MA,011042330,42.12133575,-72.59217953646302,645,0
1aef3960-7dbf-3abf-b44f-57fae0a9c45a,e4dbbb2f-5a51-341d-b5a5-dd91b968b217,Elenor843 Gaylord332,F,GENERAL PRACTICE,329 WASHINGTON ST,NORWELL,MA,020611737,42.16319935,-70.86354427737673,1,0
46165380-3672-3993-9228-666779a0c5c0,d3335d07-2a2c-35d7-9b87-c022393b6793,Xavier983 Lubowitz58,M,GENERAL PRACTICE,137 NICHOLS STREET,NORWOOD,MA,020622009,42.1930792,-71.20868232395514,22,0
a41d6e5f-f7f2-3c9b-9959-6241b7869294,0d1570ab-371c-3898-9397-95905d8c5166,Santina680 Dicki44,F,GENERAL PRACTICE,750 WASHINGTON ST,BOSTON,MA,021111552,42.3499038,-71.0631836,1128,0
d886828b-6b3a-371d-93a2-8cc00d6c8456,1853aeef-5897-326a-80d6-aa4b0459eb6d,Jewel43 Kassulke119,M,GENERAL PRACTICE,381 WICKENDEN ST,ATTLEBORO,MA,027032247,41.9438129,-71.2806515,226,0
8c2806e3-cef5-3405-8faa-87df79e4cf99,4b7e26e6-e5b1-38c9-b4ac-fde9a0f93177,Maggie320 Eichmann909,F,GENERAL PRACTICE,38 BROAD STREET,QUINCY,MA,021694604,42.2560352,-70.99469254391217,202,0
996ca02e-bacf-3b0d-86b2-079eceb676bc,93552c27-f173-385f-8849-ee56c25f638b,Song837 Cummerata161,F,GENERAL PRACTICE,359 HIGH ST,GREENFIELD,MA,013012617,42.6033006,-72.58135309677492,10,0
67585659-ae30-344b-b0bc-abe79decf767,f3030ee3-dfa5-3595-b684-9769e52a580a,Carter549 Torp761,M,GENERAL PRACTICE,88 MASONIC HOME ROAD  DAVENPORT BLDG  2ND FL,WEST SPRINGFIELD,MA,010891357,42.105237,-72.6213712,1,0
6dbbf3ab-77b3-3776-8516-88de0bd0964b,94dda4e1-7476-367a-b1f8-37ea7f61a1b7,Julio255 Vargas494,M,GENERAL PRACTICE,145 WARD HILL AVENUE,WESTBOROUGH,MA,015811017,42.2694308,-71.6129907,206,0
46962358-4d6e-30b0-8964-2594fc39434c,01bb7b5c-f850-3c4e-a3f1-442d8273559a,Charley358 Effertz744,M,GENERAL PRACTICE,395 PLEASANT ST,NORTHAMPTON,MA,010603914,42.3150543,-72.62555561349089,8,0
19deee4e-732a-3f3a-a57f-a561fe149274,bdaa3017-130e-34e9-b3ac-ca6d992e8b50,Jesenia223 Bednar518,F,GENERAL PRACTICE,150 WATER STREET,HAVERHILL,MA,018306213,42.77508795,-71.07182802882255,5,0
39fb29a2-1730-384b-9b7e-44661649d0ed,22fa6d28-92b6-3446-a388-f5aba50debaf,Lenard338 Robel940,M,GENERAL PRACTICE,123 CAPTAIN'S ROW,CHELSEA,MA,021504019,42.3917638,-71.0328284,40,0
41a61156-e363-33e9-807b-05ed5a363abe,8a87ef73-eaa2-340a-bec5-c3cef01ef836,Kristle148 Rodriguez71,F,GENERAL PRACTICE,3 PARK DR,WESTFORD,MA,018863511,42.556814700000004,-71.43463308318695,4,0
4f1e532f-5fe5-3071-b510-f0d761f6b87c,2ca615f3-87f7-3283-a447-d919a883b676,Elizbeth263 Dickinson688,F,GENERAL PRACTICE,1399 WASHINGTON ST,HANOVER,MA,023391653,42.1441354,-70.8440854,32,0
be14c38e-978e-3b1f-973c-6218c8cbeda4,c0a33465-d309-3d2a-932e-9d554a7cc19c,Veronika907 Rogahn59,F,GENERAL PRACTICE,100 CENTURY DR,WORCESTER,MA,016061244,42.3138278,-71.7707002,1573,0
7ebf4f0a-320b-3905-80e8-369e41ce6c99,0583e4f7-f1c2-3100-8e0c-d0decc7ef261,Dusti191 Howe413,F,GENERAL PRACTICE,123 WATERHOUSE ROAD,BOURNE,MA,025323890,41.72840155,-70.58506829999999,143,0
2c4b7ce3-c132-3d2b-bc52-60cde447df03,ce81052f-7c77-3cd7-8c30-930339a79ceb,Benjamín452 Ávalos396,M,GENERAL PRACTICE,363 ALBANY ST,BOSTON,MA,021182503,42.342456,-71.062887,37,0
b3e5a7fd-389d-3723-b933-17eca14370fd,689f8809-c101-38db-b3c9-580b4c37f268,Joel444 Bins636,M,GENERAL PRACTICE,364 STATE RD,VINEYARD HAVEN,MA,025685624,41.44720825,-70.61474940346154,130,0
c8c53788-ebfc-3943-be3f-1408446b5d8e,7f32dd7d-5c35-3ddb-839b-8fbbb930d412,Tyron580 Littel644,M,GENERAL PRACTICE,863 CENTRAL STREET,FRAMINGHAM,MA,017014813,42.30758060362541,-71.42846215724606,45,0
9df02d0e-277d-3895-8a9a-e691c641459b,80646050-1c76-3046-bbc8-fd5f0b7c34e6,Mayola305 Hauck852,F,GENERAL PRACTICE,140 ARNHOW FARM ROAD,FITCHBURG,MA,014201369,42.5903661,-71.8119837,145,0
e2f510c3-459e-350c-a76d-8fc73688e808,0a689d33-2b0d-3942-8de8-e28812e91c69,Clora637 Pagac496,F,GENERAL PRACTICE,47 SEAVERNS AVE # 5,BROOKLINE,MA,024463806,42.3317642,-71.1211635,155,0
9a7ec92f-a0e2-3cd7-97bb-c8b893b64e56,cac6f8b3-eafd-31b3-9fa3-8015752ccc2c,Jessie665 Pagac496,M,GENERAL PRACTICE,123 SUMMER ST,WORCESTER,MA,016081216,42.26496835,-71.79655403681465,345,0
adaf8427-a797-37ec-9eb6-48fe8b891a23,e02d9c87-52cb-3f3c-9f97-fe95f260c437,Elisabeth967 Hoeger474,F,GENERAL PRACTICE,321 MANLEY STREET,WEST BRIDGEWATER,MA,023791022,42.0338457,-71.05496436428572,26,0
fa2953dc-75f1-3458-a1fc-0e8f507bd2c7,6e517750-a29e-3170-a02b-5733ff523458,Levi940 Abbott774,M,GENERAL PRACTICE,101 BARRY RD,WORCESTER,MA,016091275,42.3030701,-71.8333408960994,231,0
c3146f94-8209-38a5-8fc3-c070edf1ee2a,d36eba4a-0dfb-3a26-b9fe-eb74594bbe3c,Kyle55 Boyer713,M,GENERAL PRACTICE,1350 MAIN ST,WORCESTER,MA,016031550,42.2416259,-71.85047518091996,1,0
0eb8efcc-9d2d-3d07-8b4c-3170bf43a2fd,bb867d36-0c8d-33b4-b19c-a8c026655b6c,Lahoma872 Macejkovic424,F,GENERAL PRACTICE,200 KENDALL ST,SPRINGFIELD,MA,011042532,42.12161175,-72.57784860231564,1,0
e8797a94-0b69-3c39-ba1c-a8afdbc01032,1b3fe590-8793-3f08-865d-01fc425a84d4,Mathilde204 Wintheiser220,F,GENERAL PRACTICE,1340 BOYLSTON ST,BOSTON,MA,022154302,42.34392675,-71.09888049065322,176,0
cff7488b-2f63-34ba-be88-fae68d42481a,0be0e035-8dad-387e-bbdd-a5a469c4311f,Deane47 Howe413,F,GENERAL PRACTICE,480 MAPLE ST,DANVERS,MA,019234065,42.584178050000006,-70.97197467750539,327,0
27f2c939-93bc-359b-8ff6-e572aa552801,3f12ebb4-e03c-3453-88d2-4fc9682383df,Irina619 Stiedemann542,F,GENERAL PRACTICE,726 COUNTY ST,NORTH DARTMOUTH,MA,027473603,41.6389926,-70.9703171,597,0
2e0a379c-186a-3909-9c21-6ebe3b34519e,a9fc7aa5-d3b3-314d-9cf7-af29051d3dd9,Lorenzo669 Velásquez56,M,GENERAL PRACTICE,1193 SEA STREET,TAUNTON,MA,027803960,41.8946107,-71.11113,11,0
61834fea-fc22-3b6e-9889-9740f29e9363,9c9d017c-0a4d-3e03-9802-4d310ea05c71,Isiah14 Schaefer657,M,GENERAL PRACTICE,70 FULTON ST,BOSTON,MA,021091402,42.362439499999994,-71.05377386223965,4,0
b1608368-a4a7-37d3-b946-8d0191835779,8ec2ca51-abb4-35dd-b90f-6c6aad6d2124,Oda116 Conn188,F,GENERAL PRACTICE,22 JOHNSON STREET,PEABODY,MA,019602311,42.54644385,-70.99288129112277,94,0
5f9545fb-edee-3b06-801c-092aa888fa76,ea468462-3080-302e-b405-9127a396c310,Edison640 Rowe323,M,GENERAL PRACTICE,600 CUMMINGS CTR STE 270X,WOBURN,MA,018013200,42.4792618,-71.1522766,6,0
29443197-db16-388f-b7f5-7997d8bace33,8af3b144-0e1a-3c90-937d-81a4ed026080,Guillermo498 Fay398,M,GENERAL PRACTICE,800 WASHINGTON STREET,NORWOOD,MA,020623489,42.1886973,-71.2005241,1053,0
4fd05efb-2584-30da-9608-77b6b7582ae5,9fdce5d5-d4d0-3156-a8d5-8757bfe4e9b3,Rosario163 Kilback373,M,GENERAL PRACTICE,1 FARMER CIR,ARLINGTON,MA,024742866,42.42405225,-71.16792616556859,145,0
c5a6e62e-e35f-3135-90ee-46d273381ae3,86f41096-d81f-3e26-b770-b26adc017d3e,Floyd420 Prohaska837,M,GENERAL PRACTICE,288 WASHINGTON STREET,QUINCY,MA,021695523,42.24983615,-70.9902487341626,15,0
edce8147-1b1c-3215-803c-f3ef1b7f81ba,a35fd733-dc1a-33f0-a308-292ff5581287,Julianne852 Schaefer657,F,GENERAL PRACTICE,15 STRAW AVE,FLORENCE,MA,010621491,42.335654,-72.663286,171,0
c522abec-1c44-3820-b796-1817b77424f8,b014aec7-7bd8-351f-8808-3e280cbc5be6,Rosaria177 Volkman526,F,GENERAL PRACTICE,70 EAST ST,HAVERHILL,MA,018306700,42.7777829,-71.0767724,608,0
07c99c63-eac1-30e2-a54a-cdd4979bb186,5cf11f0d-eea6-39bb-b83a-bd99e4259b83,Josh874 Hackett68,M,GENERAL PRACTICE,190 NORTH AVE,HAVERHILL,MA,018302238,42.801287200000004,-71.08349835346564,2,0
3ff85f0a-b747-33e5-9447-9548bffeff81,b3b56527-d366-3353-bca9-266a12f23051,Carolina179 Granado100,F,GENERAL PRACTICE,60 QUAKER HIGHWAY,UXBRIDGE,MA,015691628,42.06100105,-71.62352848737622,50,0
3549f2fc-a1f8-3010-a2a0-271138ea8c71,f1664435-2eca-3eff-bd1a-13701e7ad1bd,Elvin140 Marks830,M,GENERAL PRACTICE,300 PASTEUR DRIVE,NEWTON,MA,024592058,42.3370414,-71.2092214,222,0
35f82501-1642-3eb3-8679-f9c36029f69d,125eccb3-d003-34ea-9bd8-360dff059782,Rolande819 Gerlach374,F,GENERAL PRACTICE,125 PARKER HILL AVENUE,DEDHAM,MA,020266146,42.2489143,-71.1755732,79,0
af5665bb-3150-3eca-be72-7b7b08ec3492,c5742266-625d-3824-9ed3-4b5c6bc3e296,Rod343 Goyette777,M,GENERAL PRACTICE,22 BRAMHALL ST,SCITUATE,MA,020664312,42.1939754,-70.7697128,142,0
5dc4e74a-e2db-3c09-a649-dfd0cf040989,68027854-a51a-324b-8f20-2da7be608ebf,Ralph813 Legros616,M,GENERAL PRACTICE,50 RECREATION PARK DRIVE,HINGHAM,MA,020434206,42.176395,-70.90419664699353,3,0
53e7c293-3605-3b8f-80cb-384ca67f9211,b242f971-3c74-3778-b148-81366c1e6a3f,Leland44 Bernier607,M,GENERAL PRACTICE,10 CAREMATRIX DR,DEDHAM,MA,020266149,42.2270762,-71.17237295563174,226,0
e8125bf3-4822-391f-a17a-9cc3186d997e,a8a4e435-687f-3ecb-9af8-09b4636d1a1a,Mari763 Skiles927,F,GENERAL PRACTICE,107 COMMERCIAL ST,MASHPEE,MA,026496507,41.60736455,-70.49065684933157,221,0
bb727f8c-5886-3d27-9988-93c6581bfb48,99a31e4a-04aa-334b-9e96-904f01483d93,Rusty501 Ward668,M,GENERAL PRACTICE,100 N BEACON ST,ALLSTON,MA,021341928,42.3536388,-71.1375978,2,0
4c636d7f-e1cc-3f06-a42a-82fbb85fab34,b93ffa11-ffab-3fe0-8c28-657817801192,Flor713 Berge125,F,GENERAL PRACTICE,9 MAPLE ST,WILBRAHAM,MA,010951730,42.150018599999996,-72.42537320933242,4,0
4446ff9e-2e58-3d42-ab7d-b30615e178f8,e5b9db6a-8dd8-3622-b9ce-3dc593e111d1,Carmelita854 Tromp100,F,GENERAL PRACTICE,1223 BEACON ST STE A,BROOKLINE,MA,024465332,42.3430087,-71.1170155,34,0
d91dec34-619b-3914-8ed9-f308af7305f6,36c8b677-a6ce-3266-b71e-ed86d778d0fa,Rebekah348 Rippin620,F,GENERAL PRACTICE,300 FRIBERG PKWY,WESTBOROUGH,MA,015813900,42.28350315,-71.58027718702151,107,0
5b943342-fc7f-3b5e-827d-ca3d3d3d6901,e92dad8b-f485-315a-8fc4-1d7adfdc9c00,Laurena366 Anderson154,F,GENERAL PRACTICE,581 FAUNCE CORNER RD,DARTMOUTH,MA,027471242,41.676111381167445,-70.98788528176077,490,0
46866fa2-19be-35d6-b286-b94cf95bccad,51e96f40-2058-378a-b3bd-d83c50d5cbcb,Winter723 Jones311,F,GENERAL PRACTICE,200 NICKERSON RD STE 110,PLYMOUTH,MA,023602480,41.75001,-70.632075,31,0
2d65db2e-35ab-31e0-91a0-ff9935ee2177,6929d249-cc27-33aa-a871-b6f26059615d,Martín25 Casas271,M,GENERAL PRACTICE,ONE HOSPITAL ROAD  FIRST FL  WING 5   PO BOX 1477,OAK BLUFFS,MA,025571406,41.4538523,-70.5684713,358,0
cf451480-7b9b-345a-9153-47be41a2e2d0,a1a024f0-95e2-3db4-a771-e2f17c5da162,Arturo47 Schmidt332,M,GENERAL PRACTICE,18 NEWTON ST,BROCKTON,MA,023015115,42.0785392,-71.02602473630952,76,0
e430ff13-36f7-3fff-b5c8-2666ebdc294a,aad05540-c9cb-3805-b3c4-f9b9d9b42b2e,Arla414 Fritsch593,F,GENERAL PRACTICE,821 E MAIN ST STE 3,CHICOPEE,MA,010206306,42.155774795300516,-72.55672263289513,986,0
fbca252f-dfbf-3f48-a31e-b506beef38c3,1aa9084e-2b86-3d6e-93ab-dbe6d4dda601,Casey401 Schultz619,M,GENERAL PRACTICE,100 OLD BILLERICA RD,BEDFORD,MA,017301267,42.499905749999996,-71.25668964877971,2,0
1679c490-75f1-35c3-ada5-94a33e5ffbf1,2e73956a-942f-36f3-b88c-f88e782e578f,Ivory697 Boyle917,M,GENERAL PRACTICE,790 TURNPIKE STREET  SUITE 202,NORTH ANDOVER,MA,018456138,42.661547049999996,-71.10774565195425,6,0
633086bd-c00f-31c9-9270-7739238e84e5,2987ddf5-7ff2-3e4a-9e25-d654a10313fd,Josefina523 O'Connell601,F,GENERAL PRACTICE,519 MAIN STREET,MEDFIELD,MA,020522522,42.186209649999995,-71.30745495273302,19,0
fc5988e9-8623-3fee-96c8-570e2fa99747,ce3b504c-f15c-3bcf-ba6e-dcb551cc7d7f,Dale454 Schmitt836,M,GENERAL PRACTICE,112 SOUTHAMPTON ST,BOSTON,MA,021182711,42.33240995,-71.06915010706255,31,0
11f5094a-9a5c-3b5a-a417-a4a665c13c90,eea92149-820f-301f-911e-b170e8312842,Tracey100 Hamill307,M,GENERAL PRACTICE,123 SUMMER STREET,WORCESTER,MA,016102177,42.26496835,-71.79655403681465,336,0
ddc2a0ac-4152-33d4-8763-e6f2342cac59,19a3afba-b409-3650-a0ab-f3faf6e391ef,Haywood675 Strosin214,M,GENERAL PRACTICE,199 REEDSDALE RD,WALTHAM,MA,024511433,42.3756401,-71.2358004,562,0
40f2d0e1-6fd2-3780-bc28-4bf1e3f4608f,0e9d0119-1157-35a0-8bb5-7e0aa3041928,Gino587 Trantow673,M,GENERAL PRACTICE,1049 MAIN STREET,SPRINGFIELD,MA,011032114,42.09977055,-72.58470990760483,146,0
e43a56ea-da4f-3cd9-90fd-97152397281e,5de0661c-5943-365b-93c7-8ab84e1df09c,Delbert384 Carter549,M,GENERAL PRACTICE,28 LINWOOD RD,LYNN,MA,019051638,42.4703546,-70.964796190519,1,0
6a5f1fb9-4ab4-3512-91f3-48aa57bc3864,76b7dbb5-0a02-32a4-9a01-3511f7e45016,Emerita401 Satterfield305,F,GENERAL PRACTICE,59 COUNTRY WAY,SCITUATE,MA,020663746,42.1806871,-70.74862935148246,86,0
f74e75fd-d429-37ec-96d2-cf5b7682830c,d833e67f-4e72-331c-87e9-45e96dd28280,Sonia106 Laureano185,F,GENERAL PRACTICE,2101 WASHINGTON STREET,NEWTON,MA,024621519,42.3301978,-71.24996457183994,1,0
6debd604-3eae-30da-8a8b-b15b9b7cd7fd,83a08dcf-7ed6-3d2e-afc0-a72c05d2563c,Jerri638 Stiedemann542,F,GENERAL PRACTICE,755 MAIN ST,HAVERHILL,MA,018302166,42.797835,-71.0878121,163,0
4394be31-7c30-3025-9888-2186b4fa35c6,562176c7-c337-3bd1-b8f4-89853772589b,Lenny728 Schuppe920,M,GENERAL PRACTICE,877 SOUTH ST,PITTSFIELD,MA,012018243,42.417399950000004,-73.25836946569122,1,0
6a2a1ac8-d7e3-342f-b6df-377533b58eae,b826cbda-f69b-32d0-9e6e-edcb80f692bb,Jake169 Beahan375,M,GENERAL PRACTICE,169 VALENTINE ROAD,PITTSFIELD,MA,012013042,42.45821049070386,-73.27683573566691,61,0
88cfd6a0-2506-3ee7-80b8-460c9d752b52,25c85bcc-7e25-36bc-89e8-08e0d473db23,Stephen891 Okuneva707,M,GENERAL PRACTICE,138 S MAIN ST STE 14,MILFORD,MA,017573272,42.1270746,-71.51639128815474,312,0
2d1290b0-8d40-3654-84b9-4e8258d85b76,b90ee64e-4559-32db-97d7-0341740a71f1,Angelika194 Cartwright189,F,GENERAL PRACTICE,123 SUMMER ST,WORCESTER,MA,016081216,42.26496835,-71.79655403681465,117,0
d7458154-a6f3-3053-923f-91aaa0d404e8,671a8184-bf6f-3ec2-b307-3ff70e604912,Carrol931 Hyatt152,M,GENERAL PRACTICE,405 GROVE ST,WORCESTER,MA,016041086,42.28737115,-71.80791697272812,18,0
67675004-f3a7-393d-b9ed-475528abe7ab,c9aabcbd-d4e0-391f-8980-d0be6934ea82,Shonda871 Leffler128,F,GENERAL PRACTICE,340 PLEASANT ST,BROCKTON,MA,023013236,42.08764334999999,-71.03287346676532,66,0
e958e49a-9aff-32aa-9579-6100e09c5315,d9b71ccf-6649-3555-9e99-44eac0af257f,Darlene91 Collier206,F,GENERAL PRACTICE,655 DEDHAM ST,WRENTHAM,MA,020931135,42.084901,-71.30689224201797,64,0
6fae8fe6-b465-3427-a7d3-83ce593f6139,7348f15f-ec3d-3aef-821a-8de550c90f26,Rosalie939 Pfannerstill264,F,GENERAL PRACTICE,292 WASHINGTON ST,GLOUCESTER,MA,019304832,42.6249323,-70.6824382785235,2,0
90390d24-5be6-3d4b-b783-2b0f4a15e11d,81991e0d-8034-36c8-be5c-624b44cb67de,Jamie386 Predovic534,M,GENERAL PRACTICE,76 NORTH ST,MIDDLEBORO,MA,023461619,41.9014651,-70.91375666607357,1,0
65073258-a7ef-342d-a5f5-3704aeed93ac,2f5c26cd-be8d-351a-97af-23fbcaba0967,Dorethea38 Casper496,F,GENERAL PRACTICE,36 CORDAGE PARK CIR,PLYMOUTH,MA,023607320,41.978323,-70.689036,5,0
dd109918-1164-38f6-8587-5aeb6df266d5,6ff4bb75-c014-3f73-a574-620cf1538d85,Kevin729 Hamill307,M,GENERAL PRACTICE,250 GREEN ST,GARDNER,MA,01440,42.586896550000006,-71.98672640006858,36,0
9e88038e-027f-3651-bb89-ea2ec67393da,e68de1a0-767e-3466-b9a6-43948ee073d3,Gene733 Ratke343,M,GENERAL PRACTICE,160 WELLS AVENUE,NEWTON,MA,024593302,42.29337605,-71.19806353028767,26,0
727537da-4fa4-3eff-b456-96d48029d97e,2fb77691-5353-358a-bc94-90af77dd654b,Donnell534 D'Amore443,M,GENERAL PRACTICE,200 GROTON RD,AYER,MA,014321168,42.577352149999996,-71.57414587343038,314,0
ca3879ae-f30c-3621-a975-19055a76e795,ede8251b-e165-3ef6-b8a0-305217ba8e88,Elijah719 Boyle917,M,GENERAL PRACTICE,710 STOCKBRIDGE RD,LEE,MA,012389316,42.29155405,-73.28210389651024,36,0
f16261a6-4f11-382e-9fa2-61316e3ce7f5,f002fb4c-544a-3139-b3f1-439864d5474a,Sanjuana985 Cruickshank494,F,GENERAL PRACTICE,266 LINCOLN AVE,SAUGUS,MA,019063037,42.44952884999999,-70.99452689295308,4,0
994a4603-131f-38a3-94ab-d76705c39a36,d6c165ec-d9ca-35a5-9bc8-2061cbfb83a2,Linn541 Lynch190,F,GENERAL PRACTICE,10 ADAMS ST,NORTH CHELMSFORD,MA,018631780,42.6389249,-71.3840196,108,0
842f4a65-15a0-3a51-9a45-8ab7ca96feac,cbebae9e-f95e-3d2c-9712-289ea8d6aeec,Xochitl483 Haley279,F,GENERAL PRACTICE,49 ROBINWOOD AVENUE,QUINCY,MA,021698130,42.2509914,-71.0037374,1149,0
cefb8d0c-45e5-3459-8515-df6690170617,1cec4304-9757-3a10-ad4f-7e2090c56131,Eugene421 Rohan584,F,GENERAL PRACTICE,55 LAKE AVE N,WORCESTER,MA,016550002,42.2774799,-71.76166994969458,297,0
c017d18d-0304-31be-b5ee-647d95024250,5862e05c-9533-3f7a-8f73-215d50f5ee2f,Estell607 Barton704,F,GENERAL PRACTICE,1200 CENTRE ST,ROSLINDALE,MA,021311000,42.29768,-71.130463,666,0
333bf05c-fe34-3ac6-9471-156ed7564e3f,ec7e487e-7e78-3eac-a9ee-37f8de98a0f9,Sid118 Hammes673,M,GENERAL PRACTICE,277 WASHINGTON STREET,ABINGTON,MA,023512489,42.10060947239023,-70.94967338146704,23,0
b5b7ee6d-7685-3e74-a7b8-5870420b0848,26d8e700-7d84-3b34-bfad-274b535ec244,Olin642 Padberg411,M,GENERAL PRACTICE,421 North Main Street,Leeds,MA,01053,42.345066,-72.68291,103,0
5013848f-725d-3d56-8739-26cf1184a443,ad482681-b4c4-3fce-ac59-78c83d31b0ba,Jeanie708 Turner526,F,GENERAL PRACTICE,130 CHESTNUT ST,FRANKLIN,MA,020383903,42.08345955,-71.38413379825735,3,0
e9d58fc2-9182-3c1e-8676-5ab9829c7a53,a8f1424c-00bc-3403-8db5-cd600978f3a4,Corazon138 Bogan287,F,GENERAL PRACTICE,8 BURNHAM ST,TURNERS FALLS,MA,013761816,42.6042523,-72.5564777,334,0
abd2091c-f085-3c5a-be7c-1afb66ef0480,411f14a5-de79-3e08-81d6-301270cc2275,Fredrick998 Harvey63,M,GENERAL PRACTICE,64 CONCORD STREET,WILMINGTON,MA,018872179,42.55962465,-71.13772203658047,196,0
ba7fe674-e810-3e0a-a782-1a49ce515f8f,471f7ca2-38f8-3080-8109-187c73ec0b1f,Reginia455 Johnson679,F,GENERAL PRACTICE,27 CONGRESS ST,SALEM,MA,019707308,42.518722068313224,-70.88940635956651,19,0
e082a0a7-f56f-3719-9bc4-35c166cde807,a5577e5c-b886-37a0-8eee-8ff6feb7ea6b,Synthia172 Keebler762,F,GENERAL PRACTICE,330 MOUNT AUBURN ST,CAMBRIDGE,MA,021385502,42.3741033,-71.13417575971958,1490,0
cfbac2b3-1ce0-3efa-981b-7b0a27f4526a,20df65a4-7567-3066-b680-0f71b0c31d38,Kristina583 Bashirian201,F,GENERAL PRACTICE,242 GREEN ST,GARDNER,MA,014401336,42.58685735,-71.98748072431209,335,0
c9b911be-d0c8-35fc-919d-3f5e2bcd8309,5581e43d-0463-3a0b-afc7-a60aea5ac96c,Benita195 VonRueden376,F,GENERAL PRACTICE,57 RIVER RD,ANDOVER,MA,018101144,42.69112645,-71.19636086287642,105,0
d0325527-76ff-39cf-b4e4-9a1a12e7dca7,6e1be70a-4c61-3b46-970f-e9bbc9fff693,Cassi819 Thompson596,F,GENERAL PRACTICE,270 UNION ST STE 201,ROCKLAND,MA,023701070,42.129637555555554,-70.91556322222222,30,0
0c456d9b-7acc-3d62-aee5-882f008234be,7dcab1ad-0e13-3700-9eb0-70767c5e2b55,German382 Wilkinson796,M,GENERAL PRACTICE,1515 ALLEN ST,SPRINGFIELD,MA,011181803,42.095299499999996,-72.50943136142334,49,0
221fa2da-8f0d-33eb-91f8-3a63beec6b50,8269bd00-d9ff-3bda-a585-9587bc1d330b,Alisia5 Jacobson885,F,GENERAL PRACTICE,223 SWANTON ST,WINCHESTER,MA,018901968,42.4616579,-71.13927131946744,3,0
5ec71022-5d34-3fd8-b5ec-98c03987d80c,448d54bb-d442-3c01-84b6-0475c7c8da12,Vanetta255 Hand679,F,GENERAL PRACTICE,1565 MAIN ST BLDG. 2 SUITE # 311,TEWKSBURY,MA,018764735,42.6106479,-71.2342248,25,0
506b58e8-0762-3f38-bdad-b45a2abcdeb5,02e5b041-64f3-3631-ab60-907e8cbec9c2,Tia76 Okuneva707,F,GENERAL PRACTICE,1208B VFW PKWY STE 302,BOSTON,MA,021324350,42.279245200000005,-71.16929414999998,19,0
77f6f5de-7de8-312d-915b-8ebf6baaca47,7fc42341-ad5f-3c6c-94f3-4afaa0f8a028,Coretta598 Herzog843,F,GENERAL PRACTICE,368 FAUNCE CORNER RD,DARTMOUTH,MA,027476249,41.6633564,-70.99152756769953,6,0
4e595300-05a1-3177-808e-e0755deefdcf,ce9c1582-994d-32bf-835c-474a249d2804,Maude482 Veum823,F,GENERAL PRACTICE,275 MARTINE STREET  SUITE 104,FALL RIVER,MA,027231500,41.68393816525316,-71.1220830626733,27,0
5989dd1a-2028-33b2-b6c8-8131b09143b4,ff8a25dd-fd83-30fc-a1ee-66455ec0dd82,Martha161 Gorczany269,F,GENERAL PRACTICE,3 EDGEWATER DR,NORWOOD,MA,020624642,42.16067115,-71.20186905283774,82,0
4ee27492-5d4a-35de-bbc1-9de7e8fdaf1b,9485907a-9f9c-3c19-a424-b402ee8f99c2,Lavern240 Bogisich202,M,GENERAL PRACTICE,101 PLANTATION STREET,WORCESTER,MA,016043025,42.258026400000006,-71.78384882397785,21,0
cd974811-b01b-350d-8cee-18dc89cbd070,6ea4d3d6-d820-387a-a3d1-ed5944ad47a2,Nicolasa738 Larkin917,F,GENERAL PRACTICE,232 PLEASANT ST,METHUEN,MA,018447152,42.7397562,-71.17113575205717,176,0
d7d38a79-1737-39b7-9281-e31c3873bd8b,e7722de2-0e62-3dc9-a163-a7003956673b,Charlena802 Lockman863,F,GENERAL PRACTICE,1 EDGEWATER DRIVE  SUITE 103,NORWOOD,MA,020624669,42.16153305,-71.20162617190071,138,0
03321bfe-11fa-36a3-bd7d-0e11bd0251af,c630c98b-cbfb-3260-a984-4bbf511de98d,Selma398 Beier427,F,GENERAL PRACTICE,135 S HUNTINGTON AVE,BOSTON,MA,021304885,42.328899,-71.110855,3,0
274a155d-c6f6-3551-a3b0-c983c3af82e8,9b8a7a25-b923-3710-9f3c-d42919a3f54f,Heriberto162 Ondricka197,M,GENERAL PRACTICE,146 MAIN ST,MAYNARD,MA,017542651,42.4309786,-71.4552968,28,0
cb4ce132-82b0-372a-926f-6aafdc63b066,62b55e5b-b58f-354d-8f2d-f2a330bc619e,Paz9 Gerlach374,F,GENERAL PRACTICE,201 HIGHLAND ST,CLINTON,MA,015101037,42.42738865,-71.69329092351188,1041,0
6195f05e-41d0-3707-8e82-d788298dabc0,966245ce-e84d-36b0-a838-2e0b5bb2e668,Pei116 Crooks415,F,GENERAL PRACTICE,1425 BLUE HILL AVENUE,MATTAPAN,MA,021262122,42.2754929,-71.09384131587021,37,0
a02bba23-891d-33bd-af2b-95e08c9e5d21,58d6127e-ee48-37c3-9f2d-dcd3c050fb25,Thomasena108 Gutmann970,F,GENERAL PRACTICE,73 RUSSELL RD,HUNTINGTON,MA,010509777,42.2244752,-72.8709216,123,0
9444bca3-1036-3375-ab17-444a4ed8ebd0,b9a91cbd-3263-31d9-9cff-55873cf8b2e2,Inés791 Posada6,F,GENERAL PRACTICE,25 Bond Street,Springfield,MA,01104,42.110065,-72.60007,8,0
a599c258-6589-3280-b884-bdd69c53a3a1,b574fc4f-313c-38a4-9baf-7e12e431a499,Georgeanna785 Schulist381,F,GENERAL PRACTICE,511 W GROVE ST,MIDDLEBORO,MA,023461479,41.90036455,-70.9535889372234,148,0
abf86d15-a127-32fe-bd07-cea4fa5fc0e2,9dbd44ba-59b2-3d1d-ac91-3880af8081d2,Tori754 Larson43,F,GENERAL PRACTICE,529 MAIN ST STE B,ACTON,MA,017203965,42.4878132338563,-71.43046999422496,241,0
a77d4453-cdc5-358c-99a5-2532dbd898ff,2bde75a8-708f-3930-8d57-100ab365d413,Cedrick207 Gleason633,M,GENERAL PRACTICE,173 WORCESTER ST,WELLESLEY,MA,024815521,42.2964859,-71.2925571,16,0
d560ea49-fcce-3707-9d41-d0b2c4c302c1,35eba9db-902f-32e6-b302-0e5ef8fa5c68,Isaiah615 Schumm995,M,GENERAL PRACTICE,66 BROAD ST,WESTFIELD,MA,010852927,42.1165587,-72.74727440058362,5,0
4a82e21f-834b-3905-a95b-74ddc28024e9,b7866c75-5e56-36b0-b9c5-c63051677b69,Neida631 Skiles927,F,GENERAL PRACTICE,45 RESNIK RD,SANDWICH,MA,02563,41.7579043,-70.4968152,34,0
e8175da2-9e3f-3619-8267-47ae541b3da4,b5e54a54-ad38-39f3-a5d4-6e73e5d76d2d,Otelia900 Rempel203,F,GENERAL PRACTICE,44 FRONT ST FL 3,WORCESTER,MA,016081722,42.2625621,-71.8018877,17,0
ee1ced1d-2b1a-3cda-852d-848e9bb9ef46,9656a864-3b93-356f-9fa6-d7988e249977,Josh874 Feil794,M,GENERAL PRACTICE,950 N MAIN ST STE 203,RANDOLPH,MA,023683064,42.1871612,-71.0568102,147,0
86db0c92-ff9f-375b-bf0f-90e38ed10cd9,4eddfa13-f996-3048-9bbc-541b0a29038a,Annelle169 Schmidt332,F,GENERAL PRACTICE,736 CAMBRIDGE ST,BRIGHTON,MA,021353601,42.348649949999995,-71.14799584850206,183,0
5c48e468-2fb0-3edb-ba01-ee515993f360,845fbd9b-2d1c-39a8-8261-28ae40e4fab2,Bennett146 Rippin620,M,GENERAL PRACTICE,14 PROSPECT STREET,UPTON,MA,015681431,42.1700209025178,-71.59409308099494,3078,0
7c8b04f6-2c3f-355e-8af0-e26f23250bc3,946ec45f-5c4a-361f-b158-927144864133,Glynda607 Harvey63,F,GENERAL PRACTICE,19 MIDSTATE DRIVE  SUITE 130,AUBURN,MA,015011856,42.1894693,-71.85604765,46,0
ff2369fa-71f7-3f2b-941e-15a22235c80e,bac9dc0c-cb0f-3fa6-aa12-819dd0fb922a,Nicholas495 Greenfelder433,M,GENERAL PRACTICE,1493 CAMBRIDGE ST,SOMERVILLE,MA,021452935,42.3875968,-71.0994968,409,0
4ccde43e-545f-3196-9270-d14127d87e0d,84d5768f-3a21-3da9-aad2-bbf7a3ae2700,Hank686 Schneider199,M,GENERAL PRACTICE,817 MERRIMACK ST,LOWELL,MA,018543548,42.650296999999995,-71.32263756223612,221,0
f7793e03-6fab-3d74-8912-10ad24dc355d,9ce6072b-d039-3cde-8eaf-950211b8ae88,Saul605 Ratke343,M,GENERAL PRACTICE,147 S MAIN ST,MIDDLETON,MA,019492446,42.585787222720036,-71.00861442427218,339,0
763d3ade-5874-3568-b9a9-77948838819a,af8566eb-8918-3ec7-ba44-92b6a2cf8097,Madelaine318 Walker122,F,GENERAL PRACTICE,81 HIGHLAND AVE,SALEM,MA,019702714,42.5112107,-70.90516241826194,1424,0
3f02dbb5-8472-3c31-8a66-65ba221d82c8,d4a03501-69f6-3a89-ac27-ed25976fdb6f,Virgen207 Hyatt152,F,GENERAL PRACTICE,25 WOODLAND ROAD,STONEHAM,MA,021801705,42.450448800000004,-71.09076944938434,82,0
4d21d578-809d-39b6-bf7a-83f76bee4e87,d1d4d104-68cb-356b-9086-888de7d2826f,Ellyn26 Windler79,F,GENERAL PRACTICE,61 Lincoln Street  Suite 112,Framingham,MA,01702,42.28348,-71.41845,227,0
93a16a28-4ceb-3d0c-8165-a85eab75adc8,21e6967c-bb71-3992-bb1c-11ffff39216e,Graciela518 Valles311,F,GENERAL PRACTICE,200 HILLSIDE CIR STE 3,WEST SPRINGFIELD,MA,010894681,42.105237,-72.6213712,1,0
8a166049-5dd5-324c-91df-5f13ed90b752,4058ca7b-c48b-3aaf-8de9-fc421f6a9e1c,Darby868 Klein929,F,GENERAL PRACTICE,199 ANDOVER STREET ROUTE 114W,PEABODY,MA,019601630,42.5278731,-70.9286609,2,0
a4c137ea-b37b-354b-91a5-b59c59f31508,ecd3b321-0a8a-3ce6-81f0-982dd77fce43,Hunter736 Lesch175,M,GENERAL PRACTICE,25 HIGHLAND AVE,NEWBURYPORT,MA,019503867,42.81369325,-70.89091645747592,762,0
a11b4c48-3923-302c-8464-6e0a15388346,eb2596c3-8814-3add-8516-474214bf5c62,Ollie731 Lemke654,M,GENERAL PRACTICE,250 W UNION ST,ASHLAND,MA,017211420,42.24214015,-71.48110671819278,1,0
7561029d-8b15-3450-a114-47486195d0a6,c762a0ef-bfba-3261-b90c-4059f7bcc87d,Alona471 Cormier289,F,GENERAL PRACTICE,160 MAIN STREET,WALPOLE,MA,020814037,42.168752850000004,-71.23027591232932,2,0
6f671573-e602-336b-a747-39ee79598b93,42c13743-f36f-370a-a5ca-3e3c9795e02d,Tiffani287 Toy286,F,GENERAL PRACTICE,17 CHIPMAN WAY,KINGSTON,MA,023641039,42.0115267956362,-70.78988939618995,1,0
27526202-c0c8-3d5c-b8c6-6bad57552a65,058176fd-cbb0-328b-8411-c19f5045032d,Dion244 Sanford861,M,GENERAL PRACTICE,840 EMERSON GARDENS ROAD,LEXINGTON,MA,02420,42.43761961817366,-71.19888753880475,40,0
dc147574-7efa-35c5-af09-8df36b343d4f,a036cdf2-bbc5-3ffd-987f-56e437fd8b74,Shayne60 Gutmann970,M,GENERAL PRACTICE,265 N MAIN ST,SOUTH YARMOUTH,MA,026642083,41.680980000000005,-70.18292625685085,148,0
e03b0b2b-fe56-39d6-bfa8-b3cd52084888,03d7ee12-bdfe-3e48-9d29-757eb6f01ad0,Phuong301 Wisozk929,F,GENERAL PRACTICE,44 SUMMER ST,DANVERS,MA,019231574,42.57663745,-70.94996137026163,10,0
3347f7c1-2ed3-3caa-90d9-9ef7618125cc,4f5e8f16-a31b-3071-8556-d7188ede313d,Barrett790 Wolf938,M,GENERAL PRACTICE,575 BEECH ST,HOLYOKE,MA,010402223,42.20105435,-72.628169560868,754,0
d2cf7936-dc47-3a36-a42d-09baa836b450,69cb2157-b620-3c51-9c94-f516462d2d55,Anh979 Schroeder447,F,GENERAL PRACTICE,11 WATER ST,ARLINGTON,MA,02476,42.41642055,-71.15424293038585,104,0
b2509ff8-6788-3020-811d-9dffcfdf2687,ae3eab22-8868-37bb-9a59-2b8bfe14bf34,Elise948 Smitham825,F,GENERAL PRACTICE,2033 MAIN STREET,ATHOL,MA,01331,42.58522105,-72.20868129339888,143,0
5dc267b4-a722-357b-9b95-877d9f504ead,615416de-5217-3c11-9828-2d4bacd1d9cb,Keli839 Williamson769,F,GENERAL PRACTICE,434 ROUTE 134,HYANNIS,MA,026011854,41.6753274,-70.309939,6,0
3f276202-8f99-3acc-b143-bcfcde074b9c,218e58e4-9642-3ebd-9b39-34d15f22c620,Jung484 Lowe577,F,GENERAL PRACTICE,977 MAIN ST,WALTHAM,MA,024517406,42.376452150000006,-71.25063779999999,90,0
fdaf0e4f-31a2-34b9-a9dd-346d5f2b89c6,9a20d707-68e4-32c0-b2b2-2f5d5c2012cd,Gerard367 Pouros728,M,GENERAL PRACTICE,131 CAMBRIDGE ST STE 1,BURLINGTON,MA,018033711,42.50284395,-71.19574553661971,302,0
02cffd51-7897-350e-8f59-c64f8b2d5a0a,f90ef475-defe-363d-a926-573b38f804a2,Guillermina633 Navarro863,F,GENERAL PRACTICE,54 HOPEDALE ST,HOPKINTON,MA,017481672,42.2288875,-71.5196439,112,0
f8c386bd-73b1-3c69-8a4e-33871bf43967,071a898d-3535-39fd-bf61-d33301aacd04,Jefferey580 Luettgen772,M,GENERAL PRACTICE,104 CHARLES ELDRIDGE RD,LAKEVILLE,MA,023471370,41.8459353,-70.9494854,224,0
5a31a07a-e8b1-3835-b97f-ce281abc743e,41f66e18-8eb7-32f2-9371-7df5bf2b8d21,Lonnie913 Mraz590,M,GENERAL PRACTICE,170 UNIVERSITY DRIVE,GREENFIELD,MA,013011238,42.6097476,-72.5979752,9,0
522c01d2-c23f-372b-9c58-439ebc542ad7,a25107f7-f4f5-36fc-98e4-f3e1b5875c91,Yesenia104 Wilderman619,F,GENERAL PRACTICE,1285 BEACON ST,WOBURN,MA,018012157,42.4979478,-71.1684508,337,0
01a51cea-c893-3bba-8c23-46d86fb5580d,0e6c3ad1-24c1-34cb-bb6d-e8438fa319e2,Eufemia350 Casper496,F,GENERAL PRACTICE,50 DODGE ST,SWAMPSCOTT,MA,019071300,42.4699241,-70.9171507,145,0
01784bc3-3d75-37ec-9f9d-c1e7bba84c6a,4f9dd195-07b8-3a81-8b7a-58852a0e6cdf,Tonja658 Goyette777,F,GENERAL PRACTICE,47 E MAIN ST,WEST BROOKFIELD,MA,015852906,42.2355113,-72.1381676,2,0
41fd690e-0b9e-3ef3-b143-a5b4422fd28b,43ee6bb5-8efa-3bfc-8ca8-1579a5267753,Kristopher775 Roob72,M,GENERAL PRACTICE,235 N PEARL ST,BROCKTON,MA,023011794,42.09805395,-71.0609587194362,9,0
ffe56bfb-f061-34b1-8a95-8b8129b5b0f6,3695125c-c052-3ece-898a-2a6448987ae5,Rosanna866 DuBuque211,F,GENERAL PRACTICE,2040 BOSTON RD STE 5,WILBRAHAM,MA,010951380,42.150295650000004,-72.47288272264812,73,0
12e9c057-28f3-3869-bc9e-fd3abb77b474,ed43f171-1ac1-3f08-aef5-0f62c515cf4d,Bruce167 Schowalter414,M,GENERAL PRACTICE,184 TER HEUN DR,FALMOUTH,MA,025403160,41.56534135,-70.62534898297048,1,0
59fa52cf-bba1-3ee2-b1e8-4e746ae4f620,45db4ed7-a93e-3946-9c31-b567ca373de6,Bell723 Toy286,F,GENERAL PRACTICE,7 Drydock Ave  Suite 2070,Boston,MA,02210,42.34461,-71.03728,684,0
04e20c0e-bf49-3ee5-a7ae-feebaf882379,bdd9ad72-443a-3563-a626-4c45f6d058b2,Zachary28 Bogan287,M,GENERAL PRACTICE,147 PELHAM STREET,WORCESTER,MA,016072105,42.265209,-71.814005,16,0
022504bb-35c3-343a-a598-a4fabbb12479,05fcf001-ab24-3d7d-85f7-f64942d82738,Leonarda398 Schumm995,F,GENERAL PRACTICE,250 POND STREET,FRAMINGHAM,MA,017014592,42.2838619,-71.4093719,1440,0
f4762885-36b9-3f09-906c-9479c8ae38b9,8789c07e-d15d-378d-ba2b-d2b49ebb6db4,Monty345 Bosco882,M,GENERAL PRACTICE,800 WASHINGTON ST,WOBURN,MA,018011976,42.4946907,-71.1242899,115,0
1c8779c2-7ad6-3fe4-88b1-1f88f4cd8f55,7e6db51f-7c1b-3555-9e1c-6269ba6d704d,Jacque955 Streich926,F,GENERAL PRACTICE,120 STAFFORD STREET SUITE 206,WORCESTER,MA,016031461,42.239638,-71.8443785891577,55,0
ec981e02-4d41-3af1-a0ef-656e19b7ee87,83769f98-fff3-3535-8781-6ace5957136f,Harland508 Breitenberg711,M,GENERAL PRACTICE,115 NORTH AVENUE,ROCKLAND,MA,023702129,42.13496385,-70.92237824494691,17,0
6e10a9bc-d621-3eb1-b96f-86e5d5d3a1e0,e87cda4c-1ad8-3a9e-b55f-7bfe987610ce,Ignacio928 Escamilla823,M,GENERAL PRACTICE,326 NICHOLS RD,FITCHBURG,MA,014201914,42.5974358,-71.80761197366103,55,0
9b13c116-af8a-3b69-b754-7beb177914af,b529b631-551f-3344-82e4-c58c8b3b1716,Kirk871 Hills818,M,GENERAL PRACTICE,135 ELLIS AVE,NORWOOD,MA,020623946,42.2071374,-71.1867275198222,2,0
5adc7023-041c-3cc7-a951-da81c1c723af,e7b77e8f-b607-3273-aef9-ad1bca48813f,Rolland302 Turcotte120,M,GENERAL PRACTICE,209 W CENTRAL ST STE 216,NATICK,MA,017603716,42.28202598359604,-71.3899479380402,95,0
b104b461-8117-351d-a4e0-4aa7baeb724c,7e3760fd-328f-3082-8c56-68d6b96f6521,Clarita196 Jones311,F,GENERAL PRACTICE,305 WALPOLE ST,NORWOOD,MA,020623021,42.18411025,-71.21619509340385,1,0
6895fbfe-d09f-39b5-ae21-a8fc0e856165,62ccfb55-1f60-3450-a607-706bedc9ef4e,Patricio639 Jaimes535,M,GENERAL PRACTICE,120 MURRAY STREET,MEDFORD,MA,021551300,42.42974035,-71.08853906104483,2,0
a61f3064-c428-3491-9e03-ef5ca8296d14,0e3a24c3-b772-3059-b3fd-8a4710068a82,Malka46 Gerhold939,F,GENERAL PRACTICE,416 BROADWAY,RAYNHAM,MA,027671737,41.940680799999996,-71.07864352196617,50,0
9be5d41e-037b-3a5c-b690-2d93feffdead,28d71598-85eb-3a0e-90c1-22e0be1af57c,Jodie811 Hermann103,F,GENERAL PRACTICE,38 MULBERRY ST STE 204,NORTHAMPTON,MA,010602832,42.35436315,-72.70256804599192,168,0
b229da3d-d902-360e-8720-30c8b200160a,f68ebf98-ba5b-35af-b2bd-da56cc5b13be,Shaun461 Hintz995,M,GENERAL PRACTICE,270 LITTLETON RD STE 22,WESTFORD,MA,018863524,42.5569148,-71.4366336131239,7,0
65366306-9143-3b34-b30d-1fd82f1419b3,b8d40f5c-9e4d-3639-89ef-8bf375cb3184,Joshua658 Howe413,M,GENERAL PRACTICE,190 OLD DERBY STREET,HINGHAM,MA,020434065,42.1807101,-70.9170852970031,1,0
df9a4994-24a2-3f3f-aaea-9a5c56d0697e,a537b406-fdfa-36b4-84da-12512e7e6c63,Ernesto186 Davis923,M,GENERAL PRACTICE,795 MIDDLE ST,STOUGHTON,MA,020721829,42.1252079,-71.1022015,479,0
d9c95442-0405-390c-bac1-510795077c1f,e96bc963-a050-3502-955f-7fd274ea5fde,Juan88 Hessel84,F,GENERAL PRACTICE,459 BROADWAY,EVERETT,MA,021493614,42.4075632,-71.05472988596371,24,0
2a46e6da-d4cd-31c6-91bd-4d29d7560aed,7d627533-adbd-320a-9054-db91a2811597,Rachell479 Schroeder447,F,GENERAL PRACTICE,480 JACKSON ST,METHUEN,MA,018444020,42.7327291,-71.16807304424162,1,0
3b5afd56-561e-3762-b5fc-4f36ecbcfc08,e5d50afe-8c7d-35f5-96f5-fb8941403b0f,Amparo58 Hayes766,F,GENERAL PRACTICE,125 S CLARK ST STE 900,FALL RIVER,MA,02722,41.74223,-71.129706,301,0
da01a2bf-e87c-3728-a8dc-444724a4a8a3,9adfae03-673d-365d-9052-f705098fa3e4,Daniel959 Wolff180,M,GENERAL PRACTICE,51 BLOSSOM ST,BOSTON,MA,021142699,42.36305545,-71.06643399281765,2308,0
1111f42d-4eae-356f-9779-e7967cb3ca00,46912be1-43b9-3c0c-9fbd-3d123f2eacc6,Vernita491 Kutch271,F,GENERAL PRACTICE,821 DANIEL SHAYS HWY,ATHOL,MA,013316903,42.572540548950265,-72.2674105528448,1,0
56b15905-2005-3752-a2d3-676a8e549f7c,48a07866-e8d7-3268-aa3c-ca3237c8e6f3,Moshe758 Stamm704,M,GENERAL PRACTICE,188 PROVIDENCE ST,HYDE PARK,MA,021361861,42.2682551,-71.12174592925336,214,0
1bdc9511-5783-37a4-8b3e-429d1d869e7f,9f85a8c8-007c-3490-a7b7-4a0324c13307,Delena885 Robel940,F,GENERAL PRACTICE,70 FULTON ST,BOSTON,MA,021091402,42.362439499999994,-71.05377386223965,43,0
cb53b999-4d66-32a2-b4a8-6934ffa6573e,25431f9a-00e4-36d8-9810-4125328eec50,Paris331 Ruecker817,M,GENERAL PRACTICE,55 FRUIT ST,WALTHAM,MA,02451,42.3756401,-71.2358004,710,0
025612bf-bd31-3906-8054-6bb6838d8e88,89171335-b9c0-3326-98d6-a837d432b9fd,Louis204 Hauck852,M,GENERAL PRACTICE,150 FLANDERS ROAD,LYNN,MA,019042915,42.466763,-70.9494939,2513,0
399aa754-2280-362c-aa6c-d060ac3a90b3,5d2ca149-126a-3dd3-a029-35b55c89988b,Elaina826 Hamill307,F,GENERAL PRACTICE,87 BRIARWOOD CIR,WORCESTER,MA,016061225,42.32061485,-71.7709968832562,2,0
5b1f3d7f-6d2d-332d-93eb-4eab485ed86b,7cd7fc5c-3fa7-3b6e-b3c9-0dbaec2a3470,Clay913 Roberts511,M,GENERAL PRACTICE,505 FRONT STREET,CHICOPEE,MA,010133140,42.14871685,-72.59756969862315,48,0
0cc9db54-0e38-3776-aa69-ad0c5859b4c1,15d0e449-642a-3d9e-8629-16c7e4a9e4b4,Zelda766 Schmitt836,F,GENERAL PRACTICE,71 CENTER ST,FAIRHAVEN,MA,027193822,41.635798300000005,-70.90010980146215,1,0
30c930c3-eb24-3ff2-ac44-abbe03709417,c1a85a41-6758-3edc-95ec-238b8ac72a40,Wilhemina814 Lesch175,F,GENERAL PRACTICE,65 CENTRAL ST,GEORGETOWN,MA,018332112,42.7211656,-70.99324119227308,46,0
e3dd5ae2-daf6-36d8-b58c-c060c089ec27,01bde980-bf89-3138-8912-7360dff33247,Caroline183 Lang846,F,GENERAL PRACTICE,456 PARK AVE,WORCESTER,MA,016101254,42.25512735,-71.82580924803523,81,0
487a79e0-36e7-32a7-9079-926d68f327d6,1484fc69-2eb0-3bba-8656-d5ead4973895,Lashawnda573 Schaefer657,F,GENERAL PRACTICE,260 MERRIMAC ST,NEWBURYPORT,MA,019502192,42.817380099999994,-70.88125573659471,103,0
7aa8b703-774d-3857-881d-76eea4841dee,217cb6f6-e822-3831-9d9d-ffa104971042,Cira533 Jakubowski832,F,GENERAL PRACTICE,2 REHABILITATION WAY,WOBURN,MA,018016003,42.46352265,-71.161925472006,3431,0
930e33bc-8008-33c4-8acc-ac76e292f1a0,8a6e21d0-da20-3378-8176-4e5ad2b51983,Adela471 Méndez913,F,GENERAL PRACTICE,84 ELM STREET,HOLLISTON,MA,017462138,42.20234485,-71.42493275079366,28,0
730a61f3-e564-3506-8c3b-177e8b0532f0,4e56c7ec-99e5-3023-8e4f-95ad18a03f06,Regenia619 Bosco882,F,GENERAL PRACTICE,28 RIVERSIDE DR STE 101,PEMBROKE,MA,023594947,42.11004715,-70.77534154695786,244,0
1f568f8a-4da6-369f-8991-67e74822fda2,e2a8b444-9b8f-36ff-84c4-05ee98589482,Francisco472 Gusikowski974,F,GENERAL PRACTICE,8 SHIPWAY PL # C-8,CHARLESTOWN,MA,021294301,42.3778749,-71.0619957,755,0
050ceddb-04ab-3bcc-b01f-cdead1251a16,65dac97b-bb0c-38ae-94bc-bf29ac9687ea,Sebastian508 Rowe323,M,GENERAL PRACTICE,265 MAIN STREET,DALTON,MA,012261614,42.472932099999994,-73.17745071097283,6,0
17d8e618-1385-3f97-b009-9620830c9dcb,71f4c23f-7559-31ff-8f42-a672e80b85a2,Sallie654 Jast432,F,GENERAL PRACTICE,300 FIRST AVENUE,WESTBOROUGH,MA,015812831,42.2694308,-71.6129907,77,0
429f5235-0419-303c-978c-f2fce09e0645,05f80ed8-6a7a-3728-8b5c-c5c995c8244a,Vernita491 Cartwright189,F,GENERAL PRACTICE,150 South Huntington Avenue,Jamaica Plain,MA,02130,42.32809,-71.11076,2977,0
fe7b9893-8b24-3b50-b1f2-887837c51c94,e0cc7e8e-e1a4-3a02-b589-0a35741d39fe,Alla648 Towne435,F,GENERAL PRACTICE,990 PARADISE RD,SWAMPSCOTT,MA,019071831,42.48374535000001,-70.90120467000462,21,0
1a7cfb4f-5fa7-384d-97d0-20212e3565c2,af575fc6-02f2-39d9-b131-d4ea3d92c46a,David908 Lindgren255,F,GENERAL PRACTICE,30 WATERTOWN ST,LEXINGTON,MA,024216331,42.4204729,-71.20740917535738,2,0
0f2a6365-f3c5-363a-97f6-a2d94294b152,18d2c9c2-4b92-3664-9b8e-419aff3ce942,Aleshia311 Block661,F,GENERAL PRACTICE,175 GROVE STREET,BRAINTREE,MA,021847253,42.19127375,-70.99279579751581,14,0
cc3d69b2-9016-35ff-864b-13a7d5619bb9,121b0ad1-1beb-3caa-9271-3d3f726bb727,Cortez851 Price929,M,GENERAL PRACTICE,1030 MAIN STREET,WALTHAM,MA,024517447,42.375828,-71.2527956,495,0
28d9b128-abfe-3b7e-a8b7-eebb33035879,43f37d29-0bcb-3d84-b9c0-9ee4f2485ff2,Maria750 Romaguera67,F,GENERAL PRACTICE,168 WALTON RD UNIT 19,ROWLEY,MA,019692014,42.7136977,-70.8818364,101,0
7c67cc9b-8a61-329a-8189-15c0013519c1,db60692f-cbef-315b-9fce-38a7f015c482,Kathi607 Hilpert278,F,GENERAL PRACTICE,72 SHARPE STREET,SCITUATE,MA,020664534,42.1939754,-70.7697128,43,0
1f644c28-3f01-330f-b00f-6abb34f39c74,883f57b8-89c6-3dc4-b6da-047705c88623,Blanche121 Bailey598,F,GENERAL PRACTICE,363 HIGHLAND AVE,FALL RIVER,MA,027203703,41.7093779,-71.1460783680883,37,0
01da59d9-b806-3325-98e0-c97747b9cb20,9ba25035-53e5-344b-9b9e-94331a58d1d4,Lucilla742 Schultz619,F,GENERAL PRACTICE,420 MAIN ST,WALPOLE,MA,020812553,42.161882199999994,-71.2388707178431,61,0
385d4bba-6726-3201-baa8-8b34bff2b8c6,0a2252ba-33de-322f-8f0a-e5b0141f1780,Lincoln623 Block661,M,GENERAL PRACTICE,632 BLUE  HILL AVENUE,DORCHESTER,MA,021213213,42.2941088,-71.0885355,174,0
3d63b10e-f65a-3da4-bb62-143423d15d7d,4f029aea-a3f7-3429-a477-45cfe183c3f9,Marchelle563 Lesch175,F,GENERAL PRACTICE,1675 NORTH MAIN STREET,LANCASTER,MA,015232405,42.4761132,-71.6873032,17,0
93099070-4049-3566-b69f-0c5cfed1afbc,f6ba791e-fe68-3596-bef4-60751db6a60e,Freeda113 Crooks415,F,GENERAL PRACTICE,37 BIRCH STREET,MILFORD,MA,017575501,42.1424349,-71.48943173357203,31,0
e94c5b61-3810-3549-8e2e-9d11d96759a7,37854499-6b19-35d5-a5ba-dde729c2c3a3,Ramon749 Hoppe518,M,GENERAL PRACTICE,97 LIBBEY INDUSTRIAL PARKWAY,WEYMOUTH,MA,021893110,42.19322885,-70.94589987654936,6,0
01b73e74-5ef6-335d-9bcc-d8fd5da54d6a,2fc3d86d-4194-3ad1-bb8a-99d5d34119a1,Delinda651 Krajcik437,F,GENERAL PRACTICE,300 CONGRESS ST STE 203,QUINCY,MA,021690907,42.2345525,-71.01493330273374,270,0
216b36ce-bd23-3241-bef8-a00a8c37093b,5aa5bbc8-a339-300d-abc2-3c85bf4b5068,Jared66 Prosacco716,M,GENERAL PRACTICE,8 COLONIAL DR,WESTBOROUGH,MA,015811407,42.2727712,-71.60893826083459,1,0
4db6c9ed-12f1-3871-9b9a-3070af550e88,e1892a2c-6dca-3c4c-93b7-0e00a9eb8b61,Maragaret140 Erdman779,F,GENERAL PRACTICE,20 EAST ST,HANOVER,MA,023391638,42.1278249,-70.82664947485381,123,0
50d7aadb-b54d-3eee-9620-2feced203e0a,67cade01-dcfe-37b7-8e2c-b712d9e6fbba,Lelah386 Wintheiser220,F,GENERAL PRACTICE,694 MAIN ST,HOLDEN,MA,015201862,42.3406819,-71.8390289,249,0
f04e63c8-42dc-3baf-beea-c7f85695ba67,11a40a26-a5a3-331d-aef0-d06dd90e2b4e,Jacinta658 Wintheiser220,F,GENERAL PRACTICE,10 OSTERVILLE WEST BARNSTABLE RD,YARMOUTH PORT,MA,026752000,41.7020544,-70.249465,256,0
9ae8871a-5c09-3bbf-a04d-739bea10ce93,b954c464-11ea-312b-a3f8-1350775bfa54,Rupert654 Walker122,M,GENERAL PRACTICE,123 CAPTAIN'S ROW,CHELSEA,MA,021504019,42.3917638,-71.0328284,30,0
32e7b28d-bd19-3014-8dd8-514958f515b5,9f368e75-397f-3d77-a317-9a005512a4e2,Franklin857 Pfannerstill264,M,GENERAL PRACTICE,381 PARK AVE,WORCESTER,MA,016101026,42.2583962,-71.82204240042036,200,0
6c95aee8-d9e7-3570-a72e-6209f7dcecb4,4d3ec6c2-f6aa-3d7b-adcc-e7107dac8530,Débora815 Esquibel766,F,GENERAL PRACTICE,14 MASONIC CIRCLE,AUBURN,MA,015011341,42.181923125,-71.86839612499999,5,0
2dcbbde3-00d1-3b01-8fb0-ac4e00bf56fc,7cb70963-6f86-3eab-a12b-88deb31de793,Katelynn452 Ledner144,F,GENERAL PRACTICE,18 DANA HILL ROAD,STERLING,MA,015642414,42.4106904,-71.7976286731579,6,0
6ecfde75-2d0d-36cd-b4e4-74a0f23aa931,95f6c328-96dd-3fb8-a56e-9aad566094b4,Milda157 Schoen8,F,GENERAL PRACTICE,4 STONY HILL ROAD,WILBRAHAM,MA,010951027,42.1552861,-72.48384800788648,168,0
df8cbe77-3b6a-3bc5-826f-7a5d77907326,485ae27b-c5ba-3fd0-9a16-c9eea20be185,Alejandro916 Kris249,M,GENERAL PRACTICE,275 MARTINE STREET  SUITE 202,FALL RIVER,MA,027231518,41.68393816525316,-71.1220830626733,20,0
c5db6db7-3f38-372e-990c-e4dad6dfd6d9,19f958ef-57cf-33c1-b068-14b32a980813,Jordon466 Bruen238,M,GENERAL PRACTICE,155 BROADWAY RD,DRACUT,MA,018262754,42.67578279999999,-71.29320171860073,198,0
f3aeec0c-08a6-3bc4-8f89-8780aab96478,da2e8443-a0d6-3e87-b651-e2697615f4b5,Luis923 Bergstrom287,M,GENERAL PRACTICE,2000 WASHINGTON ST,NEWTON,MA,024621624,42.332192250000006,-71.24597794166553,54,0
c0eaae61-a491-3d85-a18d-127c61d85a13,47602b5b-f4aa-3c73-aa26-2268ccf7a83c,Christopher407 Fisher429,M,GENERAL PRACTICE,90 LINDALL STREET,DANVERS,MA,019232125,42.574712149999996,-70.94359556912616,173,0
f3f0507f-ebcc-3675-960c-8c55b24c85aa,035b7574-2fec-3922-8b57-2388164422e6,Alfredo17 Reichel38,M,GENERAL PRACTICE,874 PURCHASE ST,NEW BEDFORD,MA,027406232,41.636177,-70.926054,137,0
8f1ccbcf-9cd3-38ac-91be-f62612838ab4,6d16a8e3-3569-38ab-afac-a2f8c1125085,Lynn917 Crona259,M,GENERAL PRACTICE,1010 WALTHAM STREET,LEXINGTON,MA,024218052,42.4139392,-71.22929265883278,76,0
fe89df67-dd2a-3278-8525-5e83d1173035,486bf543-9696-3d51-aa70-28a3044ce490,Silvia880 Griego535,F,GENERAL PRACTICE,777 NORTH STREET,PITTSFIELD,MA,012014147,42.46054825,-73.24880457390918,29,0
934ccd31-d2aa-35eb-a1f0-cf693ed97271,91808f17-7583-32a3-aa55-23b131b327c7,Jospeh459 Wunsch504,M,GENERAL PRACTICE,200 CORDWAINER DR,NORWELL,MA,020611671,42.16352995,-70.8846291501739,136,0
b00b1c25-1c30-3d79-b67d-9dc0a9292836,587f07bd-7d69-3291-9aea-abef74f30045,Pearl430 Davis923,F,GENERAL PRACTICE,228 ALMONT ST,MATTAPAN,MA,021261487,42.2805395,-71.09839825,26,0
5cb7085f-d457-3628-9819-20fcf785640e,76baa51d-0d0f-359d-a07b-7b999a43d42e,Dong972 Gibson10,F,GENERAL PRACTICE,101 STATION DR STE 240,WESTWOOD,MA,020902336,42.20728361922244,-71.15698168263435,79,0
0e2a03f9-8330-3bff-983b-935c78c7a5c7,02d7b144-352f-3eac-97db-6fc4a95bf1fa,Greta919 Reinger292,F,GENERAL PRACTICE,120 SEMINARY AVENUE,AUBURNDALE,MA,024662650,42.34002614299451,-71.24911543639162,8,0
59ddb0d7-b07d-3f7d-a6a7-a2eab5300f63,e0584fe3-c4f7-33c7-986b-2568383d7307,Kenneth671 Blanda868,M,GENERAL PRACTICE,120 MAPLE ST STE 303,SPRINGFIELD,MA,011031930,42.1064397,-72.63777529283192,23,0
345f8c44-8eb9-34ba-9fea-d2bd7d79cceb,53f086de-2fc7-3d35-92c2-aca4ed944e7f,Chang901 Kutch271,M,GENERAL PRACTICE,1 GENERAL ST,LAWRENCE,MA,018412961,42.7097143,-71.15007700778098,888,0
3afcc631-3434-3411-8ece-e81c64029ac9,20f63278-6709-3195-b767-782d2a10bd5c,Jamie386 Krajcik437,M,GENERAL PRACTICE,640 CONCORD AVENUE,CAMBRIDGE,MA,021381116,42.389222000000004,-71.14799280677965,51,0
cf4262ce-5ef7-3872-bd60-93e4f171a451,5c9dea98-c535-36fe-8a7b-778b991a7b2c,Jenifer459 Trantow673,F,GENERAL PRACTICE,95 Ashley Avenue  Suite A,West Springfield,MA,01089,42.139397,-72.62382,59,0
ff50f265-350a-3502-8be5-2f55e87e6686,6c71cd3b-4f9d-3de3-ad76-5e21f00c7ddd,Berta524 Jaramillo133,F,GENERAL PRACTICE,349 HAYDENVILLE RD,LEEDS,MA,010539767,42.3612643,-72.69018391711995,1,0
c7ca0652-0567-378d-b031-bce4adb9ddb8,de2ceae4-ddad-3174-9a1b-f32ea37e53f8,Quinton758 Jaskolski867,M,GENERAL PRACTICE,107 LINCOLN STREET,WORCESTER,MA,016052431,42.276415099999994,-71.79469158738553,6,0
cf575d51-6807-3629-b1ab-115a1d2e1dba,c709c5eb-ddd7-3778-84f7-0931a4d1c718,Jim478 Goyette777,M,GENERAL PRACTICE,1200 CENTRE ST,ROSLINDALE,MA,021311000,42.29768,-71.130463,1082,0
0fcbafc3-685f-3857-8970-d64d9c5abe4d,8d81bd8c-ad6c-37f7-95c9-75fd3de24e86,Clare187 Marquardt819,F,GENERAL PRACTICE,118 MAIN ST,STURBRIDGE,MA,015661533,42.0905134,-72.06606362965572,77,0
5447435b-db3c-336e-9fbf-46ceaa2793e2,079dd7d3-2003-331d-b49a-1b5c1b2870cb,Lucio648 Schmeler639,M,GENERAL PRACTICE,200 MILL ROAD SUITE 120,FAIRHAVEN,MA,027195252,41.650636,-70.88137185966522,3,0
002d8e11-248b-3cc0-9a8f-d9a806774834,c05d73d0-b348-32ce-9fe5-13a720950f37,Enrique929 Escobar593,M,GENERAL PRACTICE,45 DRUM HILL RD,CHELMSFORD,MA,018241503,42.6255635,-71.3615131,169,0
3e7a0a62-a8d3-3b25-9955-bbdf5214e5b7,ac0fde88-b0ad-3388-a4a8-b8fc2a4f4af2,Bobbye345 Wuckert783,F,GENERAL PRACTICE,150 YORK STREET,STOUGHTON,MA,020729105,42.144646800000004,-71.09875876961266,359,0
f185ddd4-4185-3283-90f7-b531c503cc91,0e061004-bcc0-3e99-a237-d700823e817b,Kizzie166 Lehner980,F,GENERAL PRACTICE,570 BALDWINVILLE RD,BALDWINVILLE,MA,014361351,42.5953045,-72.07447782689232,79,0
a7ea2e97-1786-313c-bbc6-e75a672b24ad,d70d47dc-b40c-3a04-8342-35cbfe716409,Marcelino726 Hilpert278,M,GENERAL PRACTICE,83 LITTLEFIELD RD,NEWTON,MA,024593010,42.3104327,-71.18883283411856,80,0
fd1abb48-72bb-3fd0-ae62-211dc7ca8b51,de3cc142-803a-3ed4-8945-75ec88a84784,Kory651 Trantow673,M,GENERAL PRACTICE,51 HOSPITAL ROAD,BALDWINVILLE,MA,014361215,42.6108483,-72.0608364,23,0
cee2bfd8-4865-3ea6-b46c-094378b7b295,047f6113-bd42-353b-8368-cf2352868915,Neal874 Schimmel440,M,GENERAL PRACTICE,62 WALNUT ST FL 2ND,WELLESLEY,MA,024812109,42.2964859,-71.2925571,52,0
13b62753-3678-3507-afb6-1913f49c36da,0592d4e5-a0fb-3143-83cd-8e5a6b066a96,Anderson154 Lemke654,M,GENERAL PRACTICE,20 EAST ST,HANOVER,MA,023391638,42.1278249,-70.82664947485381,547,0
743c58b2-b3f0-3cb2-8c46-c9b2dc8fd07a,c67ca7ed-4769-3b6c-a0a9-993f1227ff10,Londa304 Veum823,F,GENERAL PRACTICE,1 BLACKBURN DR,GLOUCESTER,MA,019302237,42.6269312,-70.65555242413386,365,0
d05a9b62-2eba-3b6a-ac55-adab0acc9dca,6b9c5830-a278-38ff-887f-ccefd74cf8e8,Fawn386 Hettinger594,F,GENERAL PRACTICE,184 LINCOLN STREET,NORTH EASTON,MA,023561799,42.06665855,-71.11947646404934,134,0
76ce09c2-be9d-3a48-a0d8-502ae2e7fbb4,7b5bf0fc-c5c0-3f22-980b-fdfff326a9b4,Lorenzo669 Castañeda925,M,GENERAL PRACTICE,40 CUMBERLAND AVE,NORTH ATTLEBORO,MA,027604445,41.9316677,-71.35407469790115,17,0
c1111795-ed1e-3313-bede-42dafa29321a,ba07b31b-bf14-39b8-be95-4c5ca5062daa,Kim439 Hyatt152,M,GENERAL PRACTICE,1575 CAMBRIDGE ST,CAMBRIDGE,MA,021384308,42.375209549999994,-71.10711344152975,1102,0
cfd34962-7b44-3d0c-9961-0df02e3ab07f,064ba8c8-f6f7-3582-8f41-c963ceedfee4,Lexie163 Ankunding277,F,GENERAL PRACTICE,500 BELMONT STREET,BROCKTON,MA,023014985,42.07465845,-71.03975419622803,1,0
0fc6090c-d229-3c94-bac1-d36b6a7415f5,6aae7a31-90df-3455-ad8d-81f8cf2d21e8,Houston994 Funk324,M,GENERAL PRACTICE,680 CENTRE ST,BROCKTON,MA,023023308,42.0872752,-70.9910738855076,919,0
ba04f57e-f6b1-380d-a9b7-1b89d26b9c2e,14036728-b721-3e4b-8755-8ee8ab6ed15e,Rocky100 Schmeler639,M,GENERAL PRACTICE,625 MOUNT AUBURN ST,CAMBRIDGE,MA,021384518,42.375351,-71.1468628,305,0
3b8bd5ec-634c-3272-8a36-bc46b483dc71,104079d4-560e-3eb8-9a48-d495835a3997,Nevada145 Schmeler639,F,GENERAL PRACTICE,68 CAMP ST,MASHPEE,MA,026493465,41.6484421,-70.4811383,158,0
