Id,BIRTHDATE,DEATHDATE,SSN,DRIVERS,PASSPORT,PREFIX,FIRST,MIDDLE,LAST,SUFFIX,MAIDEN,MARITAL,RACE,ETHNICITY,GENDER,BIRTHPLACE,ADDRESS,CITY,STATE,COUNTY,FIPS,ZIP,LAT,LON,HEALTHCARE_EXPENSES,HEALTHCARE_COVERAGE,INCOME
78428f47-75c9-a4d3-9cbc-a4803c28bbce,1970-05-01,1977-02-15,999-48-3066,,,,Cruz300,,McClure239,,,,white,nonhispanic,F,Lowell  Massachusetts  US,695 Carter Orchard Suite 93,Sharon,Massachusetts,Norfolk County,25021,02067,42.075744026192794,-71.19094119777286,20497.49,11332.31,160973
34af6283-20ff-7470-563c-444c1a0060b1,2007-02-21,,999-14-4659,S99922054,,Mr.,Dante562,,West559,,,,white,nonhispanic,M,Springfield  Massachusetts  US,687 Wisoky Village,Sharon,Massachusetts,Norfolk County,25021,02067,42.10581100031701,-71.2047086583819,83543.40,725037.15,164260
e6797eec-5b3a-f9d9-0970-d6efdfb67101,1990-07-02,,999-51-5592,S99967646,X58060112X,Mr.,Raúl937,,Abreu185,JD,,M,black,hispanic,M,Salisbury  Saint Joseph Parish  DM,768 Effertz Gateway,Chelsea,Massachusetts,Suffolk County,25025,02151,42.41977034725465,-71.03373318023316,111526.58,15454.71,168360
d994f009-945b-9eb3-7087-7ce893b9e9c5,1988-01-18,,999-94-3154,S99955046,X39775626X,Mrs.,Annemarie794,Grazyna952,Grant908,,Cruickshank494,M,white,nonhispanic,F,Fairhaven  Massachusetts  US,358 Jacobson Arcade Unit 64,Attleboro,Massachusetts,Bristol County,44007,02861,41.9199184252386,-71.33581976828211,409124.10,282003.39,48409
de9ac945-4b31-8f3d-c9f7-786a0828a854,2025-10-11,,999-26-1630,,,,Soraya693,Vella930,Hahn503,,,,black,nonhispanic,F,Malden  Massachusetts  US,560 D'Amore Track Suite 64,Boston,Massachusetts,Suffolk County,25025,02119,42.34094619501551,-71.03016969117247,1617.16,636.62,641779
2b039fe8-dd93-31b5-105f-aa965ed38bfa,2022-10-27,,999-32-1333,,,,Suzy993,Sheryl275,Bosco882,,,,white,nonhispanic,F,Cambridge  Massachusetts  US,458 Wuckert Park Unit 7,Canton,Massachusetts,Norfolk County,,00000,42.19645803276363,-71.12290835272346,12892.61,3614.26,82949
91de6ab6-0192-8ecf-d883-f14786165988,2021-01-06,,999-82-1639,,,,Tomás404,Jacobo456,Garay400,,,,white,hispanic,M,Carolina  Puerto Rico  PR,640 Witting Hollow,Lawrence,Massachusetts,Essex County,25009,01841,42.6979180459834,-71.16182187120796,8713.23,9285.32,99560
09c8046b-c489-929d-125b-6d92cd5b1ad1,2005-11-10,,999-57-3130,S99943918,X38173141X,Mr.,Arnulfo253,Robert854,Hackett68,,,,white,nonhispanic,M,Worcester  Massachusetts  US,985 Graham Highlands Apt 1,Saugus,Massachusetts,Essex County,25009,01906,42.4932585644616,-71.0551046710991,3667.57,53899.95,15697
0bac620c-d691-6d15-7c78-06bff688ed7c,2000-11-22,,999-95-7143,S99937378,X12369734X,Mr.,Aron520,Geraldo282,Hammes673,,,,white,nonhispanic,M,Lowell  Massachusetts  US,180 Goodwin Vista,Newburyport,Massachusetts,Essex County,25009,01951,42.85887238309717,-70.92810711866754,50585.86,57714.97,84961
3c55cb35-7284-e974-59f9-b8246381db8a,1970-05-01,2014-09-02,999-39-7412,S99921037,X85474423X,Mrs.,Candra395,,Franecki195,,Nitzsche158,D,white,nonhispanic,F,Springfield  Massachusetts  US,181 Weimann Light,Sharon,Massachusetts,Norfolk County,25021,02067,42.107980702425,-71.21976591557352,298050.42,966162.99,160973
af3a611d-5c34-c14e-9b68-eb2380fc6cb6,2011-02-14,,999-23-6375,,,,Estela596,Randi364,Oberbrunner298,,,,white,nonhispanic,F,Concord  Massachusetts  US,120 Berge Pathway Unit 57,Ipswich,Massachusetts,Essex County,25009,01938,42.710817384278194,-70.84160147435534,3300.00,125319.66,11242
7fc7310c-3dfa-4284-76ce-457b2039722d,1995-05-31,,999-36-8827,S99971264,X75884548X,Mrs.,Kandis954,Sha84,Osinski784,,Heidenreich818,M,black,nonhispanic,F,Beverly  Massachusetts  US,416 Hansen Estate,Boston,Massachusetts,Suffolk County,25025,02121,42.252359649334835,-71.11908438583193,160281.33,370917.77,78887
95bb760c-16d7-7bc4-4707-fd25cae2c25d,1964-01-04,2003-07-14,999-60-6446,S99980708,X39844902X,Mrs.,Ginger664,Trinh357,Corwin846,,MacGyver246,D,white,nonhispanic,F,Weston  Massachusetts  US,1007 O'Connell Alley Apt 24,Melrose,Massachusetts,Middlesex County,25017,02176,42.42936750122644,-71.034871988411,682385.52,125473.01,113742
801d17ec-aabc-716a-3c83-668ae0eed98d,1974-12-03,,999-84-2376,S99935749,X83513489X,Mrs.,Elana101,Kevin729,Stroman228,,Gerlach374,D,white,nonhispanic,F,Lynn  Massachusetts  US,206 Strosin Quay Unit 6,Boston,Massachusetts,Suffolk County,25025,02210,42.34419079933858,-71.03189934444036,491390.89,187792.47,37692
82ad50b0-761b-30e3-37b6-b73daa8c3eb6,1974-02-12,,999-74-8100,S99947472,X9800365X,Mrs.,Cleo27,Armandina361,Buckridge80,,Kihn564,D,white,hispanic,F,Methuen  Massachusetts  US,337 Cronin Junction Suite 95,Gloucester,Massachusetts,Essex County,25009,01930,42.62316090925019,-70.72187432392428,16754.41,725695.86,18513
5f26e65b-96f4-b6d7-fdac-2f23f9c170d1,1970-05-01,,999-39-7733,S99967230,X80295767X,Mrs.,Lang846,Gearldine455,Bernhard322,,Greenfelder433,M,white,nonhispanic,F,Harwich Center  Massachusetts  US,909 Koelpin Mill,Sharon,Massachusetts,Norfolk County,25021,02067,42.156297832271584,-71.15164936648026,316691.30,886618.04,160973
33088290-8d53-c334-0a7e-6143bca78349,1989-09-22,,999-67-6311,S99944071,X59596535X,Mr.,Shelton25,Buddy254,Muller251,,,S,asian,nonhispanic,M,Townsend  Massachusetts  US,636 Goodwin Dam Apt 10,Gloucester,Massachusetts,Essex County,25009,01930,42.59651787750312,-70.64548976349812,102641.67,0.00,44421
b3bd6335-9166-6bdc-2aad-b5c267d90d3f,2017-03-15,,999-74-7693,,,,Ana María762,Guadalupe206,Caraballo427,,,,white,hispanic,F,Juarez  Chihuahua  MX,959 Ullrich Mission,Worcester,Massachusetts,Worcester County,25027,01604,42.29271097991604,-71.79619573744127,1645.86,27026.05,18869
0311c98c-1bbb-bee6-73d2-ba5626b30df3,1990-05-18,,999-21-3043,S99967488,X52754855X,Mr.,Dong972,Delbert384,McKenzie376,,,M,black,nonhispanic,M,Stoughton  Massachusetts  US,631 Schroeder Mall Apt 98,Boston,Massachusetts,Suffolk County,25017,02467,42.304591451998455,-71.08138034840646,21713.51,74878.47,61814
7c070260-5a1a-7f60-3e22-318b569eac48,1964-01-04,,999-57-5022,S99930347,X5034493X,Mrs.,Libby988,Numbers230,Kihn564,,Hettinger594,W,white,nonhispanic,F,Wakefield  Massachusetts  US,440 Herzog Spur,Melrose,Massachusetts,Middlesex County,25017,02176,42.40935165187195,-71.0538766147526,474146.25,280533.03,113742
a1dc6266-a037-175a-78fa-d110ba525200,1953-07-14,1994-03-16,999-38-5620,S99922646,X46956919X,Mr.,Weston546,,Pouros728,,,M,black,nonhispanic,M,Swampscott  Massachusetts  US,527 Prosacco Crossroad,Plymouth,Massachusetts,Plymouth County,25023,02360,41.880211270408076,-70.60026578407036,138706.38,20169.43,150291
1a7b7062-b96d-1c36-923d-8923e25aa115,1994-11-08,,999-41-3042,S99919590,X70038145X,Mr.,Allen322,,Tillman293,,,M,white,nonhispanic,M,Uxbridge  Massachusetts  US,402 Durgan Lane,Quincy,Massachusetts,Norfolk County,25021,02186,42.28994413890798,-70.99563411716953,5685.00,61066.08,1245
defbb08e-4ae1-c59f-ef25-1b0bd4065a8b,2017-02-01,,999-62-5138,,,,Marilu588,Adriana394,Galván169,,,,black,nonhispanic,F,Havana  Havana  CU,504 Heller Underpass,Lakeville,Massachusetts,Plymouth County,,00000,41.80483443324943,-70.9525179311321,21109.78,4279.79,58476
4de42a94-fc98-89b4-f181-471541c1ac84,2000-08-03,,999-45-5731,S99965700,X42481763X,Ms.,Lavonda853,Torrie697,Heller342,,,,white,nonhispanic,F,Somerset  Massachusetts  US,505 Roob Union,Wellesley,Massachusetts,Norfolk County,25021,02482,42.256499854661975,-71.25387728756515,83011.43,12350.78,462952
93cfbf90-3b6a-df1d-5c89-f36ecd2a97be,1953-07-14,,999-86-2741,S99959894,X40411923X,Mr.,Jesse626,George991,Waters156,,,M,black,nonhispanic,M,Wayland  Massachusetts  US,133 Morar Drive Suite 47,Plymouth,Massachusetts,Plymouth County,25023,02360,41.91049624417118,-70.62493484487423,185665.99,135219.18,150291
884037f3-1d5f-e260-0ddb-a8dbbf042d49,1980-09-14,,999-80-9357,S99986230,X64161233X,Mr.,Nicky270,Fernando603,Hoeger474,,,M,white,nonhispanic,M,Worcester  Massachusetts  US,830 Witting Orchard,Bellingham,Massachusetts,Norfolk County,25021,02019,42.04911063088512,-71.46942794882408,94966.85,0.00,72913
fc9fd1a8-3a6d-d367-5e3c-880dccb70be6,1916-02-28,,999-72-4748,S99910164,X66240966X,Mrs.,Ena816,Aleshia311,Ebert178,,Kreiger457,M,white,nonhispanic,F,Plymouth  Massachusetts  US,235 Okuneva Rue,Abington,Massachusetts,Plymouth County,25023,02351,42.12958630325465,-70.92956793353439,964603.59,1101983.75,95145
e7db2ab7-05be-7bb2-2b4f-fec35abdf5c0,2019-06-10,,999-62-6157,,,,Lashay246,,Johnston597,,,,white,nonhispanic,F,Billerica  Massachusetts  US,959 Tillman Loaf Apt 4,Quincy,Massachusetts,Norfolk County,25021,02171,42.284729894141115,-71.04008545048657,1437.50,19091.62,2022
23b6bbba-e80a-470c-fe43-b50e66e0f45e,1942-06-07,,999-87-7163,S99919131,X13061893X,Mrs.,Rachell479,Sudie246,Miller503,,Labadie908,M,white,nonhispanic,F,North Attleborough  Massachusetts  US,104 Spencer Green,Dartmouth,Massachusetts,Bristol County,,00000,41.56462713251618,-71.00673833689234,644699.44,556099.75,51198
38b125eb-9723-bc8c-f92c-cfcc8ebd3da2,1989-03-09,,999-82-3030,S99990872,X22429215X,Mrs.,Kaycee352,Georgia502,Hagenes547,,Schneider199,M,white,nonhispanic,F,Southborough  Massachusetts  US,442 Crona Junction Suite 90,Springfield,Massachusetts,Hampden County,25013,01128,42.14541028571932,-72.50823054801812,57766.57,698272.26,37559
13dcfda3-9c91-8c27-0cb7-d3fb716f9a70,1963-08-18,2017-03-04,999-53-9842,S99996032,X45796450X,Mrs.,Rachele486,Angella518,Aufderhar910,,O'Hara248,M,white,nonhispanic,F,Wilmington  Massachusetts  US,942 Bergstrom Gateway Suite 69,Andover,Massachusetts,Essex County,25009,01810,42.61894635252924,-71.15277202962326,293518.44,518173.76,128847
7cf4ed7f-95e8-2c27-75a4-5d2d9a903a59,1979-07-12,,999-21-8866,S99957701,X36469530X,Mrs.,Alva958,Nguyet780,Gaylord332,,McDermott739,D,white,nonhispanic,F,Fall River  Massachusetts  US,336 Wintheiser Boulevard,Swansea,Massachusetts,Bristol County,,00000,41.74026050484903,-71.23485644578174,141621.98,224664.81,23886
ef7a24a7-1d1c-4921-ac44-5e10d8799202,1979-07-19,,999-85-7308,S99981662,X54897679X,Mr.,Blake449,Connie24,Stanton715,,,S,asian,nonhispanic,M,Melrose  Massachusetts  US,166 Beahan Bypass,Arlington,Massachusetts,Middlesex County,25017,02476,42.38136924122023,-71.18160888488649,127488.06,18635.49,927808
8f283b76-3a0a-ca9d-a473-789f9e67b2f4,1998-04-09,,999-48-4451,S99976301,X85004608X,Mrs.,Roy364,Gabriele201,Tromp100,,Schiller186,M,white,nonhispanic,F,Boston  Massachusetts  US,758 Schuppe Light,Boston,Massachusetts,Suffolk County,25017,02467,42.39115953990516,-71.02261909090844,6144.76,111449.38,14865
a1fdf6b0-98d7-cee0-b4dc-084b1f4dc300,2000-03-24,,999-52-5710,S99952625,X36006241X,Mr.,Marc757,Will178,Kunde533,,,,white,nonhispanic,M,Lawrence  Massachusetts  US,516 Mitchell Overpass,Somerville,Massachusetts,Middlesex County,25017,02144,42.466592227343966,-71.14497493034183,84966.10,7340.28,84935
6c6e207d-f165-697e-7e4a-bcef3a67db9e,1963-08-18,,999-87-7813,S99987409,X75047122X,Ms.,Jeanine128,,Braun514,,,S,white,nonhispanic,F,Harwich  Massachusetts  US,824 Rosenbaum Avenue,Andover,Massachusetts,Essex County,25009,01810,42.65541469424241,-71.14826917819252,303773.14,590583.86,128847
3ebbd91e-555c-6d8d-ad7d-2bbf0e4c5153,1965-01-19,2024-10-23,999-60-9479,S99922862,X26337555X,Mr.,Al123,Errol226,Ryan260,,,M,asian,nonhispanic,M,Beijing  Beijing Municipality  CN,1076 Huels Lock Unit 56,Quincy,Massachusetts,Norfolk County,25021,02169,42.25870916357699,-70.99622314068424,135553.85,1162075.17,44235
c4f500da-a2ae-e784-3147-82cf1e63570a,2000-06-24,,999-11-1919,S99938410,X23009186X,Mr.,Javier97,,Mateo562,,,,white,hispanic,M,Juarez  Chihuahua  MX,874 Marks Mall,Boston,Massachusetts,Suffolk County,25025,02210,42.3532250049855,-71.11960762343014,53948.30,61534.02,177948
729f82b6-38c2-55b8-7ab7-95a1f89e7988,1997-08-29,,999-32-7305,S99920647,X52088383X,Mr.,Arthur650,Simon598,Blick895,,,M,black,nonhispanic,M,Northbridge  Massachusetts  US,358 Boyle Terrace,Watertown,Massachusetts,Middlesex County,25017,02472,42.4123754660072,-71.14457662076711,75813.88,12741.39,81275
459c7a12-ad7b-98f4-445d-2f20c448ea36,2021-05-03,,999-43-1303,,,,Felicitas300,Hortencia577,Johnson679,,,,white,nonhispanic,F,Fairhaven  Massachusetts  US,265 Kunde Arcade,Tewksbury,Massachusetts,Middlesex County,,00000,42.59794474843694,-71.24244413779594,600.00,13778.88,10841
6d4512d2-0374-f914-545a-9ec39311e80b,1966-07-20,1968-04-24,999-68-6617,,,,Homero668,Hugo693,Orozco750,,,,white,hispanic,M,Port-au-Prince  Haiti  HT,229 Klocko Burg,Lynn,Massachusetts,Essex County,25009,01906,42.43946850207384,-70.92209985997859,8837.02,17592.07,92479
0bd88a14-2fe5-39cb-2be3-c9833853eecd,1974-09-08,2000-11-28,999-62-7153,S99917186,X79806334X,Mr.,Sherman440,Garland107,Klocko335,,,,white,nonhispanic,M,South Duxbury  Massachusetts  US,226 Hills Trafficway Apt 67,Boylston,Massachusetts,Worcester County,,00000,42.35518343854037,-71.76519592279612,157734.84,111910.39,70404
73e7dc0f-b27c-015b-718f-9cb20832714a,1974-09-08,1996-07-28,999-81-2895,S99988499,X54270957X,Mr.,Louis204,Lucius907,Nicolas769,,,,white,nonhispanic,M,Lawrence  Massachusetts  US,993 Kuhic Byway Apt 75,Boylston,Massachusetts,Worcester County,,00000,42.39061222179535,-71.73736264743555,103928.58,0.00,70404
2d8568ce-8683-d4e9-190d-5dd07365bd16,1945-09-20,2005-11-29,999-20-7526,S99924084,X45004890X,Mrs.,Guillermina633,Teresa94,Peralta301,,Salcedo309,M,white,hispanic,F,Mexico City  Mexico City  MX,885 Lemke Quay,Northbridge,Massachusetts,Worcester County,,00000,42.13969806902073,-71.66571975368515,380948.44,1684401.36,136313
517b669b-4480-84c3-a684-9e50f3f6cedf,1966-07-20,,999-18-3830,S99951730,X1955899X,Mr.,José3,Salvador46,Camacho176,,,M,white,hispanic,M,Kingston  Kingston  JM,316 Schimmel Trailer,Lynn,Massachusetts,Essex County,25009,01905,42.426073863060985,-71.00667388169349,155354.81,17436.10,92479
9f0704ba-e536-750e-4d47-c6aa816d7c21,1965-01-19,,999-76-3722,S99929656,X4914985X,Mr.,Terry864,Ali918,McGlynn426,,,S,asian,nonhispanic,M,Chongqing  Chongqing Municipality  CN,776 Murphy Knoll Apt 23,Quincy,Massachusetts,Norfolk County,25021,02169,42.244030100815515,-70.98714747184572,473978.26,459280.34,44235
6ab529e1-e32f-c12a-0618-53275d3a0baf,2009-03-08,,999-52-7419,S99946094,,,Philip822,Michel472,O'Hara248,,,,white,nonhispanic,M,Waltham  Massachusetts  US,282 Mante Rest Suite 18,Cambridge,Massachusetts,Middlesex County,25017,02472,42.40462825746199,-71.10466774074105,28732.63,2560.23,48035
5b951d6e-98f8-e2e8-d7a6-97ae12b24c7b,2023-06-24,,999-47-8244,,,,Clemente531,Mauricio81,Brekke496,,,,white,nonhispanic,M,Dighton  Massachusetts  US,602 Roob Terrace Suite 21,Boston,Massachusetts,Suffolk County,25025,02199,42.37683675455073,-71.0528916538734,450.00,10530.23,12882
28fc03bc-112c-2910-63ad-9d48c8e9b1b8,1974-09-08,,999-48-6274,S99939264,X54583103X,Mr.,Amos720,Sylvester827,Stark857,,,M,white,nonhispanic,M,Ludlow  Massachusetts  US,436 Mertz Meadow Suite 11,Boylston,Massachusetts,Worcester County,,00000,42.32619365014814,-71.75883257801556,132209.64,18485.60,70404
8f481796-6891-e062-9939-c2ebc92ba805,1970-01-02,,999-74-4534,S99959652,X75643846X,Mrs.,Sandie760,,Carter549,,Cruickshank494,M,white,nonhispanic,F,Auburn  Massachusetts  US,660 Streich Green Suite 1,Braintree,Massachusetts,Norfolk County,25021,02184,42.24904144586127,-70.99714660274414,326491.72,1143914.35,965057
e34411f3-f132-15a9-c19a-fb62395c0c7e,1991-07-24,,999-20-5301,S99944080,X28788105X,Mr.,Corey514,,Jacobson885,,,M,white,nonhispanic,M,Chelsea  Massachusetts  US,724 Adams Path,South Amherst,Massachusetts,Hampshire County,,00000,42.3761627784805,-72.53072318512754,44841.22,45563.40,178402
92bf9b2e-eebe-6742-71ca-b3088d495ceb,1945-09-20,,999-75-6899,S99910392,X79437149X,Mrs.,Juana825,Marta91,Ulloa39,,Briones478,M,white,hispanic,F,Bogota  Bogota  CO,212 Watsica Highlands Apt 65,Northbridge,Massachusetts,Worcester County,,00000,42.118628490856615,-71.61654654649492,291750.21,478383.63,136313
2357310e-2214-613a-77f9-93aba1a18673,1974-05-04,,999-55-9765,S99960729,X43912973X,Mr.,Herschel574,Jospeh459,Leuschke194,,,M,white,nonhispanic,M,Tisbury  Massachusetts  US,472 Bergstrom Row Apt 75,Pocasset,Massachusetts,Barnstable County,25001,02559,41.70812213792965,-70.60861899793676,246471.82,16062.34,115257
aec61970-80e5-539a-86f5-fb6fc420439f,2017-01-13,,999-31-7506,,,,Guadalupe206,Thurman577,Sauer652,,,,white,nonhispanic,M,Lowell  Massachusetts  US,889 Lind Avenue,Boston,Massachusetts,Suffolk County,25025,02121,42.2925434602863,-71.08756911467962,1447.08,14714.75,10536
95c1f1e7-08f2-65df-d91a-8cde95270faa,1958-10-02,,999-34-3993,S99935741,X86882372X,Mrs.,Charlena802,Criselda629,Conn188,,Grimes165,M,white,nonhispanic,F,Newburyport  Massachusetts  US,492 Bartoletti Passage Suite 75,Swampscott,Massachusetts,Essex County,25009,01907,42.46666660672061,-70.84774016370781,141440.46,623416.22,796516
a606240e-8e91-66f4-184e-dd0c4a3183dc,1937-04-19,2022-07-21,999-74-9136,S99990343,X49466724X,Ms.,Inés791,Carlota980,Avilés474,,,S,white,hispanic,F,Carolina  Puerto Rico  PR,1044 Wiza Route,Carlisle,Massachusetts,Middlesex County,,00000,42.583541362053346,-71.35312771261917,278189.54,693190.83,137957
0e974f6f-cf5d-02ab-144c-2443be1ad220,1978-12-28,,999-11-8750,S99986698,X83465845X,Mr.,Benito209,,Gusikowski974,,,D,white,nonhispanic,M,Lynn  Massachusetts  US,854 Grant Trailer,Dudley,Massachusetts,Worcester County,,00000,42.05369690041453,-71.95148890103918,101397.39,19612.23,383619
814e347d-ed11-0e28-0c92-6e7cbb75b14c,1982-01-15,,999-48-2116,S99961870,X26348710X,Mr.,Lorenzo669,Antonio44,Rico947,,,M,black,hispanic,M,San Jose  San Jose  CR,809 Feeney Common Unit 25,Boston,Massachusetts,Suffolk County,25025,02118,42.33807040494769,-71.06227109482569,79621.51,7404.33,56021
bb37c2b3-6def-6c23-e86f-8c275fc9feff,1971-12-10,2016-11-30,999-80-4155,S99950048,X74671069X,Mr.,Norberto865,Dorian295,Johnson679,,,M,asian,nonhispanic,M,Walpole  Massachusetts  US,659 Huel Corner Apt 53,Lowell,Massachusetts,Middlesex County,25017,01851,42.63003430583833,-71.30581972888494,13771.20,120267.33,12972
7f3e5623-08dc-522f-8c61-7bf8ac93fa1a,1973-10-08,,999-74-3285,S99998569,X50036466X,Mr.,Winford225,,Dare640,,,M,white,nonhispanic,M,Charlton  Massachusetts  US,493 Schiller Avenue Apt 94,Quincy,Massachusetts,Norfolk County,25021,02171,42.24078711618261,-71.03248612561885,62025.56,71755.61,922144
7b59197d-b83c-a395-6f25-e0777061fed9,1968-11-15,,999-80-7439,S99956910,X23430100X,Mr.,Romeo514,Guadalupe206,Trantow673,,,D,black,nonhispanic,M,Worcester  Massachusetts  US,832 Thompson Ville,Lynn,Massachusetts,Essex County,25009,01901,42.470316296761474,-70.94839085323981,113546.66,20014.61,34937
0ad6dbf0-ea68-9658-c116-eccc2c3a55ff,1971-12-10,,999-83-4657,S99910982,X8711295X,Mr.,Timothy142,,Emard19,,,M,asian,nonhispanic,M,Winchester  Massachusetts  US,304 Crooks Ramp Apt 55,Lowell,Massachusetts,Middlesex County,25017,01852,42.667510243329595,-71.30357611363901,16943.46,401904.19,12972
685779ed-1750-91b1-2b31-ff5a2fc9a078,1937-04-19,2011-04-04,999-33-7592,S99978535,X82597351X,Ms.,Anita473,María Cristina383,Gutiérrez115,,,S,white,hispanic,F,Puebla  Puebla  MX,849 Mohr Forge Unit 34,Carlisle,Massachusetts,Middlesex County,,00000,42.48760039940376,-71.36309648530894,426516.25,1512124.17,137957
ddbacba0-aa00-64d6-e859-07fe7bc49647,1975-09-12,,999-96-7726,S99944838,X47819143X,Mr.,Rogelio17,Eldridge510,Hackett68,,,S,white,nonhispanic,M,Watertown  Massachusetts  US,385 Runte Boulevard Apt 43,New Bedford,Massachusetts,Bristol County,25005,02744,41.752055747367386,-70.85487742649086,11889.26,573420.45,14855
037b06cb-4ead-05ea-41a8-cad4c501fce5,1994-03-25,,999-89-7149,S99961118,X83719982X,Mr.,Gaylord332,Neil122,Ernser583,,,M,white,nonhispanic,M,Acushnet  Massachusetts  US,257 Fadel Vale,Lenox,Massachusetts,Berkshire County,25003,01240,42.32337591078569,-73.3094727289413,82052.33,32929.78,61600
04f5a0ff-5524-0326-ea5e-dae5c926160b,1982-10-05,,999-12-9935,S99916860,X41652882X,Mrs.,Emma804,Marlyn309,Haag279,,Sawayn19,M,white,nonhispanic,F,Ashland  Massachusetts  US,693 Hand Loaf Suite 27,Uxbridge,Massachusetts,Worcester County,,00000,42.051763634216336,-71.65078168645606,238479.21,542625.00,130852
877ef734-e6f6-b9ef-c908-8f0212b208f8,2010-10-11,,999-47-2759,,,,Deshawn686,Charles364,Ernser583,,,,white,nonhispanic,M,Bedford  Massachusetts  US,1015 Turcotte Wall Unit 49,Boston,Massachusetts,Suffolk County,25025,02135,42.467567632862476,-71.01136140527215,54459.05,15481.35,39600
adbc0fc9-64d1-0663-98a4-f2d85f6588d6,2021-07-12,,999-17-6555,,,,Babette571,Sharron285,Nienow652,,,,white,nonhispanic,F,Fitchburg  Massachusetts  US,679 Toy Viaduct,Marshfield,Massachusetts,Plymouth County,25023,02050,42.065946652004484,-70.72855090308119,1000.00,17144.11,20409
2d57bf72-9e4a-0dd1-330b-39d109cf3a7e,1985-10-18,,999-49-4643,S99976763,X67549111X,Mrs.,Ariane992,,Funk324,,Treutel973,D,white,nonhispanic,F,Heraklion  Heraklion Prefecture  GR,193 Spinka Junction,Methuen,Massachusetts,Essex County,25009,01844,42.77653027235493,-71.18865542617078,132936.87,626671.77,845681
11344659-24f5-90a0-f40c-afa0894aee21,1993-07-08,,999-73-2023,S99960207,X39424933X,Mr.,Rudy520,,Kshlerin58,,,M,black,nonhispanic,M,Stoneham  Massachusetts  US,538 Ankunding Way,Needham,Massachusetts,Norfolk County,25021,02492,42.26360314406641,-71.23880821539683,93507.01,31139.36,155832
0a4366ce-3a47-3e2f-b260-68b402bfacec,1994-07-10,,999-13-4962,S99930874,X59438842X,Mr.,Manuel446,Francisco472,Bode78,,,S,white,nonhispanic,M,Watertown  Massachusetts  US,546 Toy Lodge,Chester,Massachusetts,Hampden County,25003,01011,42.237325563289076,-72.90097199734691,186874.44,26830.21,91490
229e3e46-55ba-f138-ac3d-e6ab75aedaea,1937-04-19,2004-07-15,999-51-9814,S99952634,X22589427X,Mrs.,Ariadna374,Eva64,Negrete68,,Concepción765,M,white,hispanic,F,San Juan  Puerto Rico  PR,131 Herzog Trace,Carlisle,Massachusetts,Middlesex County,,00000,42.58374032354568,-71.33680315008641,160508.52,473530.08,137957
d92ef773-5921-77ce-f9f4-6cfed7fe1238,1982-11-05,,999-17-8904,S99989002,X58425421X,Mr.,Gerry91,Malik994,Robel940,,,S,white,nonhispanic,M,Hopkinton  Massachusetts  US,248 Roob Esplanade Suite 83,Athol,Massachusetts,Worcester County,25027,01331,42.56259057618393,-72.23083684513357,133048.36,121936.87,28402
9771b13e-7ae9-34e4-6220-7d2f0a4eb007,1974-03-01,,999-43-7693,S99949539,X11326295X,Ms.,Rosann381,Laurel943,Raynor401,,,S,white,nonhispanic,F,Winthrop  Massachusetts  US,1012 Schuppe Mission Apt 27,Stoughton,Massachusetts,Norfolk County,,00000,42.10649438085969,-71.06670401651392,383732.27,984377.87,148817
c2a37da4-96ed-a975-7cdf-01ce7f65efa6,1972-06-19,,999-59-8775,S99993298,X22502527X,Mr.,Edgardo196,Cleo27,Schoen8,,,D,asian,nonhispanic,M,Spencer  Massachusetts  US,699 Effertz Fork Suite 78,Gloucester,Massachusetts,Essex County,25009,01930,42.614598851425995,-70.69816140850914,355747.65,328396.69,36183
8ddc6fd1-a73b-0004-57ad-604f6a17a663,2007-02-06,,999-17-3779,S99921090,,Ms.,Dusty207,,Reynolds644,,,,white,nonhispanic,F,Gloucester  Massachusetts  US,302 Little Center,Beverly,Massachusetts,Essex County,25009,01915,42.59895946207132,-70.8200126216225,29452.50,30048.22,173418
01c92718-c5d2-0597-89f0-b6d7057d68d7,2002-11-27,,999-43-1456,S99912364,X83744145X,Ms.,Alica364,Sherie778,Nolan344,,,,black,nonhispanic,F,Fall River  Massachusetts  US,808 Schaefer Underpass Suite 35,Boston,Massachusetts,Suffolk County,25025,02121,42.32805165679564,-71.11721430818032,148899.99,750097.86,44918
b4ee6f0d-2577-a4c1-b758-54afcf520e66,1986-02-03,,999-57-8378,S99994394,X85739774X,Mr.,Renato359,Garfield38,Smith67,,,M,asian,hispanic,M,Holliston  Massachusetts  US,220 Stamm Well Apt 83,Westwood,Massachusetts,Norfolk County,,00000,42.20879459643624,-71.25463190462361,118866.08,145589.89,145611
de1edb88-26c4-88d1-0ecf-7b242c3e3cb8,1987-01-17,,999-56-1183,S99921851,X86237534X,Mr.,Judson999,Teddy976,Konopelski743,,,M,black,nonhispanic,M,Acushnet  Massachusetts  US,344 Reilly Crossing Suite 44,North Pembroke,Massachusetts,Plymouth County,25023,02358,42.13377111486101,-70.81575660640534,378838.85,296932.61,97495
c24c9405-8bea-3898-1c9c-73c35287c2f2,1998-10-17,,999-78-8780,S99916417,X12079323X,Ms.,Taunya970,Caridad510,Lindgren255,,,,white,nonhispanic,F,Quincy  Massachusetts  US,452 Beer Bridge,Leverett,Massachusetts,Franklin County,,00000,42.48753046915577,-72.47837262506684,66585.40,68018.30,106848
567554dd-7afd-edfb-6861-eb616b40235f,1988-01-19,2002-01-25,999-22-9326,,,,Colene948,Lilla884,Graham902,,,,hawaiian,nonhispanic,F,Quincy  Massachusetts  US,258 Crooks Dam Suite 65,West Tisbury,Massachusetts,Dukes County,,00000,41.4432647911604,-70.70477149992774,43180.14,15902.25,59644
91715a80-f7ec-51d0-9bba-5b22e62281a7,1937-04-19,1999-12-27,999-34-8307,S99930919,X80702851X,Mrs.,Emilia403,Leonor133,Toledo81,,Cantú190,M,white,hispanic,F,Carolina  Puerto Rico  PR,996 Borer Forge Apt 96,Carlisle,Massachusetts,Middlesex County,,00000,42.575182707871065,-71.33953968771624,395134.17,1222240.26,137957
b1c30796-2922-e3c2-1e35-3387556ce338,1973-11-28,,999-53-9736,S99948995,X46838714X,Mr.,Jordon466,Robt687,Stoltenberg489,,,M,white,nonhispanic,M,Cambridge  Massachusetts  US,682 Flatley Meadow Suite 58,Reading,Massachusetts,Middlesex County,25017,01867,42.52495552360137,-71.0949559295959,168509.32,31640.18,86660
c4eb2bac-8203-d5b9-282f-fed3bc966427,1988-01-19,,999-14-3830,S99943847,X58219484X,Ms.,Sherry479,Eustolia154,Mohr916,,,S,hawaiian,nonhispanic,F,Lawrence  Massachusetts  US,632 Senger Forge Suite 6,West Tisbury,Massachusetts,Dukes County,,00000,41.4388395720098,-70.69412107962337,348392.41,500977.53,59644
a9202fc5-1133-ec04-924d-56857da9cb01,2002-11-11,,999-29-3008,S99940465,X82209190X,Ms.,Mellisa81,Alida395,Mante251,,,,white,nonhispanic,F,West Falmouth  Massachusetts  US,178 Okuneva Mission Apt 18,Brockton,Massachusetts,Plymouth County,25023,02302,42.12203219170753,-70.99479578943183,95235.12,144160.27,147522
3b0cf5be-ca92-3863-567f-bedfc9212da6,2013-07-05,,999-43-3012,,,,Harrison106,Elmer371,Oberbrunner298,,,,asian,hispanic,M,Arlington  Massachusetts  US,867 Halvorson Pathway,Boston,Massachusetts,Suffolk County,25025,02121,42.33604790217693,-71.11026277068171,3621.40,71483.82,12230
9e974ab5-f0fd-b1a9-0e6b-3b75c4648563,1952-05-26,,999-98-4235,S99916060,X81175098X,Mr.,Evan94,,Kertzmann286,,,M,white,nonhispanic,M,Plymouth  Massachusetts  US,715 Koch Stravenue,Bourne,Massachusetts,Barnstable County,25001,02532,41.739327285211274,-70.62792663997816,75929.39,312783.60,373995
ea32e3c1-1780-a879-62ce-64aa9a178b6e,1959-08-24,,999-19-1690,S99917582,X82148859X,Mr.,Quintin944,Seymour882,King743,,,M,white,nonhispanic,M,Boston  Massachusetts  US,201 Labadie Arcade Suite 75,Boston,Massachusetts,Suffolk County,25025,02127,42.32391159356897,-71.02155301707242,30970.14,1052930.08,61029
745cc041-5e11-ed46-3dbb-f381ddb9accc,1998-12-31,,999-47-8690,S99924294,X76975707X,Ms.,Margene509,Dawna21,Wuckert783,,,,white,nonhispanic,F,Reading  Massachusetts  US,897 Ratke Spur,Boston,Massachusetts,Suffolk County,25025,02111,42.34214755760938,-71.16434136876904,4579.92,270787.86,23181
237c9102-cd8f-7216-91eb-bf40db228b7e,1937-04-19,2020-01-31,999-21-3715,S99980015,X29525818X,Ms.,Rosa195,,Orosco477,,,S,white,hispanic,F,Kingston  Kingston  JM,528 Hessel Rest Unit 63,Carlisle,Massachusetts,Middlesex County,,00000,42.58512379807602,-71.3380653901268,266186.41,627399.91,137957
82bb3114-c4af-6314-ce83-a490c92017b9,2010-08-07,,999-47-2500,,,,Ricki338,,Herzog843,,,,white,nonhispanic,F,Dartmouth  Massachusetts  US,451 Grady Row Unit 1,Peabody,Massachusetts,Essex County,25009,01940,42.50668045047453,-71.03304586125893,16297.08,478822.33,35264
08023d71-1926-b3e5-0a79-9b06d856a2db,1983-12-16,,999-28-4383,S99931727,X29338498X,Mrs.,Francisco472,Dagmar148,Corkery305,,Daniel959,M,white,nonhispanic,F,Concord  Massachusetts  US,677 Mosciski Mall Apt 33,Bridgewater,Massachusetts,Plymouth County,25023,02324,41.924298866783936,-70.95020484950948,242910.12,589164.60,148196
e23ec29a-384e-d50e-7dd1-e0b2eadb5e57,1964-08-26,,999-19-3369,S99910916,X16970385X,Mrs.,Angelyn934,Edelmira985,Spencer878,,Leffler128,M,white,nonhispanic,F,Boston  Massachusetts  US,601 Beer View Apt 77,New Bedford,Massachusetts,Bristol County,25005,02743,41.67179130647845,-70.95271704314601,740637.43,385833.15,62579
3767cc88-ee4c-7173-e9ff-9eb57bcff1f8,1980-02-25,,999-45-8415,S99910263,X23447784X,Ms.,Janean397,Florrie453,Fay398,,,S,black,nonhispanic,F,Everett  Massachusetts  US,181 Bosco Esplanade,Boston,Massachusetts,Suffolk County,25025,02135,42.37283954324289,-71.03020780843899,486778.31,1019336.42,45000
e8aadb1d-8c10-e364-763e-cbfbc29b422f,1943-02-26,1995-03-21,999-57-5428,S99998336,X58776884X,Mrs.,Shaunta614,Pearle865,Ondricka197,,Abernathy524,M,white,nonhispanic,F,North Lakeville  Massachusetts  US,683 Morar Manor,Pembroke,Massachusetts,Plymouth County,,00000,42.04846324549126,-70.75637624278669,811021.35,2178941.47,52438
d8088852-a104-b30f-3bad-8b906cb3e82a,1937-04-19,2018-11-21,999-56-9299,S99929511,X57448083X,Mrs.,Pilar644,Ramona980,Castellanos521,,Almonte426,D,white,hispanic,F,Santo Domingo  National District  DO,860 Bailey Promenade Apt 91,Carlisle,Massachusetts,Middlesex County,,00000,42.54888640165513,-71.35409172471495,279911.60,884370.33,137957
c81f816c-2478-9e24-3f8c-f0be6df76a01,1952-06-09,,999-68-4049,S99945833,X31686847X,Mrs.,Earlene410,Yolonda722,Lebsack687,,Altenwerth646,M,asian,nonhispanic,F,Somerset  Massachusetts  US,1059 Schiller Village Suite 67,Northampton,Massachusetts,Hampshire County,25015,01053,42.34673887282645,-72.66498727370261,857958.15,391468.32,44265
8fe8c543-41f6-d9db-3135-bac01d2f117c,1958-04-20,,999-33-6290,S99937686,X21903079X,Ms.,Arianna984,Alease857,Abernathy524,,,S,white,nonhispanic,F,Framingham  Massachusetts  US,473 Kunde Loaf Apt 36,Sutton,Massachusetts,Worcester County,,00000,42.10372735466383,-71.77492513250961,209602.77,1057471.74,206215
afa5a396-2e0c-406b-adcd-0e41eef4cd17,2015-10-05,,999-64-6949,,,,Lucius907,Jesus702,Turcotte120,,,,white,nonhispanic,M,Waltham  Massachusetts  US,120 Johnston Union,Plymouth,Massachusetts,Plymouth County,25023,02360,41.87689154436136,-70.64557572113205,8449.34,38660.02,36414
3bef3f14-7fe4-d4d1-28d4-7f07857a3ecd,2003-01-07,,999-10-6252,S99963354,X56454026X,Mr.,Mickey576,Harlan808,Cremin516,,,,white,hispanic,M,Canton  Massachusetts  US,178 Parker Well Suite 87,East Longmeadow,Massachusetts,Hampden County,,00000,42.06841377422425,-72.46289964932973,76515.22,9203.14,133848
1e22de2c-dd3d-55be-2834-af4f928d2549,1937-04-19,,999-36-4638,S99998171,X43713392X,Mrs.,María José279,Dorotea472,Alvarez441,,Cisneros174,M,white,hispanic,F,San Juan  Puerto Rico  PR,812 Gutkowski Mission,Carlisle,Massachusetts,Middlesex County,,00000,42.54742400300938,-71.37062476204407,294761.48,613542.50,137957
73d4ac34-5b69-f7bc-989c-3b1f9c23d48d,1972-03-26,,999-46-2447,S99985883,X73053351X,Mrs.,Mariella503,Karin721,Collins926,,Conn188,W,black,nonhispanic,F,Swampscott  Massachusetts  US,124 Halvorson Hollow Apt 34,Weymouth,Massachusetts,Norfolk County,25021,02191,42.24064074215059,-70.92189103886123,544517.79,388551.73,74668
4b8db47a-5a52-8da2-4fdd-355597738735,1962-11-28,,999-90-5097,S99957253,X42046936X,Mr.,Spencer878,Trevor374,Crooks415,,,W,white,nonhispanic,M,North Eastham  Massachusetts  US,423 Kovacek Union Suite 70,Dennis Port,Massachusetts,Barnstable County,25001,02639,41.66340748545629,-70.13908178913286,166559.82,153143.33,33630
5c93e080-90b3-bd75-efee-7c4ff96a3166,1943-02-26,,999-86-7707,S99927139,X27160076X,Mrs.,Anisha16,,Crona259,,Keeling57,M,white,nonhispanic,F,Concord  Massachusetts  US,268 Hagenes Well,Pembroke,Massachusetts,Plymouth County,,00000,42.09463089078333,-70.84402169740157,494967.58,975260.82,52438
a6995df2-bf16-a559-3950-e66405e6b4c3,2000-12-03,,999-95-4579,S99935696,X48072293X,Ms.,Tomeka87,Aura483,Weissnat378,,,,white,nonhispanic,F,Nizhny Novgorod  Nizhny Novgorod Oblast  RU,980 Klein Viaduct,Boston,Massachusetts,Suffolk County,25025,02119,42.36653328671933,-71.0621359323533,100601.01,200027.51,109532
812ba360-f2ac-7f75-0ab5-ee0cc1603be3,1984-10-13,,999-46-6794,S99928281,X8573419X,Mrs.,Hermila490,Yukiko930,Mante251,,Haley279,M,white,nonhispanic,F,Boston  Massachusetts  US,1046 Fisher Gardens Apt 63,Ashland,Massachusetts,Middlesex County,,00000,42.22340692772969,-71.4620932903468,683316.80,855.38,115156
98ad87fe-8226-2fe1-e05a-6cc93d13c715,1954-11-22,,999-15-1336,S99911740,X48104658X,Mr.,Garth972,Humberto482,Bartell116,,,D,white,nonhispanic,M,Shirley  Massachusetts  US,121 Cruickshank Center Unit 71,Lee,Massachusetts,Berkshire County,25003,01238,42.342050721502744,-73.23901403979747,244376.06,97155.12,35350
6e6687d2-ea7d-396e-f116-db05493c8fa8,1995-02-21,,999-19-9883,S99982319,X30395218X,Mr.,Bernardo699,Armando772,Dueñas839,,,M,white,hispanic,M,Salisbury  Saint Joseph Parish  DM,251 Strosin Crossroad,Andover,Massachusetts,Essex County,25009,01810,42.67788704373242,-71.15069453728913,87095.84,1646.41,90182
aa659da6-99a2-839e-81da-707c458757e1,2026-05-16,,999-74-2196,,,,Maida946,Adah626,Bednar518,,,,asian,nonhispanic,F,Groveland  Massachusetts  US,535 Douglas Quay Apt 45,Chelsea,Massachusetts,Suffolk County,25025,02150,42.41091866127284,-70.98274232876496,563.08,0.00,58941
8f22a0e2-ab4d-28df-bc0d-f77927c4acbb,1941-09-23,1943-01-09,999-42-4461,,,,Justa309,Vernetta697,Hyatt152,,,,white,nonhispanic,F,Saugus  Massachusetts  US,774 Shanahan Mission,Southbridge,Massachusetts,Worcester County,25027,01550,42.06534231464754,-72.06491297122703,9885.76,20211.82,141902
be5d3b3e-8033-2dbe-0b83-118ded61467c,2002-02-12,,999-23-5303,S99982958,X59660627X,Mr.,Garry927,Louie190,Friesen796,,,,white,nonhispanic,M,Springfield  Massachusetts  US,574 Jacobi Junction Suite 7,Harvard,Massachusetts,Worcester County,,00000,42.54230319049861,-71.59986615044086,71573.41,9370.87,366689
b4a66362-7d77-3dbd-7dc4-2135358212d0,1997-01-27,,999-57-1335,S99969561,X12318993X,Mr.,Carson894,Darron84,Jerde200,,,M,asian,nonhispanic,M,Worcester  Massachusetts  US,674 Shanahan Loaf,Framingham,Massachusetts,Middlesex County,25017,01702,42.33108906696014,-71.45214398618934,53786.09,53842.55,119083
48321e92-c46f-3fda-81fb-f9a4a442660c,1993-07-08,,999-41-7520,S99996272,X39520638X,Mr.,Aron520,Maria750,Macejkovic424,,,S,white,nonhispanic,M,Lawrence  Massachusetts  US,567 Nolan Haven,Brockton,Massachusetts,Plymouth County,25023,02302,42.06194627340981,-71.05256934068048,142161.42,568907.71,35607
098d9334-3f5f-ccb3-094f-3a26e6974092,2009-05-22,,999-60-7052,S99943101,,,Morgan564,Kelvin159,Mosciski958,,,,white,nonhispanic,M,Dartmouth  Massachusetts  US,387 Rath Way Apt 86,Newton,Massachusetts,Middlesex County,25017,02466,42.34032474644346,-71.17141165166402,54691.45,0.00,94483
74f2bd93-b6ca-8e9b-de29-49b17e7d7454,1941-09-23,1976-10-16,999-81-5758,S99992594,X84207365X,Mrs.,Dorthea49,,Boyle917,,Cremin516,M,white,nonhispanic,F,Chelsea  Massachusetts  US,409 Hagenes Village Unit 2,Southbridge,Massachusetts,Worcester County,25027,01550,42.07495815436426,-72.04382857907974,77156.51,804573.20,141902
95bde7e8-478d-a2a0-02c1-2bcc0c28d23f,2010-10-11,,999-80-9633,,,,Bennett146,Keven605,Doyle959,,,,white,nonhispanic,M,Boston  Massachusetts  US,405 Breitenberg Mission Unit 93,Bourne,Massachusetts,Barnstable County,25001,02532,41.71990588253511,-70.5423760772288,37198.11,247.43,123277
7a5fd2cc-2563-5397-9f6a-a4190f73f2ef,1999-09-15,,999-24-9320,S99945018,X76837053X,Ms.,Charla27,Rosina706,Borer986,,,,white,nonhispanic,F,South Hadley  Massachusetts  US,631 Bergstrom Terrace,Norton,Massachusetts,Bristol County,,00000,41.94401520878407,-71.20258989833097,145408.13,362809.29,79885
30b6e3de-70f5-1a8f-5e20-2d99e009bbc3,1957-10-13,,999-42-7911,S99969533,X67886018X,Mrs.,Twanda979,Carmelia328,Barton704,,Trantow673,D,white,nonhispanic,F,Barre  Massachusetts  US,1093 Keeling Annex Unit 69,Westford,Massachusetts,Middlesex County,,00000,42.55706152782871,-71.39098367764807,355579.44,694933.87,143845
035ea8cc-3c51-9291-f5e3-df751c469652,2022-05-15,,999-50-1267,,,,Hank686,Nathanial472,Klocko335,,,,black,nonhispanic,M,Agawam  Massachusetts  US,779 Schinner Village,Lowell,Massachusetts,Middlesex County,25017,01852,42.60523687872848,-71.34171898707599,833.10,32253.85,20778
6b167f8f-f240-f7e4-1e3a-b91bfc83b309,1941-09-23,1991-06-23,999-74-4505,S99912456,X64371408X,Mrs.,Celesta195,Lina528,Marks830,,Lockman863,M,white,nonhispanic,F,Scituate  Massachusetts  US,402 Conroy Byway Apt 26,Southbridge,Massachusetts,Worcester County,25027,01550,42.066575194411286,-72.0768218497841,280646.88,1485391.97,141902
1aea3d76-4b6a-dab4-ac77-988bd955017c,1971-10-03,,999-49-4487,S99948628,X17853470X,Mrs.,Linsey338,Kristyn560,Barrows492,,Blick895,D,white,nonhispanic,F,Dunstable  Massachusetts  US,744 Sawayn Drive Unit 42,North Andover,Massachusetts,Essex County,,00000,42.62842213570791,-71.0739244030626,186266.18,1001157.48,25586
7cc07e8c-48d2-fe89-e21c-1eafb92f11de,2003-02-01,,999-64-3368,S99952399,X70101701X,Mr.,Claud279,Felipe97,Borer986,,,,white,nonhispanic,M,Stoneham  Massachusetts  US,978 Willms Way Unit 12,Stoneham,Massachusetts,Middlesex County,25017,02180,42.50680459397021,-71.0839333340339,59234.29,3986.24,85757
e7a13cd3-ebe0-ee5e-a658-69efbb6a6b01,1970-01-24,,999-37-3071,S99953584,X1125899X,Mr.,Cruz300,Dewey930,Hyatt152,,,S,white,nonhispanic,M,Leicester  Massachusetts  US,951 Ritchie Trail,Lowell,Massachusetts,Middlesex County,25017,01850,42.638088642554074,-71.3037854555089,100154.26,24501.02,76336
6c624f71-8552-558a-a454-496f8d75ee16,2005-03-12,,999-51-5511,S99976170,X19007815X,Mr.,Giuseppe872,,Hettinger594,,,,white,nonhispanic,M,Brookline  Massachusetts  US,294 Fadel Mall,Cambridge,Massachusetts,Middlesex County,25017,02140,42.33804062717957,-71.12990398234558,4810.87,75028.04,6567
a13a203a-9f7e-4c36-f260-58ce85ff6d47,1988-07-02,,999-85-7275,S99924542,X87686354X,Mr.,Milo271,,Gulgowski816,,,M,white,nonhispanic,M,Middleton  Massachusetts  US,485 Sporer Rapid Apt 99,Chelsea,Massachusetts,Suffolk County,25025,02151,42.35309802770744,-71.06564855639309,6663.67,183552.39,5665
c07cd4b6-384f-6bdc-cb34-370e92454908,1961-05-19,2005-06-03,999-87-4633,S99923396,X32177534X,Mrs.,Willette878,Greta919,Lynch190,,Schumm995,M,white,nonhispanic,F,Falmouth  Massachusetts  US,920 Abernathy Crossing Suite 79,Melrose,Massachusetts,Middlesex County,25017,02176,42.4268185402762,-71.02730366242201,180707.17,857621.87,67547
48a1dd33-bd09-3f2d-3f41-6c4a2230ef65,1978-07-27,,999-64-1414,S99976598,X33814872X,Mr.,Dannie881,,Spinka232,,,M,white,nonhispanic,M,Cambridge  Massachusetts  US,623 Gutmann Meadow Unit 66,Waltham,Massachusetts,Middlesex County,25017,02451,42.40144207662862,-71.23039635499676,49173.62,46362.28,333461
3e6bc5f5-74f6-0b14-47a9-c185e2a86474,1941-09-23,,999-87-2386,S99986574,X83476495X,Ms.,Lizzie15,,Bosco882,,,S,white,nonhispanic,F,Hanson  Massachusetts  US,333 Graham Highlands Unit 57,Southbridge,Massachusetts,Worcester County,25027,01550,42.096504168479754,-72.02606821400947,212284.92,354350.62,141902
da754e07-e489-57d1-1222-034d425f58e2,1961-05-19,1982-06-19,999-81-3724,S99951670,X42040264X,Ms.,Ellan282,Annelle169,Dooley940,,,,white,nonhispanic,F,West Bridgewater  Massachusetts  US,286 Klein Village Unit 45,Melrose,Massachusetts,Middlesex County,25017,02176,42.503313793834586,-71.03320056852029,132766.83,2259.38,67547
16e23782-369c-0562-53a2-cdd3412fb342,1992-11-27,,999-89-2854,S99948096,X23148518X,Mrs.,Ashton21,Celinda332,Runolfsdottir785,,Kozey370,M,white,nonhispanic,F,Wenham  Massachusetts  US,948 King Grove,Mansfield,Massachusetts,Bristol County,,00000,42.0301224441352,-71.24171626219,162765.80,230326.42,117410
43f92bfb-3e15-464e-def2-07d7295a1b6e,2022-05-05,,999-64-3157,,,,Louie190,Rupert654,Gleichner915,,,,white,nonhispanic,M,Stoneham  Massachusetts  US,149 Crist Knoll Suite 36,Framingham,Massachusetts,Middlesex County,25017,01702,42.31396922566716,-71.42551908100609,8745.03,0.00,71818
c742c3b6-a5ab-5a48-8823-9ce00ab9ab93,2007-03-10,,999-45-8079,S99932588,,Mr.,José María211,Santiago500,Loya635,,,,black,hispanic,M,Caguas  Puerto Rico  PR,479 Corwin Hollow Apt 0,Adams,Massachusetts,Berkshire County,25003,01220,42.599043011587874,-73.13710908375293,4597.45,49856.32,23583
a07c5eef-e9d0-967e-99b4-5d59c0d5e3ab,1992-06-28,,999-72-8775,S99931848,X20631916X,Mr.,Darryl392,Monroe732,Tromp100,,,M,white,hispanic,M,Granby  Massachusetts  US,113 Upton Village,Westford,Massachusetts,Middlesex County,,00000,42.55537786296652,-71.45950109748145,92347.76,97837.63,50370
5ccd81f8-0ae1-bc2b-2a71-5d831a030919,2015-05-23,,999-48-2139,,,,Cheryl605,Isis628,Hirthe744,,,,hawaiian,nonhispanic,F,Upton  Massachusetts  US,421 Reichel Course,Northborough,Massachusetts,Worcester County,25027,01532,42.345162680159184,-71.67208217730497,25171.92,0.00,88523
9a441be3-9eab-27b4-3eb6-8fab53720497,1961-05-19,,999-89-7240,S99976161,X13480494X,Mrs.,Mao115,Cammie978,Hand679,,Bahringer146,M,white,nonhispanic,F,Dunstable  Massachusetts  US,391 Collier Crossing,Melrose,Massachusetts,Middlesex County,25017,02176,42.45608209194475,-71.0753795521985,769579.29,173314.66,67547
83302e18-9246-e200-4ff5-1229c44a29de,1966-04-10,,999-54-8545,S99924172,X25338478X,Mrs.,Meredith572,,Tillman293,,Hilpert278,M,white,nonhispanic,F,Swampscott  Massachusetts  US,118 Collins Club,Wrentham,Massachusetts,Norfolk County,,00000,42.0734172284232,-71.32711396403839,259992.62,998680.45,166451
5b1a8cba-ff08-f68c-4ac1-6370a09f3d78,1969-10-29,,999-89-8323,S99966578,X70153060X,Mrs.,Adrianne466,Vashti163,Hauck852,,Glover433,M,asian,nonhispanic,F,Ipswich  Massachusetts  US,976 Abshire Gateway,Boston,Massachusetts,Suffolk County,25025,02128,42.26816218220996,-71.1180499282633,766166.97,16251.71,114336
913e8bc4-2be4-a836-4f1c-cbb6396f3c0b,1947-11-07,,999-36-7807,S99990485,X48293374X,Mrs.,Alisa860,,Kuhn96,,Keebler762,M,black,nonhispanic,F,Holliston  Massachusetts  US,1040 Shanahan Loaf Unit 47,Marshfield,Massachusetts,Plymouth County,25023,02050,42.108662177111505,-70.66050431436354,111846.12,267445.47,180756
f96c9aee-75df-1b1c-ab66-c37243b1b57a,1984-11-23,,999-42-7638,S99975565,X67865981X,Mr.,Lucas404,,Fritsch593,,,M,white,nonhispanic,M,Easthampton  Massachusetts  US,875 Terry Rue Apt 57,Beverly,Massachusetts,Essex County,25009,01915,42.571878008215954,-70.85811554276576,51318.07,60533.28,180948
a087397c-1329-a2e4-2c86-5bec1af12a4c,1992-07-16,,999-36-5350,S99929398,X44610951X,Mrs.,Bobbi508,Catharine355,Kuphal363,,Bernier607,M,white,nonhispanic,F,Taunton  Massachusetts  US,173 Bergstrom Viaduct,Gill,Massachusetts,Franklin County,,00000,42.59037506669062,-72.5037563095776,230556.86,795248.11,97206
a44b7670-9665-cada-5c12-079aca7fb081,1982-04-27,,999-18-4304,S99991802,X32695267X,Mrs.,Shavon903,Mozell819,Nicolas769,,Daugherty69,M,white,nonhispanic,F,Boston  Massachusetts  US,299 Hickle Manor Suite 22,Natick,Massachusetts,Middlesex County,,00000,42.25292708334375,-71.36170453236103,178822.69,441002.51,638455
75f3ef2b-a99b-a5dd-d791-f46505ea9d35,1955-02-28,,999-63-4820,S99951065,X83042673X,Mrs.,Caroll955,Tonette11,Kling921,,Gutmann970,D,white,nonhispanic,F,Agawam  Massachusetts  US,326 Wilkinson Manor Unit 44,Dracut,Massachusetts,Middlesex County,,00000,42.71523513903759,-71.28038403374278,765251.90,221655.28,106252
232ad06c-d44a-64a2-c189-b52ebfbfc352,1957-09-23,,999-13-1123,S99952127,X7050568X,Mr.,Jacobo456,,Portillo767,,,M,white,hispanic,M,San Juan  Puerto Rico  PR,438 Lindgren Corner,Worcester,Massachusetts,Worcester County,25027,01602,42.24522753790065,-71.74656968960775,433644.04,2822872.93,41462
22425b4b-1277-661f-297e-f9db82b814f3,2010-03-03,,999-88-3326,S99940045,,,Brigid753,,Goldner995,,,,white,nonhispanic,F,Shrewsbury  Massachusetts  US,397 Graham Run,Chicopee,Massachusetts,Hampden County,25013,01013,42.246082699403544,-72.58471523545684,63026.98,43749.50,43903
f4844d80-dec6-8878-e53b-86452e8fb80a,1999-10-26,,999-35-9460,S99946809,X67633120X,Mr.,Daron260,,Okuneva707,,,,white,nonhispanic,M,Lynn  Massachusetts  US,497 Wintheiser Approach,Attleboro,Massachusetts,Bristol County,44007,02861,41.84881187007114,-71.31769524256184,113999.90,806063.53,185335
de8f35bd-40da-b3e4-d634-3c9c1cc6a5c0,1964-08-25,,999-90-2978,S99944083,X53348555X,Mr.,Earnest658,Julio255,Bahringer146,,,M,asian,nonhispanic,M,Hudson  Massachusetts  US,271 Murazik Spur Apt 13,Reading,Massachusetts,Middlesex County,25017,01801,42.56945715306306,-71.11361832879317,186946.67,192959.41,35572
2c02b5bf-ebd0-0d00-0ef6-f199fcf491ac,1978-12-15,2021-01-29,999-25-8802,S99974798,X437994X,Mr.,Tad831,Andrew29,Marvin195,,,W,white,nonhispanic,M,Boston  Massachusetts  US,952 Altenwerth Way,Medfield,Massachusetts,Norfolk County,25021,02052,42.1544647248508,-71.30713310027343,68259.08,99292.10,80733
344a06f9-f86e-7796-a819-c49c7ecfd664,1974-02-05,,999-55-3729,S99999505,X64677347X,Mr.,Odell776,Tyrell880,Kris249,,,D,white,nonhispanic,M,Worcester  Massachusetts  US,677 Yost Ranch Suite 79,Williamstown,Massachusetts,Berkshire County,25003,01267,42.70409346626668,-73.22310200881215,7431.41,105782.77,15851
9bf7fd6e-8b82-5c1a-3aa3-fd75b44bad9d,1989-01-21,,999-33-6860,S99933897,X79059681X,Mr.,Terence292,,Hauck852,,,M,white,nonhispanic,M,Agawam  Massachusetts  US,1079 Erdman Union Unit 32,Fall River,Massachusetts,Bristol County,25005,02747,41.767748315553824,-71.04616662577273,434252.77,428579.85,39161
37ee6f81-47c3-4899-8987-3e784b0b3f89,1978-12-15,,999-17-5728,S99928052,X10840976X,Mr.,Gonzalo160,Jerry654,Dietrich576,,,D,white,nonhispanic,M,Walpole  Massachusetts  US,788 Runolfsdottir Orchard,Medfield,Massachusetts,Norfolk County,25021,02052,42.22498045187967,-71.31303792221907,142868.14,21156.33,80733
7191a847-39cf-3285-e1ec-69433134377b,1959-02-17,,999-76-3699,S99998097,X73359772X,Mr.,Merle11,Nathan164,Casper496,,,M,white,nonhispanic,M,Cambridge  Massachusetts  US,332 Schneider Trailer Suite 45,Barre,Massachusetts,Worcester County,25027,01005,42.447710695242634,-72.15073554360386,575107.36,362225.22,79684
1783e782-bdd4-226d-4c0c-4e62b5a28700,1971-09-27,,999-13-7535,S99992560,X75115351X,Mrs.,Sigrid676,Nicolette397,Turner526,,Brekke496,M,white,nonhispanic,F,Medford  Massachusetts  US,944 Hegmann Throughway Apt 76,Somerville,Massachusetts,Middlesex County,25017,02155,42.42447073351621,-71.17712422816062,287671.57,755581.32,125103
d16506e6-193b-8317-c4dd-8da2ce70af40,2000-06-05,,999-16-3285,S99951774,X48772137X,Ms.,Candy565,,Connelly992,,,,white,nonhispanic,F,Hanover  Massachusetts  US,1068 Jerde Frontage road Apt 53,Billerica,Massachusetts,Middlesex County,,00000,42.601671595159395,-71.27693126012514,66010.78,273899.25,414084
4f82d741-7c90-2b75-978c-2041f7c227a9,1969-11-09,,999-59-5627,S99958461,X32561723X,Ms.,Leonora414,Nga248,Daniel959,,,S,black,nonhispanic,F,East Falmouth  Massachusetts  US,746 Hodkiewicz Trail,Hingham,Massachusetts,Plymouth County,25023,02043,42.20044100075734,-70.84068573458161,294559.62,1312587.50,636538
30dd699f-1038-47c5-be23-7f537fbe00ae,1957-08-19,,999-51-6477,S99943867,X59434224X,Mr.,Zackary401,Nathanael908,Beahan375,,,M,white,nonhispanic,M,Arlington  Massachusetts  US,628 Wunsch Path Suite 97,Foxborough,Massachusetts,Norfolk County,25021,02035,42.02766281318855,-71.21074064756105,166269.63,102972.67,107614
7daf2cdf-38c0-4817-df8c-0e69a202c0e3,2007-03-28,,999-14-8130,S99966051,,Ms.,Reynalda736,Mallie560,Davis923,,,,white,nonhispanic,F,North Pembroke  Massachusetts  US,279 Halvorson Ville Apt 15,Montague,Massachusetts,Franklin County,,00000,42.53389332773542,-72.54533540814828,79232.33,0.00,108134
23adfe0b-7066-6807-5f80-b549037ddd4e,1980-10-03,,999-22-5131,S99989827,X10597376X,Mr.,Ricardo560,Lincoln623,Sporer811,,,D,white,nonhispanic,M,Wayland  Massachusetts  US,390 Hoeger Track,Mashpee,Massachusetts,Barnstable County,,00000,41.58288640834517,-70.45600865359019,110914.80,31552.22,67835
2dbd3945-e3dd-094b-e9f1-b2cdbc387310,1963-12-24,,999-13-7871,S99929965,X2252691X,Mr.,Tim88,,Stokes453,,,S,white,nonhispanic,M,Everett  Massachusetts  US,963 Hermann Haven,Lexington,Massachusetts,Middlesex County,25017,02420,42.44669969518208,-71.26838563894654,24832.58,996740.89,4100
e11a42b5-59a0-9f3a-7a4c-5eb6c9d12524,1987-10-14,,999-70-5545,S99968036,X11968273X,Mr.,Wiley422,Dewey930,Kessler503,,,M,white,nonhispanic,M,Franklin  Massachusetts  US,248 Ryan Divide Apt 47,Saugus,Massachusetts,Essex County,25009,01906,42.44297221919473,-70.99372099479537,128464.59,0.00,43983
08dffa56-f19a-e20f-48c5-32f4c5c9e879,1956-12-08,,999-27-7329,S99926653,X85880146X,Mr.,Boris111,Walker122,Gleason633,,,D,white,nonhispanic,M,Springfield  Massachusetts  US,254 Champlin Green Unit 91,Andover,Massachusetts,Essex County,25009,01810,42.67527690946281,-71.15932696354858,116184.01,310442.16,313987
35b532a9-7fc3-b729-d9f4-776190617cd8,1966-08-02,,999-34-9650,S99911959,X2398345X,Ms.,Dot905,Jeannetta566,Hoppe518,,,S,white,nonhispanic,F,Boston  Massachusetts  US,289 Hauck Wall,Worcester,Massachusetts,Worcester County,25027,01608,42.232566509805885,-71.82312301478663,212087.82,851799.90,30969
c38ddc84-ac57-f8aa-ffd1-16e96ebccc3d,2021-08-14,,999-96-1500,,,,Gregoria352,Bessie423,Stracke611,,,,white,nonhispanic,F,North Westport  Massachusetts  US,919 Skiles Light,Brockton,Massachusetts,Plymouth County,25023,02351,42.088465832479955,-70.97005443878022,6648.10,16895.60,80832
7a49190e-6e4d-969d-f861-d46655d4b90c,1945-07-08,,999-64-7813,S99913929,X55516093X,Mr.,Buford910,,Gleason633,,,M,white,nonhispanic,M,Malden  Massachusetts  US,388 Eichmann Light,Dennis,Massachusetts,Barnstable County,25001,02638,41.70423733641604,-70.18623436729368,283658.56,227380.47,46157
13087a50-27d4-a4cc-5eca-02e03fbfbf02,1978-06-21,,999-61-2383,S99923720,X30360398X,Mr.,Taylor21,Tyree261,Gottlieb798,,,M,white,nonhispanic,M,Gardner  Massachusetts  US,1093 Mraz Road,Weston,Massachusetts,Middlesex County,,00000,42.409361442045416,-71.31777931484368,133678.49,44838.25,665382
e9cad80c-a311-7cbb-ca70-f3b82ebf640b,1978-01-23,,999-73-1175,S99933363,X47301494X,Mrs.,Kazuko67,Cory323,Koepp521,,Macejkovic424,M,white,nonhispanic,F,Lawrence  Massachusetts  US,503 Lubowitz Rest,Arlington,Massachusetts,Middlesex County,25017,02474,42.45818399999236,-71.20418090532955,781934.40,958253.99,48619
1325ba46-6e0d-dea9-0703-2a812c9aadfd,2009-07-15,,999-73-1256,S99959723,,,Haydee844,Fatimah228,Lueilwitz711,,,,white,nonhispanic,F,Boston  Massachusetts  US,201 Goodwin Promenade Unit 76,Barnstable,Massachusetts,Barnstable County,25001,02632,41.62124741553904,-70.27573426015569,40724.36,4018.77,90877
11984322-edc0-67a0-93f3-457494f1bbb6,1954-07-23,,999-93-4429,S99986949,X82765441X,Mrs.,Paige606,Hildegarde627,Johns824,,Jaskolski867,M,white,nonhispanic,F,Lawrence  Massachusetts  US,681 Reichert Crossing Apt 88,Monson,Massachusetts,Hampden County,,00000,42.06085237736766,-72.28005107183091,80515.70,2386611.64,115373
91de1062-14f9-aa7f-1e9f-11ca472319b4,1997-10-23,,999-81-4838,S99913055,X88731480X,Mrs.,Gertrudis163,Klara351,Ondricka197,,O'Hara248,M,white,nonhispanic,F,Montague  Massachusetts  US,1058 Kerluke Key,Randolph,Massachusetts,Norfolk County,25021,02368,42.17599600674044,-71.0741106065722,130571.84,357203.24,42059
f81cd9c5-bcfd-a0e9-fc67-4c17e9f4a55c,2026-03-15,,999-95-6230,,,,Buford910,Wade235,Ziemann98,,,,white,nonhispanic,M,Newton  Massachusetts  US,360 Hirthe Ranch,Sandwich,Massachusetts,Barnstable County,25001,02563,41.741952783931204,-70.48649933039361,620.18,0.00,43501
aabc8095-828e-6d78-d7d4-63544d484e58,1979-05-10,,999-25-2259,S99922959,X86137989X,Mrs.,Clara183,,Rodrígez614,,Meraz691,M,white,hispanic,F,Bayamon  Puerto Rico  PR,422 Schimmel Extension Unit 82,Lynn,Massachusetts,Essex County,25009,01905,42.43807173505744,-70.91927850681441,124721.42,375172.61,39362
34013e42-3942-9277-2801-585a4e37b64c,1976-08-29,,999-45-9921,S99962898,X683721X,Mr.,Art115,Rueben647,Stracke611,,,W,white,nonhispanic,M,Hingham  Massachusetts  US,389 King Common,Northbridge,Massachusetts,Worcester County,,00000,42.08195900257947,-71.66092055611976,114539.35,18276.19,76199
edeb7ff8-f6d4-fcc4-6f58-fca8d7089f41,1972-10-19,,999-32-6670,S99910020,X1664808X,Mr.,Duncan491,Fermin479,Barton704,,,S,white,nonhispanic,M,Barnstable  Massachusetts  US,943 Olson Loaf Unit 87,Wayland,Massachusetts,Middlesex County,,00000,42.38372370469037,-71.37708602420899,105075.22,155953.22,58285
ccc27f58-77f7-92a0-8642-e5bd809d9be2,1955-03-29,,999-46-3238,S99919471,X12842756X,Mrs.,Madelyn308,Lakeisha206,McDermott739,,Davis923,W,white,nonhispanic,F,Quincy  Massachusetts  US,111 Mosciski Terrace Apt 17,Easton,Massachusetts,Bristol County,,00000,42.07197355437592,-71.14873264581627,1034678.85,325656.38,49128
85c6da60-bd62-da13-57b4-d285123bf4d2,1975-01-13,,999-78-9429,S99987150,X60665210X,Mrs.,Celine582,Sheila338,Lueilwitz711,,O'Reilly797,M,white,nonhispanic,F,Georgetown  Massachusetts  US,386 Considine Junction Apt 52,Marshfield,Massachusetts,Plymouth County,25023,02050,42.1413180919127,-70.74574867844746,342689.94,675376.59,126288
0f524bea-291f-4b17-186b-26b682cc9f2a,1962-09-15,,999-21-2231,S99926542,X83517587X,Mrs.,Veola813,Evelia928,Bartell116,,Hammes673,M,white,nonhispanic,F,Boston  Massachusetts  US,458 Kessler Annex Unit 7,Swampscott,Massachusetts,Essex County,25009,01907,42.47824125059229,-70.85668941226898,56867.01,675411.87,84977
2b84c734-53b0-1291-cb6a-e36a5fa3d6da,1998-07-10,,999-94-8058,S99992780,X63645607X,Ms.,Ema785,Micheal721,Harris789,,,,white,nonhispanic,F,Waltham  Massachusetts  US,972 Reinger Junction,Smith Mills,Massachusetts,Bristol County,,00000,41.69011082970493,-71.03251497378515,73614.68,187905.41,72431
25e3d724-c3f7-9f6c-2bde-5e601fe31ead,1984-06-14,,999-47-5173,S99962709,X28333321X,Mrs.,Jesse626,,Kling921,,Langworth352,M,white,nonhispanic,F,Rutland  Massachusetts  US,572 Langworth Gateway,Middleborough,Massachusetts,Plymouth County,,00000,41.828447742430264,-70.89923399765243,336070.02,433642.15,47855
c71aba57-cef2-3bdf-865b-c498ed5522db,1967-06-21,2015-11-16,999-64-3996,S99932854,X82803074X,Mr.,Lance203,,Lynch190,,,D,white,nonhispanic,M,Bourne  Massachusetts  US,579 Crona Glen,Williamsburg,Massachusetts,Hampshire County,,00000,42.369520818431205,-72.77489605018346,150343.65,638852.50,984619
cd39344b-f6f3-dbb3-7cfc-dabb5604b2b2,1935-05-13,2019-08-01,999-21-5751,S99996617,X31813728X,Mr.,Enrique929,Abram53,Haley279,,,M,white,nonhispanic,M,Tyngsborough  Massachusetts  US,352 Bergnaum Glen,Lynn,Massachusetts,Essex County,25009,01907,42.42662602569597,-70.94870064648728,229823.74,119678.83,81728
ea9287d3-e73f-8b9e-e62d-9ad6852d99d8,1977-11-13,,999-66-3668,S99999568,X836590X,Mrs.,Jaclyn627,,Quigley282,,Goodwin327,D,black,nonhispanic,F,Boston  Massachusetts  US,544 Pacocha Tunnel Apt 40,Adams,Massachusetts,Berkshire County,25003,01220,42.671112931143846,-73.13065281516533,230045.22,410869.69,176291
eea68177-9038-b00a-bad7-074de2da9543,1964-05-03,,999-89-1234,S99962046,X17886378X,Mr.,Lonny638,Marion502,Ruecker817,,,S,white,nonhispanic,M,Winchendon  Massachusetts  US,457 Becker Mall Suite 25,Bourne,Massachusetts,Barnstable County,25001,02532,41.7727299605781,-70.60046275378329,158843.63,28985.51,62289
85c9756a-fa58-22d3-c4f9-6fb1a14509e6,1967-06-21,,999-93-4482,S99942736,X52905570X,Mr.,Tobias236,,Cruickshank494,,,W,white,nonhispanic,M,North Lakeville  Massachusetts  US,761 Tromp Corner,Williamsburg,Massachusetts,Hampshire County,,00000,42.365630885176806,-72.75446768721956,172369.66,39607.82,984619
51b3e2cf-be1e-2110-d72c-b8b0c23c55c8,1969-04-19,2025-10-24,999-64-7283,S99963774,X16355389X,Ms.,Cathleen724,,Blanda868,,,S,white,nonhispanic,F,Newton  Massachusetts  US,938 Buckridge Crossroad Apt 82,Raynham,Massachusetts,Bristol County,,00000,41.897500269567885,-71.02107380770369,434348.43,1793614.12,199249
c6282b89-4e4b-9666-50c5-9219ff162f60,1975-12-19,,999-80-4374,S99997568,X13730641X,Mrs.,Phyliss206,Jeni110,Herman763,,Kuhn96,M,white,nonhispanic,F,Green Harbor-Cedar Crest  Massachusetts  US,620 Haag Camp Suite 41,Westfield,Massachusetts,Hampden County,25013,01086,42.121919077889146,-72.7657258630731,992948.53,405622.95,61193
20bc6b9b-a9dd-ea69-9387-5665b2c7b4e9,1935-05-13,,999-20-5315,S99930935,X26795068X,Mr.,Jermaine675,,Dickens475,,,S,white,nonhispanic,M,Boston  Massachusetts  US,812 Feest Overpass,Lynn,Massachusetts,Essex County,25009,01940,42.48549247181175,-70.96650723161318,222084.62,243492.98,81728
2f186cfe-8928-bcde-b874-4cf1cf19df51,1996-02-04,,999-19-1851,S99988314,X32598735X,Ms.,Caitlin552,Nicolasa738,Schneider199,,,S,other,nonhispanic,F,Tewksbury  Massachusetts  US,450 Konopelski Underpass,Tyngsborough,Massachusetts,Middlesex County,,00000,42.701849859261806,-71.39733490182977,169076.43,255700.08,66345
2076cf7f-afeb-691c-dc9f-059dd9f96999,1972-05-14,,999-69-2664,S99940467,X67476054X,Mr.,Landon622,Brady998,Vandervort697,,,M,white,nonhispanic,M,Framingham  Massachusetts  US,719 Kilback Fork Apt 25,Worcester,Massachusetts,Worcester County,25027,01608,42.2805337183245,-71.85690307451782,9833.35,128738.90,22037
d786689b-1dcf-27b0-4e43-c99a13a6b196,1969-04-19,,999-95-6233,S99984852,X31818232X,Mrs.,Jeremy766,Aundrea980,Ebert178,,Witting912,D,white,nonhispanic,F,Bedford  Massachusetts  US,660 Conn Flat,Raynham,Massachusetts,Bristol County,,00000,41.931827134006184,-71.00889057341247,372158.12,1216764.78,199249
fc95d816-eeca-928f-3c62-408d054e01a6,1964-02-13,,999-28-9301,S99912716,X73820304X,Mr.,Gerardo48,Gustavo235,Grijalva82,,,S,white,hispanic,M,Havana  Havana  CU,592 Legros Glen Unit 9,Bellingham,Massachusetts,Norfolk County,25021,02019,42.101281082020165,-71.45959915182415,53120.07,128598.28,68096
a956ca73-4425-4d73-cf2e-03d1211b0414,1949-11-01,,999-33-4287,S99975009,X38773013X,Mr.,Kelly223,,Hilpert278,,,M,white,nonhispanic,M,Littleton Common  Massachusetts  US,884 Abbott View,Brookline,Massachusetts,Norfolk County,25017,02467,42.293016593607604,-71.15469886815488,206618.16,344435.28,153223
87ee81b6-7388-d19d-3737-6efc057de404,1973-04-21,,999-86-2895,S99969922,X52677205X,Mr.,Dane516,Morris740,Harvey63,,,W,white,nonhispanic,M,Newton  Massachusetts  US,1098 Steuber Passage Unit 55,Chelmsford,Massachusetts,Middlesex County,,00000,42.54725411100995,-71.37010832682631,150444.85,9410.77,139607
bd7e6f7c-eac5-3ffd-b46d-949bd9e39e2a,1993-05-14,,999-55-5131,S99963879,X59226604X,Mr.,Kris249,Ryan260,Anderson154,,,M,other,nonhispanic,M,Worcester  Massachusetts  US,438 Treutel Heights,Boston,Massachusetts,Suffolk County,25025,02120,42.37498321780761,-71.09949104017907,152971.10,618977.66,58893
3b9b587d-45e3-2dcd-0143-03add761985a,1988-01-24,,999-95-6850,S99984358,X85467857X,Ms.,Eloisa55,Conchita9,Ferrer164,,,S,white,hispanic,F,Salisbury  Saint Joseph Parish  DM,108 Turner Wall Suite 30,Chicopee,Massachusetts,Hampden County,25013,01020,42.20258510381422,-72.5377821495381,79274.22,772975.37,129358
1cfd3f56-36fd-afcb-75d4-baf5c3796d58,1981-11-12,,999-15-7631,S99920110,X70888909X,Mr.,Joshua658,Tommy814,Daugherty69,,,M,white,nonhispanic,M,Sandwich  Massachusetts  US,189 Sanford Landing Suite 8,Framingham,Massachusetts,Middlesex County,25017,01701,42.33737209720841,-71.46226834899589,123010.03,14584.85,143604
05064da3-879b-cc77-dadb-2cc2af766196,1971-03-24,,999-38-6514,S99970064,X15767859X,Mr.,Toby274,Shirley182,Hartmann983,,,M,white,nonhispanic,M,Salem  Massachusetts  US,405 Brekke Fort,Leicester,Massachusetts,Worcester County,,00000,42.22012377634333,-71.95735467557157,120922.66,32651.24,52619
e852640e-51b1-bed6-74e6-e4f97c4a23c0,1981-08-24,,999-96-6178,S99955952,X77736996X,Mr.,Carmelo33,Saul605,Kunze215,,,D,white,nonhispanic,M,Gloucester  Massachusetts  US,889 Haley Wynd Suite 43,Cambridge,Massachusetts,Middlesex County,25017,02141,42.391009143880346,-71.10894525756297,115056.08,21995.66,675636
9a5344b7-f1e7-13e0-80f5-2c2d1064d187,1973-05-26,,999-93-2520,S99937224,X41782257X,Mr.,Chet188,Quentin28,Schuster709,,,S,white,nonhispanic,M,Boston  Massachusetts  US,838 Kulas Mews Suite 6,Springfield,Massachusetts,Hampden County,25013,01103,42.10816748482798,-72.63465341876609,9441.93,138028.13,10719
f1c6b5df-15b9-652b-3eed-c02f6cf9f739,1950-03-20,2019-07-28,999-79-4642,S99976187,X89142314X,Ms.,Latrina689,,Bernier607,,,S,white,nonhispanic,F,Saugus  Massachusetts  US,290 Hodkiewicz Brook,Pepperell,Massachusetts,Middlesex County,25017,01463,42.70823946332694,-71.6070279145014,101707.95,956645.42,997800
9c6136b6-bbc0-6afd-fa1d-98f3a798591e,1987-06-11,,999-13-5164,S99984502,X79329077X,Mrs.,Nakita746,Laci507,Osinski784,,Marvin195,M,white,nonhispanic,F,Boston  Massachusetts  US,239 McDermott Bridge Apt 61,Cohasset,Massachusetts,Norfolk County,,00000,42.29801710508766,-70.76130644703424,254947.82,590558.45,86619
0e09c8f9-b7c7-3f38-82e4-52b0b8816e74,1977-12-28,,999-51-3154,S99932002,X60312633X,Mrs.,Cathie710,,Reichert620,,Trantow673,M,white,nonhispanic,F,Medfield  Massachusetts  US,428 Gutkowski Gateway Apt 1,Billerica,Massachusetts,Middlesex County,,00000,42.51814212620203,-71.29121986987376,182206.63,237346.46,475913
093ddc56-a8c0-3bad-7626-275a5c201ea5,1978-10-25,,999-41-4776,S99965654,X72934673X,Mr.,Martín25,,Espinosa298,,,M,white,hispanic,M,Wesley  Saint Andrew Parish  DM,530 Kessler Boulevard,Boston,Massachusetts,Suffolk County,25025,02108,42.396397553275754,-70.97691707113904,127662.33,28308.05,151476
84a63e3f-02a3-9fb6-f98a-65fcc992d803,2000-04-23,,999-13-1401,S99922381,X46130099X,Ms.,Janet238,Mary779,Johnston597,,,,white,nonhispanic,F,Boston  Massachusetts  US,211 Crona Lock,Lynn,Massachusetts,Essex County,25009,01907,42.52863733293765,-70.99558849639634,11963.31,250585.76,13010
22ec85a2-e331-1032-71af-9979cb6d6654,2001-01-30,,999-47-3223,S99961520,X45252306X,Mr.,Augustine565,Sidney996,Walter473,,,,black,nonhispanic,M,Leicester  Massachusetts  US,285 Nolan Glen,Watertown,Massachusetts,Middlesex County,25017,02472,42.343521260894235,-71.22615406342979,64474.42,1069.16,70192
0cc3972b-7dcc-c44d-2dbc-00024b4555c3,2016-04-19,,999-99-6574,,,,Towanda270,Gabriella773,Mann644,,,,white,nonhispanic,F,Dennis  Massachusetts  US,180 Davis Bridge,Kingston,Massachusetts,Plymouth County,25023,02364,41.941410431072924,-70.78915978837647,22663.58,9112.73,26894
be22d2fb-1853-f1e0-a226-86f39eeed670,1996-09-23,,999-24-4579,S99919952,X12445554X,Mr.,Sergio619,Dino214,Stoltenberg489,,,M,native,nonhispanic,M,Worcester  Massachusetts  US,280 Schowalter Passage,Middleton,Massachusetts,Essex County,,00000,42.64094838494528,-71.05369783862227,67176.46,260.33,134687
e21d7986-1dfb-9949-f462-65f4f46ea88f,1985-09-27,,999-53-5718,S99951262,X24895854X,Mrs.,Carin553,Lieselotte680,Champlin946,,Lebsack687,M,white,nonhispanic,F,Worcester  Massachusetts  US,105 Purdy Burg Unit 78,Cambridge,Massachusetts,Middlesex County,25017,02142,42.34738323181874,-71.03672126397862,149898.81,571787.62,147277
e637141e-25a3-0a5c-a3e9-d160965df6ce,1950-03-20,,999-69-3565,S99979872,X88886137X,Ms.,Bobette685,Mickie472,Gorczany269,,,S,white,nonhispanic,F,Worcester  Massachusetts  US,118 Bailey Grove,Pepperell,Massachusetts,Middlesex County,25017,01463,42.704306661152614,-71.56723116632818,251516.74,1371962.01,997800
8bb0ab1f-e3f9-2199-d8eb-9933b3a80ae4,1995-06-23,,999-41-6763,S99921953,X2238917X,Mr.,Brendon298,Mark765,Davis923,,,M,white,nonhispanic,M,Chicopee  Massachusetts  US,245 Welch Lock,Woburn,Massachusetts,Middlesex County,25017,01801,42.47371356767439,-71.1238789455078,133694.60,694416.50,97441
061370a5-03dd-6505-edb8-9cc48a4599e1,2010-01-05,,999-40-4496,S99964502,,,Joseph689,Daniel959,Jacobi462,,,,white,nonhispanic,M,North Brookfield  Massachusetts  US,336 Moore Crossroad Suite 25,Worcester,Massachusetts,Worcester County,25027,01605,42.22033703871054,-71.82689544373022,52494.12,3933.74,142636
dbad9cec-4b45-ec5b-1a5f-14c7dd3c9359,1987-05-16,,999-22-9755,S99972607,X45086960X,Mrs.,Rhiannon677,Annabel185,Koepp521,,Abernathy524,M,white,hispanic,F,Sunderland  Massachusetts  US,949 Bednar Spur Suite 14,West Springfield,Massachusetts,Hampden County,25013,01089,42.16809340437125,-72.64757027281142,12338.28,710495.00,14156
2e297a5e-aaff-7f11-a07b-7d49e00d6177,1957-06-27,,999-95-1503,S99921499,X49855908X,Mrs.,Teena223,Latina115,Johnson679,,Lueilwitz711,D,white,nonhispanic,F,Cohasset  Massachusetts  US,1064 Simonis Common Apt 8,Amesbury,Massachusetts,Essex County,25009,01913,42.808374214211234,-70.9104008222682,954155.17,237966.53,79102
90a34276-59c9-7eb6-f85c-030ebcd84c2f,2011-06-14,,999-81-5789,,,,Ken316,Aurelio227,Price929,,,,white,nonhispanic,M,Dartmouth  Massachusetts  US,405 Nienow Promenade Apt 29,Greenfield,Massachusetts,Franklin County,25011,01301,42.65282946956192,-72.58568087507405,48183.97,3397.68,93821
5b1d4cc7-1ca2-37f4-a9c8-c4322d4a16bd,2003-07-17,,999-16-2772,S99916169,X17801325X,Mr.,Cody889,Gino587,Wisoky380,,,,white,hispanic,M,Needham  Massachusetts  US,942 Von Burg Suite 30,Longmeadow,Massachusetts,Hampden County,25013,01106,42.086349976706224,-72.53555610801105,52575.16,654257.23,40600
8af61475-d77b-b46e-4f47-74c63deaeb23,2006-03-08,,999-39-4752,S99911104,X55572541X,Ms.,Shizuko29,,Koss676,,,,white,nonhispanic,F,Norwell  Massachusetts  US,360 Jones Mews Apt 0,Fiskdale,Massachusetts,Worcester County,25027,01518,42.105169858924434,-72.08278227336238,5037.58,101015.66,1836
2650e15f-5fbe-0c3c-2a48-27eb9ff6a2db,2006-09-14,,999-62-7591,S99917583,,Mr.,José Emilio366,Samuel331,Rascón630,,,,white,hispanic,M,Ponce  Puerto Rico  PR,269 Rohan Annex Unit 16,Boston,Massachusetts,Suffolk County,25025,02118,42.32636266013364,-71.08766764030392,59210.23,28499.12,69808
7173fc10-12e9-a0cf-9639-59c47012c3b8,1938-08-08,,999-18-1024,S99992482,X58871129X,Ms.,Marisol435,Mariana775,Solorzano931,,,S,asian,hispanic,F,Havana  Havana  CU,772 D'Amore Gateway,Boston,Massachusetts,Suffolk County,25025,02215,42.33474135321823,-71.09647360532716,304317.74,1395405.99,207874
eb46d7cf-f147-6042-1392-ed75b7c1a905,1973-04-22,,999-89-1060,S99948993,X21893665X,Mr.,Arthur650,,Pagac496,,,M,white,nonhispanic,M,Randolph  Massachusetts  US,987 Greenholt Gate,Cambridge,Massachusetts,Middlesex County,25017,02139,42.38392811512567,-71.05075604551637,102636.39,10179.62,178505
a00d9831-02b3-0ce8-f1eb-82c600500be2,2008-05-01,,999-56-5254,S99948965,,Mr.,Kirby843,Mckinley734,Koelpin146,,,,asian,nonhispanic,M,Beijing  Beijing Municipality  CN,693 Considine Common Suite 67,Holliston,Massachusetts,Middlesex County,,00000,42.20925491783236,-71.41852440907752,43196.60,10250.60,122675
bcaa0371-140c-6b03-ae2e-87f3d017d1d7,1988-04-27,,999-75-7603,S99955224,X73080421X,Ms.,Giovanna377,Linnie39,Marquardt819,,,S,black,nonhispanic,F,Rutland  Massachusetts  US,1028 Tromp Parade Suite 89,Boston,Massachusetts,Suffolk County,25025,02129,42.376956577072605,-71.0285672334513,118801.81,244516.06,69199
9e9420a3-167d-ace7-d03a-a60625e07872,2026-05-06,,999-34-5393,,,,Kindra525,Rufina863,Waters156,,,,white,nonhispanic,F,Lawrence  Massachusetts  US,1055 Sawayn Path Suite 63,Westminster,Massachusetts,Worcester County,,00000,42.50782415801723,-71.9347492957831,2037.47,0.00,63529
f725a694-378a-cf23-f4a4-29e0754a5110,1981-08-24,,999-72-2177,S99967374,X22143656X,Mrs.,Linnea167,Della552,Tillman293,,Frami345,D,white,nonhispanic,F,Tyngsborough  Massachusetts  US,634 Ondricka Grove Unit 28,Billerica,Massachusetts,Middlesex County,,00000,42.572634973941085,-71.23320529318653,347300.73,733711.61,105492
b0cb5107-2ba5-80eb-b010-65ec03cfdd8c,2000-11-18,,999-29-9889,S99993262,X50353616X,Mr.,Leroy603,Jared66,Kuhn96,,,,white,nonhispanic,M,Athol  Massachusetts  US,935 Ferry Haven,Boston,Massachusetts,Suffolk County,25025,02152,42.351129305955766,-71.09356786995495,90302.82,0.00,38017
5e975c6b-e58c-1cba-4928-99af24419a49,1915-09-17,1997-03-09,999-45-5711,S99978372,X39282249X,Mr.,Odis959,Preston275,Pacocha935,,,S,white,nonhispanic,M,Worcester  Massachusetts  US,971 Sawayn Rest,Middleton,Massachusetts,Essex County,,00000,42.56404513298711,-70.97997617466737,247745.18,838101.84,104749
db53e69c-b39b-3d41-8487-dce1a6187187,1974-05-30,,999-68-3129,S99964265,X52950228X,Ms.,Laverna97,,Will178,,,S,native,nonhispanic,F,North Westport  Massachusetts  US,158 Green Landing Apt 48,Spencer,Massachusetts,Worcester County,25027,01562,42.20260610554619,-71.95584783336906,783753.24,415340.62,80039
49077e72-0860-aaef-0cc4-a02458b6c557,1971-07-20,,999-43-9099,S99946077,X20507865X,Mr.,Jose871,George991,Hauck852,,,S,white,hispanic,M,Wareham  Massachusetts  US,1074 Emmerich Boulevard Suite 54,Tewksbury,Massachusetts,Middlesex County,,00000,42.57948340115559,-71.25796720166491,100410.76,599336.27,149224
d4dcfaea-42b9-593f-b3a7-50541845ebaf,1915-09-17,1987-04-24,999-73-2700,S99927569,X25265459X,Mr.,Eddy900,Alvaro283,Koch169,,,M,white,nonhispanic,M,Beverly  Massachusetts  US,349 Haag Key Suite 85,Middleton,Massachusetts,Essex County,,00000,42.58040529630229,-70.99022499084519,118669.79,1913274.16,104749
f4378b98-e2b0-ca03-0cb5-1afa7ddcc3b0,2004-11-16,,999-11-8068,S99967387,X53015901X,Ms.,Yuki258,Albertine688,Moen819,,,,white,nonhispanic,F,Wayland  Massachusetts  US,371 Schroeder Approach Unit 58,Wrentham,Massachusetts,Norfolk County,,00000,42.03931377210767,-71.37916572385001,60130.32,24863.51,47300
1005f568-abb0-a580-b676-96762294ab94,1954-04-27,,999-49-7210,S99939085,X14642460X,Mr.,Kieth891,Donny470,Larson43,,,M,white,nonhispanic,M,Boston  Massachusetts  US,332 Muller Crossing Apt 94,Walpole,Massachusetts,Norfolk County,25021,02081,42.137334815120575,-71.28062996323409,51593.52,1038776.07,22737
e3a12822-c709-8d81-354c-2536f2f1221c,1958-05-20,2025-03-28,999-75-6242,S99981220,X81234148X,Mrs.,Shaniqua618,Marylynn944,Gutmann970,,Smith67,M,white,nonhispanic,F,Frankfurt  Hesse  DE,893 Yost Tunnel Unit 5,South Yarmouth,Massachusetts,Barnstable County,25001,02664,41.68201790764142,-70.17920561147162,974000.17,3102137.20,61250
16950a97-3fe2-4d22-c2ab-1117bd9b4a29,1982-04-06,,999-79-3246,S99947932,X57286395X,Mrs.,Lynne528,Harmony242,Windler79,,Brakus656,M,white,nonhispanic,F,Gardner  Massachusetts  US,864 Crist Branch Apt 98,West Stockbridge,Massachusetts,Berkshire County,,00000,42.28094662128401,-73.38232811177939,369067.52,443685.37,74013
f1f08b18-dfec-993f-1c8f-cd84f21aec5d,1958-05-20,,999-97-7819,S99995915,X14956763X,Mrs.,Kit446,Lana840,Baumbach677,,Paucek755,M,white,nonhispanic,F,Hamburg  Hamburg  DE,504 Tillman Approach,South Yarmouth,Massachusetts,Barnstable County,25001,02664,41.6776920313628,-70.20996926563573,993928.15,289420.35,61250
ef215976-40f8-a2a9-4fe7-07bbf34b2e83,1915-09-17,2016-12-20,999-93-8161,S99984044,X10332533X,Mr.,Gary33,Pierre431,Heller342,,,M,white,nonhispanic,M,Woburn  Massachusetts  US,736 Hartmann Bypass Apt 53,Middleton,Massachusetts,Essex County,,00000,42.62893445402865,-70.96408008485928,200961.91,272332.72,104749
aac7ee73-c5e5-c318-e21d-210b99dfeeaa,1960-02-06,,999-15-1079,S99993872,X65678833X,Mrs.,Sarita454,Elidia194,Hermiston71,,Padberg411,D,other,nonhispanic,F,Lowell  Massachusetts  US,811 Satterfield Vale Suite 58,North Reading,Massachusetts,Middlesex County,,00000,42.52874253384759,-71.04914501192252,29358.66,2114836.81,13740
9e874b37-ec4c-1a39-379a-0fef44279a17,1946-12-02,,999-67-9869,S99989016,X3482153X,Mr.,Vance413,,Feeney44,,,M,white,nonhispanic,M,Middleborough Center  Massachusetts  US,323 Bosco Rest Apt 48,Sandwich,Massachusetts,Barnstable County,25001,02563,41.74864160775751,-70.45404789476875,132091.04,213354.95,722445
fb6c905a-537a-799b-fc30-0a7c85fcd37f,1971-02-08,,999-51-1082,S99917844,X48558664X,Mr.,Arlen68,,Greenholt190,,,M,white,nonhispanic,M,Attleboro  Massachusetts  US,862 Anderson Trailer,Pittsfield,Massachusetts,Berkshire County,25003,01201,42.42142671731226,-73.3016801691743,18290.87,349196.35,4503
af3e7ed5-9c89-485f-062e-975f1d6fe7d1,1967-11-05,,999-25-4166,S99914221,X19955220X,Mr.,Leandro563,Gary33,Green467,,,W,white,nonhispanic,M,Wilmington  Massachusetts  US,558 Farrell Landing,Worcester,Massachusetts,Worcester County,25027,01609,42.264075143539536,-71.86479336117084,11695.26,164591.66,19603
6bd2e01c-47a0-9859-2fce-4653c64b0371,2019-05-16,,999-21-6420,,,,Vanita165,Audie868,Rodriguez71,,,,white,nonhispanic,F,Weymouth  Massachusetts  US,1032 Hilpert Haven,Marlborough,Massachusetts,Middlesex County,25017,01752,42.34122799597628,-71.57639083230129,17551.47,640.98,89789
415f7d6f-56ad-1211-7787-730fb861d047,1915-09-17,1986-07-01,999-87-2100,S99923497,X41241092X,Mr.,Vaughn909,Claudio955,Dicki44,,,M,white,nonhispanic,M,Holyoke  Massachusetts  US,373 Murazik Fork Apt 39,Middleton,Massachusetts,Essex County,,00000,42.64722266949407,-71.03173346677632,712850.95,354304.06,104749
fd153f2e-e685-e500-cb4a-59ce150f409d,1944-01-30,,999-97-9343,S99997777,X4701818X,Mrs.,Vanita165,Cleora578,Kerluke267,,Kling921,M,white,nonhispanic,F,Abington  Massachusetts  US,1017 Thompson Rest,Springfield,Massachusetts,Hampden County,25013,01106,42.1116997912846,-72.55651069052904,16459.33,832373.26,22718
7217a909-7bff-66e0-8221-1a30f1a9f1e8,2002-10-25,,999-71-7692,S99926869,X26332069X,Mr.,Matthew562,,Stehr398,,,,white,nonhispanic,M,Lawrence  Massachusetts  US,162 Kunze Port Unit 67,Boston,Massachusetts,Suffolk County,25025,02114,42.27559256304497,-71.05196528670878,70120.68,6582.68,164976
bf02b026-e7c4-bcb4-86ef-e0940bed9be4,1950-09-20,2021-05-29,999-66-3981,S99927854,X26952029X,Mr.,Riley817,Neville893,Bins636,,,M,white,nonhispanic,M,Milford  Massachusetts  US,340 Marvin Route,Ayer,Massachusetts,Middlesex County,25017,01432,42.613325758961146,-71.60110482866027,238559.59,2605763.26,98391
27149474-9451-e6d4-eb79-083a7e75091e,1996-08-09,,999-33-6601,S99942490,X20215574X,Mr.,Thaddeus38,Isaac321,Bauch723,,,M,white,nonhispanic,M,Hingham  Massachusetts  US,719 Stoltenberg Wynd,New Bedford,Massachusetts,Bristol County,25005,02744,41.57272524483323,-70.94625324941232,67105.29,49217.81,27401
e7158031-0477-5fb0-7842-9e3f0af0e90c,1956-07-05,2013-01-18,999-51-7332,S99953752,X16000172X,Mr.,Bradford382,,Rowe323,,,M,white,nonhispanic,M,Uxbridge  Massachusetts  US,1048 Schmeler Loaf Apt 40,Rockland,Massachusetts,Plymouth County,,00000,42.09846258103318,-70.95749437237268,73447.66,146399.28,190045
3f49d6f7-630b-a2d4-f943-d5db46ed4b75,1954-05-08,,999-69-2152,S99968806,X65654397X,Ms.,Marni913,Dominique369,Gottlieb798,,,S,white,nonhispanic,F,Newton  Massachusetts  US,332 Greenfelder Walk Suite 41,Westfield,Massachusetts,Hampden County,25013,01086,42.10773253942697,-72.7969296860824,330831.86,745047.19,32490
4eba29f3-8126-06b1-18de-6f58e26e068a,1915-09-17,2001-02-04,999-82-5732,S99950078,X89864899X,Mr.,Gene733,Tony646,Gutkowski940,,,S,white,nonhispanic,M,Somerville  Massachusetts  US,384 Larkin Gate Suite 87,Middleton,Massachusetts,Essex County,,00000,42.64925474335718,-70.97875378098288,122795.57,394187.28,104749
cfc6ea8a-81e6-b902-bee3-e9fb454250b1,1950-09-20,,999-47-2770,S99924961,X9733397X,Mr.,Ezra452,Santo387,Weber641,,,S,white,nonhispanic,M,Wenham  Massachusetts  US,871 O'Kon Passage,Ayer,Massachusetts,Middlesex County,25017,01432,42.49786056203336,-71.61781739866483,215732.32,419628.01,98391
1928c8b3-bff0-ab06-d122-e9207df3769c,1956-07-05,,999-52-3907,S99911910,X18156079X,Mr.,August363,Ollie731,McKenzie376,,,W,white,nonhispanic,M,Springfield  Massachusetts  US,487 Kassulke Neck,Rockland,Massachusetts,Plymouth County,,00000,42.09803979705143,-70.94747265528308,170446.94,118517.13,190045
76fdf4e1-5943-e39a-3716-2b341be70d43,1973-11-27,,999-82-3401,S99989711,X29082550X,Mr.,Napoleon578,Lon587,Turner526,,,S,white,nonhispanic,M,Bedford  Massachusetts  US,832 Zulauf Station Unit 2,Westfield,Massachusetts,Hampden County,25013,01085,42.1076373558873,-72.7811609534962,76125.97,61244.06,73693
120650c6-f985-941a-1b70-e004e9ced41a,1998-01-13,,999-57-1444,S99911071,X88411651X,Mr.,Sergio619,Mel236,Sporer811,,,M,white,nonhispanic,M,Clinton  Massachusetts  US,903 Purdy Park,Lawrence,Massachusetts,Essex County,25009,01840,42.7061110630258,-71.11759287620767,8978.32,636239.47,11528
b4e781b1-895e-c9af-9208-e57c6539fc3b,1972-01-11,2018-08-07,999-86-5537,S99914825,X74494100X,Mr.,Pedro316,Kenny207,Goodwin327,,,M,white,nonhispanic,M,Worcester  Massachusetts  US,169 Klein Trailer Suite 63,Fitchburg,Massachusetts,Worcester County,25027,01420,42.55416405394289,-71.84809840866203,135211.71,0.00,46295
bcc963bc-93db-a24b-6610-3c50b22b7125,1957-01-26,,999-69-3628,S99912618,X8182076X,Mr.,Nathan164,Johnie961,Pagac496,,,M,white,nonhispanic,M,Revere  Massachusetts  US,214 Grady Path Apt 64,Reading,Massachusetts,Middlesex County,25017,01801,42.55772770385465,-71.13600217899422,302037.22,144008.15,33423
b742d53d-d8eb-f8ad-f2d2-711686b7343b,1972-01-11,,999-67-5160,S99914154,X37975318X,Mr.,Isreal8,Harold594,Welch179,,,M,white,nonhispanic,M,Eastham  Massachusetts  US,594 Daugherty Stravenue Suite 30,Fitchburg,Massachusetts,Worcester County,25027,01420,42.549549023031865,-71.81640872095544,154439.15,8122.14,46295
7200cc86-0ced-4f8d-e9de-d1e1c6b23f3a,1915-09-17,2004-01-09,999-34-4667,S99915400,X981182X,Mr.,Josef103,Moises22,Hills818,,,S,white,nonhispanic,M,Boston  Massachusetts  US,364 Kuhlman Esplanade Apt 95,Middleton,Massachusetts,Essex County,,00000,42.56611006291604,-71.01962580046565,445462.92,1108778.66,104749
b2b8ded7-c535-d19e-9e0f-50fea07cc113,1959-01-18,,999-32-6470,S99935863,X22135085X,Mrs.,Verona337,Lanie389,Bergnaum523,,Nicolas769,M,white,nonhispanic,F,Lexington  Massachusetts  US,1012 Larkin Loaf Apt 22,Lynn,Massachusetts,Essex County,25009,01940,42.44498238719304,-71.02095493958845,18361.95,754068.34,11777
1b56edc4-945e-6192-01f2-4faf8eb16c56,1984-08-24,,999-69-7119,S99987793,X47783715X,Mr.,Craig656,Bryan958,Ebert178,,,M,white,nonhispanic,M,Auburn  Massachusetts  US,931 Ratke Quay Suite 42,North Reading,Massachusetts,Middlesex County,,00000,42.5488559478644,-71.05115850282915,132504.13,0.00,76914
90530800-d595-fac1-2679-dff4bcad08fd,1974-12-27,,999-95-5740,S99981935,X6039981X,Ms.,Omega729,Janae99,Koch169,,,S,white,nonhispanic,F,Burlington  Massachusetts  US,631 MacGyver Divide Unit 40,Adams,Massachusetts,Berkshire County,25003,01220,42.58998360250069,-73.11329002206215,474875.10,236931.95,112959
53ad3af0-becc-ab6b-56a3-418e197357f6,1997-02-24,,999-76-5029,S99989219,X86266806X,Mrs.,Gayle448,Nakia544,Will178,,Feeney44,M,asian,nonhispanic,F,Boston  Massachusetts  US,994 Wehner Mission,Malden,Massachusetts,Middlesex County,25017,02148,42.46413318611947,-71.07572536114246,115692.03,640820.29,91150
baf15da9-6b37-c02a-80e3-0a5811344f76,1982-07-21,,999-27-2447,S99984632,X42319103X,Mr.,Hyman89,Kenton313,Reinger292,,,D,black,nonhispanic,M,Chicopee  Massachusetts  US,978 Fisher Rue Unit 71,Dartmouth,Massachusetts,Bristol County,,00000,41.556929543295816,-70.99733795305097,51680.15,681948.06,25665
7a12e35d-78dc-76c3-37e7-5207821c84cb,1996-02-12,2018-02-06,999-98-9524,S99986491,X26947329X,Ms.,Wynona930,Pauline896,Buckridge80,,,,hawaiian,nonhispanic,F,Boston  Massachusetts  US,1075 Hintz Forge,Pittsfield,Massachusetts,Berkshire County,25003,01201,42.50045681769048,-73.26750203536514,120668.11,710329.11,41613
58790682-5019-7e7b-6e2f-29ee0b4f8746,1959-07-28,2018-08-06,999-77-5321,S99924270,X63149208X,Mrs.,Ena816,Marcella377,Greenholt190,,VonRueden376,M,white,nonhispanic,F,Millis-Clicquot  Massachusetts  US,681 Upton Esplanade Unit 65,Bourne,Massachusetts,Barnstable County,25001,02532,41.72571066665409,-70.58045944119623,916039.77,263006.81,58524
793dc0d6-10ef-4d87-93f7-89514fbdbf74,1996-02-12,2025-06-10,999-97-8537,S99949240,X5420117X,Mrs.,Madeleine482,Justine412,Bayer639,,Hamill307,M,hawaiian,nonhispanic,F,Medford  Massachusetts  US,835 Boyer Branch Unit 81,Pittsfield,Massachusetts,Berkshire County,25003,01201,42.41462273422474,-73.24028974302121,103117.70,639356.07,41613
dca69d68-4e0d-ad32-d2d5-d5532b289707,1958-02-11,,999-17-4091,S99987009,X22818619X,Ms.,Emilia403,Joye57,Donnelly343,,,S,white,nonhispanic,F,Cambridge  Massachusetts  US,848 Nikolaus Village Suite 37,Springfield,Massachusetts,Hampden County,25013,01107,42.13590718214153,-72.50361667213178,18701.43,1228174.61,19999
32c39c9c-a726-28d2-3a70-d378261fa377,1915-09-17,1977-12-12,999-48-5570,S99923196,X63475208X,Mr.,Gonzalo160,Raymundo71,Jakubowski832,,,M,white,nonhispanic,M,Athol  Massachusetts  US,495 Schmeler Grove,Middleton,Massachusetts,Essex County,,00000,42.56416031842338,-71.03416172185781,464209.47,542861.31,104749
29018d95-1021-de19-1f5a-381f717b9668,1985-09-27,,999-97-2205,S99939028,X88700950X,Mrs.,Dona966,Shea825,Morar593,,Yundt842,M,white,nonhispanic,F,Dedham  Massachusetts  US,135 Buckridge Underpass Apt 31,Pinehurst,Massachusetts,Middlesex County,25017,01866,42.50547057357183,-71.27425133004786,181904.36,216092.68,110316
d09da8c1-3b3b-7d65-c092-4d2fcf325fdd,1959-07-28,,999-14-8498,S99989994,X67538356X,Mrs.,Cecily421,Rebbecca977,Kuhlman484,,Spencer878,W,white,nonhispanic,F,Fairhaven  Massachusetts  US,553 Hartmann Overpass,Bourne,Massachusetts,Barnstable County,25001,02532,41.79072627647947,-70.55792929273217,605349.10,316556.93,58524
c0672d66-ab1b-dd14-032d-e600468578ff,1996-02-12,,999-60-8207,S99924673,X80299600X,Mrs.,Lashandra868,Jimmy858,Carter549,,Marvin195,M,hawaiian,nonhispanic,F,Ocean Bluff-Brant Rock  Massachusetts  US,796 Konopelski Corner Unit 77,Pittsfield,Massachusetts,Berkshire County,25003,01201,42.497891104414144,-73.31790507227075,130691.47,446452.03,41613
88052177-f199-a474-3798-18f7c291d280,2024-09-16,,999-29-2531,,,,Johnna810,,Hoppe518,,,,white,nonhispanic,F,Medford  Massachusetts  US,428 Prosacco Wall Suite 56,Holyoke,Massachusetts,Hampden County,25013,01040,42.26128216434084,-72.66063224917526,3289.79,2968.74,187533
373b12b9-8585-7e6d-befc-da912d7c1498,1980-12-04,,999-37-8121,S99959458,X55561929X,Mr.,Woodrow571,Grover559,Yost751,,,M,white,nonhispanic,M,New Bedford  Massachusetts  US,1000 Thompson Skyway,Baldwinville,Massachusetts,Worcester County,25027,01436,42.605527443987995,-72.05848056187894,113651.63,15153.50,78892
269fc26e-3625-9f63-cce4-5787d9b055de,1958-06-27,,999-60-1657,S99929583,X33187395X,Mrs.,Candis134,,D'Amore443,,Howell947,M,white,nonhispanic,F,Brockton  Massachusetts  US,404 Beatty Well Apt 54,Saugus,Massachusetts,Essex County,25009,01906,42.439067672072035,-70.99922585446528,840418.81,1020472.97,47754
a1d6340f-c3bd-07d0-5912-70925a086750,1992-03-14,,999-25-1456,S99971026,X77839976X,Mr.,Robin66,Tracey100,Bergnaum523,,,M,white,nonhispanic,M,Lancaster  Massachusetts  US,334 West Gateway,Malden,Massachusetts,Middlesex County,25017,02155,42.44040362333539,-71.05402736204327,439598.25,275791.43,63512
cfcb59e6-eb37-e195-6b88-611569d6cd88,2015-07-26,,999-16-6401,,,,Micheal721,,Roberts511,,,,white,nonhispanic,M,Gardner  Massachusetts  US,652 McLaughlin Key,Groton,Massachusetts,Middlesex County,25017,01450,42.56205975334084,-71.59447991956057,43807.92,9474.40,175435
5adc6480-60af-5dcf-3d38-2efe559478bd,1915-09-17,,999-62-5062,S99963030,X4313044X,Mr.,Hoyt490,Renato359,Schuppe920,,,S,white,nonhispanic,M,Andover  Massachusetts  US,956 Ebert Passage Apt 38,Middleton,Massachusetts,Essex County,,00000,42.615128880809635,-70.95798323410145,255055.89,214501.91,104749
ef2a1d11-26b9-864f-41cd-d8155604e7c5,2016-10-24,,999-15-9015,,,,Buddy254,Raul814,Tillman293,,,,white,nonhispanic,M,Springfield  Massachusetts  US,329 Wunsch Drive,Mendon,Massachusetts,Worcester County,,00000,42.138608436475316,-71.57090307811121,1620.07,36621.32,23098
7bf4c871-fe23-5ac2-f1b6-aca33e0e293c,1961-12-28,,999-85-1235,S99919818,X42786808X,Mr.,Gale827,Francis500,Metz686,,,S,white,nonhispanic,M,Agawam  Massachusetts  US,279 Ondricka Park Apt 38,Newton,Massachusetts,Middlesex County,25017,02464,42.34288169255005,-71.25138583405317,247885.28,0.00,65474
52823676-710c-cff1-9b5c-06ae590d8fb9,1960-11-06,,999-83-4114,S99956834,X8302283X,Mr.,Greg949,Hyman89,Borer986,,,S,white,nonhispanic,M,Malden  Massachusetts  US,935 Sanford Landing Unit 68,Tewksbury,Massachusetts,Middlesex County,,00000,42.641186334188625,-71.21949880243506,172429.86,42786.58,115347
e080bce4-fe54-83e8-a690-0b483f13ecc2,1968-02-13,,999-93-6309,S99921377,X52705102X,Mr.,Charlie254,,Pollich983,,,M,white,nonhispanic,M,Bliss Corner  Massachusetts  US,113 Blanda Skyway Unit 0,Somerville,Massachusetts,Middlesex County,25017,02144,42.397797007402175,-71.10319664139219,154286.76,16112.31,167936
c6fe287f-e7b6-eea4-49e1-f21a1be78f39,1957-01-16,2013-06-05,999-27-4546,S99968396,X318146X,Mrs.,Corina534,,Schroeder447,,Cartwright189,D,white,nonhispanic,F,Sutton  Massachusetts  US,610 Kling Skyway Suite 21,Spencer,Massachusetts,Worcester County,25027,01562,42.206091646719415,-71.9560068683616,311019.03,924472.09,166967
74b473ac-80aa-81c5-835b-6f3e2d473655,1932-06-17,2001-12-14,999-68-8571,S99912467,X75929253X,Mrs.,Terese90,Manie910,Mayer370,,Pouros728,M,white,nonhispanic,F,Cambridge  Massachusetts  US,231 Lemke Alley,Bridgewater,Massachusetts,Plymouth County,25023,02324,41.98394435558015,-70.96955099858717,997193.54,461866.61,40619
e267adc8-a371-9410-d659-259cf3dce563,2002-02-06,,999-44-5332,S99948776,X22152172X,Mr.,Osvaldo336,,Lakin515,,,,black,nonhispanic,M,Greenfield  Massachusetts  US,646 Schamberger Dam,Clinton,Massachusetts,Worcester County,25027,01510,42.374129309182976,-71.64998955769607,140187.29,566198.38,48572
dd15483b-f5e4-a8e3-74c0-e3862334c55d,2024-01-22,,999-33-4015,,,,Devin82,Nelson403,Gleason633,,,,white,nonhispanic,M,Brockton  Massachusetts  US,822 Jacobson Pathway,North Lakeville,Massachusetts,Plymouth County,,00000,41.90612308503863,-70.96915777748893,5306.75,8186.44,36362
9b6e112e-7b9f-5566-0ff2-9dbf42c5c8e9,1968-01-11,,999-95-3525,S99949920,X25492909X,Mrs.,Dominique369,Pok428,Nitzsche158,,Wuckert783,M,black,nonhispanic,F,Lyon  Auvergne-Rhone-Alpes  FR,213 Graham Lodge,Worcester,Massachusetts,Worcester County,25027,01609,42.31689373625729,-71.82162105283085,614548.37,318068.26,45163
0e44b20c-c423-0832-23c3-5ba130db8a24,2015-11-30,,999-55-5549,,,,Kasey569,,Terry864,,,,white,nonhispanic,M,Brockton  Massachusetts  US,993 Zboncak Frontage road Unit 24,Plymouth,Massachusetts,Plymouth County,25023,02360,41.85094975665141,-70.65758525532168,14880.24,12905.12,184430
89088b5e-6309-3d7c-bf65-34eb05394897,2006-03-14,,999-75-7504,S99911602,X69356477X,Ms.,Kaylene27,Caryn49,Hickle134,,,,white,nonhispanic,F,Boston  Massachusetts  US,930 Yost Forge Unit 87,West Springfield,Massachusetts,Hampden County,25013,01089,42.17374044778816,-72.62176721358824,46374.53,2062.67,77460
797b7a95-7a2a-895a-cb88-556168a0aa42,1957-01-16,,999-79-3595,S99975153,X35906154X,Mrs.,Eldora89,Jann271,Collier206,,Luettgen772,D,white,nonhispanic,F,Leicester  Massachusetts  US,146 Hettinger Gate Suite 22,Spencer,Massachusetts,Worcester County,25027,01562,42.278646092041505,-71.96557127248957,199704.58,727507.72,166967
6eb989cf-c518-3972-4285-991a17796fd2,2006-04-08,,999-33-9342,S99926705,X78643489X,Mr.,Harold594,Jerrold404,Hilll811,,,,white,nonhispanic,M,White Island Shores  Massachusetts  US,155 Rowe Terrace Apt 18,Lawrence,Massachusetts,Essex County,25009,01843,42.721200695604196,-71.13526860663,3491.96,55448.90,19760
f20bbc23-7366-b527-53ad-d37b78c98d38,1966-07-03,,999-23-9940,S99964763,X58529573X,Mrs.,Shirley182,Nikole56,Jones311,,Christiansen251,M,white,nonhispanic,F,Fall River  Massachusetts  US,194 Kirlin Ferry,Milford,Massachusetts,Worcester County,25027,01757,42.161660955222196,-71.55373009674567,313009.57,1434140.62,28516
6f4c217c-c872-520a-57e3-7233474fcf5f,2005-11-20,,999-60-2606,S99913092,X85424031X,Mr.,Luke971,Troy560,Green467,,,,white,nonhispanic,M,Boston  Massachusetts  US,360 Prosacco Approach Apt 49,Boylston,Massachusetts,Worcester County,,00000,42.32695108067966,-71.72028632148006,81446.64,595685.90,782067
60bdf9cb-5dac-7e95-455c-d9f3b6b2dbc9,1932-06-17,2017-12-16,999-14-4505,S99911581,X14057945X,Mrs.,Gayle448,Eneida722,Ferry570,,Stiedemann542,M,white,nonhispanic,F,Springfield  Massachusetts  US,861 Herzog Branch,Bridgewater,Massachusetts,Plymouth County,25023,02324,41.9532574736333,-71.01735157218958,986682.84,518557.18,40619
6a9fd9a9-556f-a1c8-ce10-d289b220ac51,1995-06-22,,999-69-9639,S99967748,X41688171X,Mrs.,Manuela585,Cristy798,Buckridge80,,Morissette863,M,white,nonhispanic,F,Worcester  Massachusetts  US,410 Shields Byway,Beverly,Massachusetts,Essex County,25009,01915,42.60251188996323,-70.80268245155452,119398.42,725571.53,32137
fc067774-bf3d-9574-84c1-57799c3815f6,1931-04-10,,999-31-1047,S99912307,X67277186X,Mr.,Phillip440,,Krajcik437,,,S,white,nonhispanic,M,Shrewsbury  Massachusetts  US,906 Nitzsche Fort Unit 48,Lynn,Massachusetts,Essex County,25009,01907,42.46423422583277,-70.90381077364141,36671.39,1209353.96,8494
7332f87b-a48d-a451-6113-2f976cc79971,1963-01-13,,999-40-2526,S99978133,X79771745X,Mrs.,Lorette239,Lida218,Auer97,,Oberbrunner298,M,white,nonhispanic,F,Chelmsford  Massachusetts  US,838 Durgan Arcade Unit 7,Worcester,Massachusetts,Worcester County,25027,01583,42.24246970680921,-71.84731063333962,19489.34,1279412.11,12367
abce76ef-e702-fe32-0e28-3520c904310a,2004-10-04,,999-20-1610,S99927785,X2256843X,Mr.,Hobert364,,Wyman904,,,,white,nonhispanic,M,Boston  Massachusetts  US,963 Willms Skyway Suite 48,Milford,Massachusetts,Worcester County,25027,01757,42.17250553953286,-71.54602741284374,51953.24,8592.56,196542
c899f7f9-2877-5a29-4e2c-972435495589,2006-12-14,,999-86-2342,S99911821,,Ms.,Nathalie366,Tomi599,Schultz619,,,,black,nonhispanic,F,Tyngsborough  Massachusetts  US,359 Gibson Trail Apt 16,Boston,Massachusetts,Suffolk County,25025,02129,42.401266678084525,-71.05036740896699,46326.71,76168.31,97673
9ba27cca-d2c4-c01d-51a2-5c80bfc2654d,1962-05-24,,999-44-5945,S99944858,X53915955X,Ms.,Coretta598,Tova870,Hauck852,,,S,white,nonhispanic,F,Westfield  Massachusetts  US,464 Littel Trail Apt 95,Boston,Massachusetts,Suffolk County,25017,02467,42.28798867496377,-71.08324369559816,449283.93,963366.52,292887
d55c4f5f-cc51-6465-cd83-0e2fc70d4b8f,1963-07-20,2016-10-10,999-46-4103,S99933555,X51476403X,Ms.,Margurite588,Kristeen693,Hand679,,,S,white,hispanic,F,Tewksbury  Massachusetts  US,342 Erdman Divide Unit 72,Springfield,Massachusetts,Hampden County,25013,01108,42.169616079170076,-72.55248796104068,33897.45,4469237.86,22574
f2ede26c-f183-ecd8-99b3-3c307f69c66e,2004-10-18,,999-54-7070,S99991246,X20584306X,Mr.,Jess275,Sidney996,Zemlak964,,,,white,nonhispanic,M,Norwood  Massachusetts  US,906 Block Mill Unit 72,Brewster,Massachusetts,Barnstable County,25001,02631,41.71457161197774,-70.06936275814718,62775.08,8377.17,47359
f8fe5032-18eb-e376-2cda-cba11a7d2b48,1932-06-17,2017-06-22,999-66-9839,S99932836,X57241219X,Mrs.,Clair921,,Yundt842,,Stiedemann542,M,white,nonhispanic,F,Framingham  Massachusetts  US,118 Corkery Underpass Unit 15,Bridgewater,Massachusetts,Plymouth County,25023,02324,42.01805446218529,-71.02461004790307,609207.38,900226.68,40619
e8db0dab-ed4f-ac12-da53-2a0fcd842c73,1952-06-13,,999-40-8175,S99979978,X62440871X,Mr.,Silas208,,Dietrich576,,,M,white,nonhispanic,M,Boston  Massachusetts  US,765 Glover Junction Apt 60,Boston,Massachusetts,Suffolk County,25025,02215,42.33791573026592,-71.15700274912066,27043.54,656429.71,9158
241585e2-5aa5-c06c-137b-4c57c387d2fb,1990-07-19,,999-57-9305,S99920107,X88714201X,Mrs.,Diana207,Catalina187,Moreno82,,Naranjo39,M,white,hispanic,F,San Jose  San Jose  CR,895 Cassin Dam Apt 73,Winchendon,Massachusetts,Worcester County,25027,01475,42.61907140949967,-72.1046188140347,169203.33,703774.12,29223
4db951ad-45bd-7032-3ce6-0e9e2fe93b75,2003-04-02,,999-36-1917,S99912711,X26414967X,Ms.,Henrietta324,Starr864,Hauck852,,,,white,nonhispanic,F,Wrentham  Massachusetts  US,548 Predovic Light Apt 91,Salisbury,Massachusetts,Essex County,25009,01952,42.8724265678396,-70.87107389765636,9023.99,878917.66,10739
d9a2c47e-1069-3665-c74d-640607f60c46,1963-07-20,,999-97-6615,S99921449,X17570568X,Mrs.,Myrl830,Magan944,Medhurst46,,Hills818,M,white,hispanic,F,West Boylston  Massachusetts  US,258 Rohan Trailer Apt 76,Springfield,Massachusetts,Hampden County,25013,01106,42.084075083126045,-72.56327532474803,32158.17,1905806.58,22574
ed634bea-a0ab-e3f0-8d4a-24b5ddaffc62,2011-05-07,,999-90-5194,,,,Irena775,,Wiza601,,,,white,nonhispanic,F,Brockton  Massachusetts  US,366 Senger Terrace Apt 89,Everett,Massachusetts,Middlesex County,25017,02148,42.427554512190156,-71.09227350379996,2809.14,45701.73,4211
bb3c3f07-75bb-3026-51ae-1bc1aa54fc37,2005-04-11,,999-88-9562,S99968476,X21108823X,Ms.,Gayle448,Tia76,Welch179,,,,white,nonhispanic,F,Sharon  Massachusetts  US,546 Goodwin Viaduct Suite 4,Amherst,Massachusetts,Hampshire County,,00000,42.402012138084544,-72.50296372107866,5144.64,58439.90,10574
e3f1ad49-403b-0978-6f59-1fa5fade4810,1993-01-21,,999-88-8568,S99917335,X62413954X,Ms.,Isabel214,Guadalupe206,Quintero729,,,S,white,hispanic,F,Ponce  Puerto Rico  PR,668 Bahringer Extension,Boston,Massachusetts,Suffolk County,25025,02118,42.33817301908441,-71.19542393880924,157497.16,285517.44,85157
08644617-1afc-9e25-78d0-d7314f7e8284,1959-01-08,,999-31-5538,S99993090,X79145951X,Mr.,Margarito178,Nicolas769,Padberg411,,,M,white,nonhispanic,M,Duxbury  Massachusetts  US,997 Walker Viaduct Apt 82,Granby,Massachusetts,Hampshire County,25015,01033,42.228605100346236,-72.51273188982204,75305.62,514492.75,56934
28617cac-c1ee-9151-f541-a01bf18faf5c,1963-12-25,,999-49-7320,S99952931,X82468680X,Mr.,Omer483,,Mitchell808,,,M,white,nonhispanic,M,Quincy  Massachusetts  US,662 Halvorson Village,Harvard,Massachusetts,Worcester County,,00000,42.46401030168456,-71.5762452247385,178572.49,96691.17,187650
9142c05e-a9b5-beee-b8a9-23395905fe8f,1932-06-17,2016-10-21,999-82-6827,S99977323,X23821551X,Ms.,Gabriella773,,Wuckert783,,,S,white,nonhispanic,F,Quincy  Massachusetts  US,867 Botsford Trail Apt 92,Bridgewater,Massachusetts,Plymouth County,25023,02324,41.92954429005093,-71.00686804471506,951102.35,445379.54,40619
8d5f0faf-e6a0-162e-250e-ed793b5a0a7b,1948-11-19,,999-69-8584,S99982052,X16919334X,Mr.,Juan88,Nicolás801,Navarro863,,,M,white,hispanic,M,Caguas  Puerto Rico  PR,517 King Estate,Boston,Massachusetts,Suffolk County,25025,02124,42.24088711879665,-71.04184136499146,270271.65,754139.64,132911
423bd608-ec87-8d4c-0d2e-2e2f8e581eb5,1959-05-18,,999-70-2496,S99922409,X16208726X,Mr.,Jarrod316,Grover559,Nicolas769,,,M,white,nonhispanic,M,West Wareham  Massachusetts  US,1077 Pollich Crossroad Unit 75,Framingham,Massachusetts,Middlesex County,25017,01702,42.2367550902513,-71.40954078077723,395921.73,462997.20,42915
84943b95-9ea3-2084-6843-d9beeb9f25bd,1953-08-27,,999-39-1951,S99946977,X21271264X,Mrs.,Leatha675,Christia477,Larkin917,,Simonis280,M,white,nonhispanic,F,Watertown  Massachusetts  US,277 Murray Trailer Apt 95,Amherst Center,Massachusetts,Hampshire County,,00000,42.38418845203161,-72.48876407207665,764050.14,163611.88,65094
1ff6198d-e0c3-67f1-68af-e515a0388469,2001-11-03,,999-14-5534,S99945583,X19585845X,Ms.,Roseline981,,Johnson679,,,,white,nonhispanic,F,Blackstone  Massachusetts  US,192 Hermiston Port Suite 75,Stoneham,Massachusetts,Middlesex County,25017,02180,42.51065642343889,-71.13399761297413,101008.86,123561.24,179058
aae1107c-3cfa-1383-f639-edd799b05429,1972-10-02,,999-15-2666,S99936561,X19506484X,Mr.,Santos184,Bernardo699,Daugherty69,,,W,white,nonhispanic,M,Berlin  Berlin  DE,1048 Hagenes Park Unit 64,Taunton,Massachusetts,Bristol County,25005,02767,41.83117611178853,-70.98597382157266,21728.97,1058149.53,12290
cbfc3fff-47b0-9a2f-a194-e631a203a7fc,1996-10-03,,999-24-7317,S99944067,X83013885X,Mrs.,Clair921,Ivy932,Hoppe518,,Gleason633,M,black,nonhispanic,F,Sherborn  Massachusetts  US,149 Corwin Trace,Milton,Massachusetts,Norfolk County,25021,02186,42.22654292535647,-71.0370061295992,145552.46,1027765.05,637844
8471aaf0-2034-20b9-c963-1114750f514d,1984-11-16,2016-11-26,999-60-2428,S99966859,X26765792X,Mr.,Alan320,Deangelo7,Greenholt190,,,S,black,nonhispanic,M,Milton  Massachusetts  US,301 Stamm Crossing Suite 37,Arlington,Massachusetts,Middlesex County,25017,02476,42.46496114838739,-71.12377315212554,108336.06,17797.68,121218
10522abc-36c5-a30b-592c-81a31f64007b,1932-06-17,,999-71-1958,S99914769,X79777579X,Mrs.,Kendall673,Audie868,Schulist381,,Mayert710,M,white,nonhispanic,F,Orleans  Massachusetts  US,222 Kassulke Gate Suite 43,Bridgewater,Massachusetts,Plymouth County,25023,02324,42.008145057240974,-70.95469120673606,1331861.00,1552624.94,40619
23d3c273-114f-ccb9-5a58-cd9e8081994a,1972-09-03,,999-15-3019,S99966850,X6137237X,Ms.,Hortensia953,,Ziemann98,,,S,white,nonhispanic,F,Boston  Massachusetts  US,229 Hayes Lodge Apt 43,Scituate,Massachusetts,Plymouth County,25023,02066,42.21246735459694,-70.75199220255813,308314.31,1011708.35,381617
e2f16262-fd3b-42c2-b3c5-8bb2ec82ea3f,1984-11-16,,999-97-3548,S99928704,X85523328X,Mr.,Boyce638,Nathan164,Turner526,,,M,black,nonhispanic,M,Dracut  Massachusetts  US,177 Mayert Lane Apt 82,Arlington,Massachusetts,Middlesex County,25017,02474,42.42803663990858,-71.15838343307097,110295.27,13070.21,121218
788c9770-a6f1-5000-d49c-eb3fd9b76ba3,1998-03-09,2022-08-20,999-75-7982,S99948112,X10178272X,Ms.,Claudine313,Celina578,Stamm704,,,,white,nonhispanic,F,Lynn  Massachusetts  US,1083 Howell Pathway,Rockport,Massachusetts,Essex County,25009,01966,42.69541457381997,-70.56108363956362,96379.05,110997.32,95459
ec45b336-ec93-8fa9-d0b3-c5ee3d15bd15,1952-05-28,,999-24-6202,S99971592,X37438685X,Mrs.,Lina528,Patti584,Bauch723,,Kilback373,D,white,nonhispanic,F,Beverly  Massachusetts  US,434 Lockman Promenade Apt 4,Saugus,Massachusetts,Essex County,25009,01906,42.49929565615733,-71.00350773867456,283437.20,40110.51,49938
9fff42b2-10a0-7008-2035-8c4a55cf3ed5,1998-03-09,,999-73-1591,S99953736,X4456976X,Mrs.,Magda24,Mika226,Schoen8,,Johns824,M,white,nonhispanic,F,Wellesley  Massachusetts  US,1092 Murray Village,Rockport,Massachusetts,Essex County,25009,01966,42.59907487463491,-70.58076312595955,85175.01,582029.51,95459
4e71cdb6-aafa-64ff-4d48-205826ef8c38,1987-10-21,,999-11-4242,S99961912,X4456252X,Mr.,Neil122,Ezekiel373,Jast432,,,M,white,nonhispanic,M,Pepperell  Massachusetts  US,658 Runolfsson Haven Suite 93,Worcester,Massachusetts,Worcester County,25027,01602,42.27132825442432,-71.69473109790395,13712.93,200359.15,19015
d4c3dcc5-1c61-c45d-78b5-38bea7616d2d,1989-07-20,,999-87-2187,S99956173,X64201733X,Mr.,Eliseo499,Roman389,Will178,,,S,white,nonhispanic,M,Stoneham  Massachusetts  US,131 Auer Skyway Apt 35,Salem,Massachusetts,Essex County,25009,01907,42.42689496694295,-70.91089316816407,312575.37,296724.84,92105
2a4a7ec0-193c-1784-a67b-a6e460a07066,1975-03-08,,999-91-7752,S99938166,X61419900X,Mr.,Emil691,,O'Kon634,,,W,white,nonhispanic,M,Worcester  Massachusetts  US,695 Ledner Esplanade,Quincy,Massachusetts,Norfolk County,25021,02169,42.301651890111614,-70.96402627317613,138704.25,14120.43,42641
c484806b-5173-ab6d-e876-d2646e5b4df0,2019-07-24,,999-80-9269,,,,Rosalia943,Nell215,Stracke611,,,,white,nonhispanic,F,Boston  Massachusetts  US,1006 Huels Key,East Falmouth,Massachusetts,Barnstable County,25001,02536,41.62573838107822,-70.54853481081517,20512.30,216.89,125853
5d786d28-ef2a-b02c-9951-283aa1c44d26,2016-01-03,,999-83-3725,,,,Lolita963,Vena594,Schimmel440,,,,white,nonhispanic,F,Rehoboth  Massachusetts  US,650 Morar Lane,Chicopee,Massachusetts,Hampden County,25013,01022,42.17886654991352,-72.55128031221352,1395.86,16428.85,20086
08383d11-0277-0b86-d395-7ca3c567e872,1931-07-21,1998-07-24,999-25-5954,S99954973,X25249635X,Mr.,Antonio44,José Emilio366,Briones478,,,M,black,nonhispanic,M,Portsmouth  Saint John Parish  DM,955 Lynch Meadow,Boston,Massachusetts,Suffolk County,25025,02130,42.318932211971585,-71.08983395615095,155185.36,1805376.92,68905
54123531-b002-bc26-e2c5-56d45e929747,1979-12-13,,999-28-6694,S99994794,X26428257X,Mrs.,Merri201,Katina266,Mayer370,,Stiedemann542,M,black,nonhispanic,F,Boston  Massachusetts  US,956 Lockman Haven,Randolph,Massachusetts,Norfolk County,25021,02368,42.15559898184342,-71.0685012846942,164682.25,569414.68,29409
f7726611-fc71-a287-f737-64a68cdc352b,1966-07-02,,999-32-5814,S99980292,X86496728X,Mr.,Anibal473,Jeromy156,Leannon79,,,S,white,nonhispanic,M,Orange  Massachusetts  US,329 Zieme Ferry,Wayland,Massachusetts,Middlesex County,,00000,42.383313004656564,-71.40246333983893,87510.86,121324.62,406308
fc8b3f8a-25b9-7d83-44e8-1408f3726007,1966-09-10,,999-69-5220,S99944888,X49244111X,Mrs.,Vernon254,Kimbery217,Pfeffer420,,Vandervort697,D,black,nonhispanic,F,Boston  Massachusetts  US,114 Hirthe Parade,Danvers,Massachusetts,Essex County,25009,01923,42.54021653088207,-70.95374388360305,865359.88,425193.85,111323
c834c561-9423-788d-c1f1-51c292764db6,1977-07-05,,999-70-2356,S99953838,X75669028X,Mrs.,Kymberly381,,O'Hara248,,Senger904,M,white,hispanic,F,Billerica  Massachusetts  US,599 Howell Hollow Apt 75,Greenfield,Massachusetts,Franklin County,25011,01301,42.63332826546557,-72.57454407835063,413480.65,334433.71,40829
2f002d88-0f70-706f-cf46-e9657d8d232d,2005-07-08,,999-51-9493,S99938225,X42791856X,Mr.,Joesph309,Lionel365,Waelchi213,,,,white,nonhispanic,M,Lawrence  Massachusetts  US,925 Rosenbaum Overpass Unit 28,Newton,Massachusetts,Middlesex County,25017,02461,42.29705773074111,-71.13080535745753,61208.88,5883.57,77717
fb5777f7-167c-a9bb-3959-466c0aad752f,1999-10-05,,999-63-9996,S99994718,X41252377X,Ms.,Rose199,Pennie519,Lindgren255,,,,white,nonhispanic,F,Chicopee  Massachusetts  US,576 Reichel Forge,Quincy,Massachusetts,Norfolk County,25021,02170,42.25539030536365,-71.10097576237126,60723.65,307505.85,101247
da5e0ebe-88fe-b564-502c-22b82d4208d4,1975-11-30,,999-61-9279,S99974048,X47238502X,Mr.,Yong583,Kristopher775,Balistreri607,,,D,white,hispanic,M,Winchester  Massachusetts  US,975 Bradtke Glen Unit 13,North Attleborough,Massachusetts,Bristol County,,00000,41.95340211422607,-71.33035580340527,111767.98,82548.75,57453
9c536c12-fb94-6fc2-92c0-1f3ce1d00c1b,2001-08-05,,999-95-2054,S99933212,X66939907X,Mr.,Jody426,Elijah719,Kshlerin58,,,,white,nonhispanic,M,Southbridge  Massachusetts  US,334 Little Way Suite 23,Billerica,Massachusetts,Middlesex County,,00000,42.602707033223346,-71.27046512124232,70187.45,25174.11,69262
7b2e59e5-e78d-83dd-5d88-dd6f3a2666a6,1931-07-21,,999-54-2922,S99970723,X31628768X,Mr.,Gabriel934,,Jurado563,,,S,black,nonhispanic,M,Caguas  Puerto Rico  PR,487 Abshire Fort,Boston,Massachusetts,Suffolk County,25025,02125,42.307431008772866,-71.16971225759258,310110.71,708139.07,68905
5e2fb87f-e3ef-0743-aa3b-32755debb0a6,2021-02-26,,999-65-1162,,,,Sharla853,Cathie710,Cronin387,,,,white,nonhispanic,F,Stockbridge  Massachusetts  US,1015 Marks Dale,Reading,Massachusetts,Middlesex County,25017,01801,42.550233472978775,-71.12671046598412,39810.40,28837.88,450304
2d1572e1-3b0f-fab2-168d-8af7244b2a98,1926-10-26,,999-18-6922,S99992096,X44566451X,Mrs.,Deane47,Alejandra902,Tremblay80,,Gusikowski974,M,hawaiian,nonhispanic,F,Haverhill  Massachusetts  US,182 Welch Passage,Erving,Massachusetts,Franklin County,,00000,42.593946428491456,-72.4732578764305,1064438.49,359602.71,70812
d6d9af72-a53e-65ab-d3c0-e41344d16b8e,2023-05-13,,999-11-8213,,,,Fredric73,Dewitt635,Barrows492,,,,white,nonhispanic,M,Chicopee  Massachusetts  US,698 Jaskolski Flat,Winchester,Massachusetts,Middlesex County,25017,01890,42.49550430327475,-71.1458146232588,4102.52,2563.70,92972
ece6923b-ac91-caf4-af8c-85f81b28618c,2000-12-17,,999-90-5624,S99922146,X21636650X,Ms.,Elana101,Tristan353,Ortiz186,,,,white,nonhispanic,F,Newton  Massachusetts  US,515 Pfeffer Passage,Winchester,Massachusetts,Middlesex County,25017,01890,42.4028242083705,-71.15233557482803,69788.76,240147.46,450930
b99784b7-7508-f12f-535c-571a83df49e0,1980-11-27,1985-02-17,999-83-9190,,,,Elizebeth108,Sondra191,Gerhold939,,,,white,hispanic,F,Duxbury  Massachusetts  US,625 O'Conner Viaduct,Somerville,Massachusetts,Middlesex County,25017,02143,42.36148850361931,-71.108759972459,21515.76,29281.63,60469
687627fa-790e-7383-a45b-18341a8ba222,1980-11-27,,999-48-9903,S99995436,X60543156X,Mrs.,Dominga527,Detra426,Thompson596,,Bogan287,D,white,hispanic,F,Newburyport  Massachusetts  US,1092 Balistreri Stravenue,Somerville,Massachusetts,Middlesex County,25017,02138,42.432923888933956,-71.04141952528263,264559.98,181816.24,60469
35ec81da-931d-6270-7138-62295848eecc,1965-12-23,,999-72-4710,S99938803,X89771085X,Mr.,Amos720,,Cremin516,,,M,white,nonhispanic,M,Framingham  Massachusetts  US,424 Kozey Park,Quincy,Massachusetts,Norfolk County,25021,02186,42.30805129747965,-71.04429524472279,21082.60,509975.15,9289
6fcaeeba-490e-bd37-5fff-f472653b321f,1984-10-04,,999-99-2224,S99921631,X73056181X,Mrs.,Johnette525,Crystal2,Cummings51,,Gleason633,M,white,nonhispanic,F,Sutton  Massachusetts  US,691 Mertz Estate Suite 71,Worcester,Massachusetts,Worcester County,25027,01607,42.38883663037139,-71.79245386876005,219775.74,450361.41,60970
5d354264-a05d-8964-4e62-cf34d1ff3608,1956-03-29,,999-91-3269,S99982411,X1469320X,Mrs.,María Luisa888,Ana Luisa894,Lemus978,,Cepeda588,M,asian,hispanic,F,Tegucigalpa  Francisco Morazán  HN,805 Orn Rue Unit 75,Malden,Massachusetts,Middlesex County,25017,02155,42.39641140866565,-71.01020217715816,20551.11,1057380.59,18576
b4d6c4ca-4847-33e3-5aa4-233bb7ccc55a,2013-12-29,,999-37-1762,,,,Jenee387,Marinda592,Heidenreich818,,,,white,nonhispanic,F,Tyngsborough  Massachusetts  US,1007 Schultz Haven,Marshfield,Massachusetts,Plymouth County,25023,02050,42.105013944203925,-70.72368060256223,42853.97,11256.29,97187
170f6c4b-bdcd-8948-dbe2-a099978815af,1992-08-30,,999-89-2517,S99961092,X45590150X,Mrs.,Patrick786,Ardelle563,Fritsch593,,Aufderhar910,M,white,nonhispanic,F,Marlborough  Massachusetts  US,408 Crona Mews,Dighton,Massachusetts,Bristol County,,00000,41.8005837035644,-71.19508406484692,9710.00,633568.69,12306
089d361e-9aa0-9d76-8c74-41f5aaa29674,1980-01-08,,999-98-2508,S99941335,X24058440X,Mrs.,Aurelia213,,Bechtelar572,,Boehm581,M,white,hispanic,F,Sandwich  Massachusetts  US,686 Lindgren Wynd Suite 35,Northborough,Massachusetts,Worcester County,25027,01532,42.3324578024429,-71.68378490461114,162648.04,752896.06,190069
292eac8a-8e70-bfd9-a122-2b9d61400012,1954-04-14,,999-40-1850,S99920323,X47559461X,Mr.,Johnson679,Karl184,Sauer652,,,M,white,nonhispanic,M,Arlington  Massachusetts  US,262 Johnston Skyway Suite 40,Worcester,Massachusetts,Worcester County,25027,01610,42.23627283494536,-71.79050577365246,210055.78,98199.84,84286
fd7b1be9-f61a-09f8-ace1-d25494850467,1954-07-06,,999-40-7364,S99946178,X83201873X,Mr.,Walter473,,Mills423,,,D,white,nonhispanic,M,North Adams  Massachusetts  US,253 McLaughlin Flat Apt 51,Weymouth,Massachusetts,Norfolk County,25021,02188,42.12943967019786,-70.97314561005602,214884.95,142391.91,156047
bdf1ac8b-9978-2897-599c-cb2036601c39,1999-02-25,,999-32-7453,S99915875,X60222580X,Ms.,Gertude950,Loris321,Turner526,,,,white,nonhispanic,F,Fall River  Massachusetts  US,357 Ankunding Parade,Belmont,Massachusetts,Middlesex County,25017,02138,42.38847266287564,-71.17672909785168,90635.73,282581.67,67444
72fbd989-d013-d309-7cd7-8ed9ad3f51fd,2004-04-24,,999-47-4043,S99944667,X69113207X,Ms.,Cayla360,Celesta195,Corwin846,,,,white,hispanic,F,Dartmouth  Massachusetts  US,127 Maggio Fork Suite 96,Weymouth,Massachusetts,Norfolk County,25021,02191,42.23318973843997,-70.97164689729105,5144.43,113441.91,15732
0066bac4-439b-e64d-03e9-de8d915e64c3,1957-10-01,,999-71-9776,S99935695,X24647392X,Mrs.,Leana211,Shannan727,Runolfsdottir785,,Armstrong51,M,asian,nonhispanic,F,Chongqing  Chongqing Municipality  CN,343 Frami Vale Unit 21,Cambridge,Massachusetts,Middlesex County,25017,02139,42.379829900526985,-71.12639024008621,1035701.35,175211.34,119614
a8f8aa0c-1a33-ed6f-bdeb-2cf4130e49f5,1981-12-08,2026-03-23,999-11-7600,S99963859,X68889790X,Mr.,Lyle846,Rolando809,O'Kon634,,,S,white,nonhispanic,M,Shrewsbury  Massachusetts  US,1079 Heidenreich Frontage road Unit 72,Westborough,Massachusetts,Worcester County,25027,01581,42.27129733003971,-71.59742644374163,180510.15,58747.26,74676
9ee10bf2-b908-fbd6-884e-9e1624ef2d9c,2005-07-13,,999-54-7988,S99932981,X41567217X,Mr.,Rudolf736,Benjamin360,Kuhn96,,,,black,nonhispanic,M,Longmeadow  Massachusetts  US,590 Hahn Lock Unit 78,Fitchburg,Massachusetts,Worcester County,25027,01420,42.5800841527128,-71.7771055679473,56119.23,17061.98,84782
7d514062-cffa-33b9-fc2d-e748a361835d,1969-10-25,,999-84-3152,S99956868,X21365700X,Mrs.,William805,Iola859,Hammes673,,Mohr916,M,white,nonhispanic,F,Hingham  Massachusetts  US,946 Marquardt Highlands,Fall River,Massachusetts,Bristol County,25005,02720,41.58302427300121,-71.0443712415695,26408.20,1412791.37,20606
5dcf7b1d-04bd-21ca-cd60-838c3447fa49,1981-12-08,,999-51-5695,S99979213,X29365356X,Mr.,Isaias604,Harold594,Lueilwitz711,,,M,white,nonhispanic,M,Boston  Massachusetts  US,455 Schneider Neck Suite 26,Westborough,Massachusetts,Worcester County,25027,01581,42.220269460656795,-71.6504327677972,99548.14,0.00,74676
89464558-f80f-f3ff-5899-5ff7609924d0,1971-10-17,,999-24-8348,S99934321,X77462872X,Mr.,Donn979,Tod265,Lindgren255,,,M,white,nonhispanic,M,Pittsfield  Massachusetts  US,269 Lemke Gateway Unit 95,Northampton,Massachusetts,Hampshire County,25015,01053,42.354293455448534,-72.67213842919558,78854.83,180318.21,68710
82d3997e-0f6a-e2c3-5630-2d1fce1e9e67,1977-08-17,,999-81-4902,S99983883,X63029015X,Mr.,Nicholas495,Silas208,Kuphal363,,,M,white,nonhispanic,M,Westfield  Massachusetts  US,678 Robel Mall,Boxborough,Massachusetts,Middlesex County,,00000,42.53096004589941,-71.53137474407421,120120.41,45423.93,48342
d6542f97-fc45-43ff-f994-0c44843e2ad2,2017-09-16,,999-19-2899,,,,Donte636,Claudio955,Gerhold939,,,,white,nonhispanic,M,Harwich  Massachusetts  US,328 Waters Heights,Lowell,Massachusetts,Middlesex County,25017,01850,42.674346392335636,-71.27824176309628,1791.41,18659.75,23882
ed057442-5e74-b12f-8398-6074419c7461,2022-06-16,,999-80-2636,,,,Luis Miguel102,José Luis472,Yáñez198,,,,asian,hispanic,M,Puebla  Puebla  MX,723 Rippin Extension,Boxford,Massachusetts,Essex County,25009,01921,42.669630376909964,-71.03159091176146,7983.83,8989.69,696705
088a9b42-fe97-b441-0987-8311cb948de1,2019-02-07,,999-81-4977,,,,Maryanna659,Julienne688,Block661,,,,black,nonhispanic,F,Lincoln  Massachusetts  US,352 Reilly Highlands,Natick,Massachusetts,Middlesex County,,00000,42.30298952277474,-71.31650037547924,27484.40,18666.38,148566
d30df93b-a3d8-bc0b-0262-a88f32e220aa,1984-11-20,,999-74-7412,S99929277,X5128636X,Mrs.,Ocie984,,Shanahan202,,Bahringer146,M,white,nonhispanic,F,Dighton  Massachusetts  US,581 Heaney Underpass,Lowell,Massachusetts,Middlesex County,25017,01850,42.645377500894156,-71.33666582214359,12030.19,550461.05,8321
1c4e5e5c-2aac-186c-321f-6ab281dfe0ec,2016-05-08,,999-88-7240,,,,Jonah176,Heath320,Rohan584,,,,white,nonhispanic,M,Quincy  Massachusetts  US,1030 Schroeder Gateway,Randolph,Massachusetts,Norfolk County,25021,02368,42.16711637754312,-71.09297326598094,34932.18,6405.10,35229
e6f3d51c-f2cc-9684-e87d-b983614302cd,1994-08-01,,999-46-1211,S99991284,X62122052X,Mrs.,Domitila545,Laurene370,O'Kon634,,Koelpin146,M,white,nonhispanic,F,Lowell  Massachusetts  US,416 Rodriguez Overpass,Middleborough,Massachusetts,Plymouth County,,00000,41.870057186337036,-70.84084224213777,113414.77,1104855.93,25386
659e513a-7482-e7c7-8d0f-d8f2127e177b,1977-05-04,,999-76-5152,S99957670,X35008166X,Ms.,Nickie321,Telma919,Connelly992,,,S,asian,nonhispanic,F,Macau  Macao Special Administrative Region of the People's Republic of China  CN,919 Boehm Junction,Winchester,Massachusetts,Middlesex County,25017,01890,42.44061358715492,-71.11355995977593,138531.65,490824.16,926848
58134d57-cac1-b89b-5381-9a448c84d989,1969-05-14,,999-31-6441,S99913962,X63535593X,Mrs.,Chere867,Sandy901,Yundt842,,Hudson301,M,asian,nonhispanic,F,Boston  Massachusetts  US,257 Heathcote Underpass,Dracut,Massachusetts,Middlesex County,,00000,42.64029883669264,-71.28527620410266,28004.56,1032741.05,15756
a95f8e7a-adb4-aef1-96c2-1d8aaf2e5ae7,1966-10-21,,999-45-3074,S99946445,X36022049X,Mrs.,Antoinette709,,Bashirian201,,Hegmann834,M,white,hispanic,F,Bridgewater  Massachusetts  US,364 Johnston Ferry Apt 24,Watertown,Massachusetts,Middlesex County,25017,02472,42.41408526149052,-71.22471302575738,237462.49,752806.20,411882
5c6cac23-b380-1368-a329-ce38928db3e9,2010-01-02,,999-70-9799,S99972725,,,Adela471,Ester635,Tamayo777,,,,white,hispanic,F,San Jose  San Jose  CR,471 Rowe Frontage road Unit 2,Boston,Massachusetts,Suffolk County,25025,02122,42.3871004679155,-71.1353126956769,26536.17,22985.39,149732
97b1983a-a074-54b5-0a72-2b37bbf935ac,1954-01-06,,999-10-9334,S99931752,X10984606X,Mrs.,Clelia416,Raelene218,Altenwerth646,,Gulgowski816,D,white,nonhispanic,F,Boston  Massachusetts  US,842 Beer Parade Unit 82,Watertown,Massachusetts,Middlesex County,25017,02472,42.37659153651532,-71.21875599241653,15441.81,514647.43,22311
bab98b22-db1f-5962-02dc-f06daf5ecc0e,1966-07-01,,999-25-4900,S99946073,X56328223X,Mr.,Burton124,Marlin805,Schultz619,,,M,white,nonhispanic,M,Billerica  Massachusetts  US,774 Swaniawski Divide,Worcester,Massachusetts,Worcester County,25027,01607,42.298464124605985,-71.8705416468058,504014.58,328214.28,80587
1f49aa20-b81b-05a5-7755-af2cdf8f3c27,2006-08-10,,999-25-3105,S99966623,,Ms.,Florencia449,Eloisa55,Villagómez416,,,,asian,hispanic,F,Buenos Aires  Ciudad de Buenos Aires  AR,114 Hauck Promenade Apt 91,Burlington,Massachusetts,Middlesex County,25017,01730,42.46117222326897,-71.31359171737913,61695.50,11740.25,78781
e80642da-9635-6f76-3a12-ed9ec1c520d3,1970-12-30,,999-60-9010,S99983646,X27067951X,Mrs.,Martine382,Alexis664,Robel940,,Tromp100,M,white,nonhispanic,F,Boston  Massachusetts  US,705 Swaniawski Terrace,Beverly,Massachusetts,Essex County,25009,01915,42.591669795233685,-70.85795872379126,279548.67,724.60,113911
276596a9-349d-a79b-e703-68617180acf8,1953-04-06,,999-22-1213,S99942476,X80209955X,Mrs.,Elia719,Evelyne208,Murphy561,,Fadel536,W,white,nonhispanic,F,Chelsea  Massachusetts  US,908 Hauck Street Unit 6,Hull,Massachusetts,Plymouth County,25023,02045,42.379716057292804,-70.90463086680833,773180.16,217511.47,98989
cca7cb16-0914-5946-062f-e24d2c85353a,2011-07-31,,999-60-2848,,,,Ignacio928,Cristian531,Palomino953,,,,white,hispanic,M,Kingston  Kingston  JM,799 Buckridge Boulevard,Cambridge,Massachusetts,Middlesex County,25017,02140,42.415681994645254,-71.1148213025648,14243.95,53329.06,104259
86a38bfb-901d-e581-0544-f9a0ae04f4d4,1966-01-07,,999-35-6128,S99939338,X37199615X,Ms.,Concetta811,Lois157,Goyette777,PhD,,S,white,nonhispanic,F,Boston  Massachusetts  US,775 Nicolas Mews Suite 31,Boston,Massachusetts,Suffolk County,25025,02129,42.33939889667045,-70.98088432738562,322283.83,951085.43,126707
a6e1d46d-727f-ea8d-86bb-feba2c8bdd7e,1951-07-04,,999-63-6233,S99950001,X18595576X,Mr.,Rolland302,,Corwin846,,,S,white,nonhispanic,M,Acton  Massachusetts  US,260 Mohr Quay,Yarmouth,Massachusetts,Barnstable County,,00000,41.708005427597776,-70.22875887460224,217622.00,312272.94,758216
c9ef200c-5589-0cf1-4731-155cb4937923,1989-02-19,,999-66-9444,S99922957,X56350062X,Ms.,Chelsie189,Yee761,Carroll471,,,S,white,nonhispanic,F,Wareham Center  Massachusetts  US,247 Greenfelder Flat Unit 31,Brookline,Massachusetts,Norfolk County,25021,02446,42.37407161312627,-71.13694161814976,185579.63,1193916.83,363727
f0316ee0-5ee7-3411-096b-6acb7ef7d24a,1993-01-24,,999-70-4345,S99985734,X28873815X,Mr.,Eugene421,,Hermann103,,,M,white,nonhispanic,M,Rockland  Massachusetts  US,233 Schaden Haven Suite 62,Brockton,Massachusetts,Plymouth County,25023,02302,42.1234456550114,-71.01268768332594,93149.02,634370.69,37309
bc72c18c-d22e-c194-f18b-664c2a5bf1fe,2016-05-15,,999-16-7052,,,,Jeanene972,Carlie972,Hauck852,,,,white,nonhispanic,F,Ipswich  Massachusetts  US,665 Hermann Route,Norwood,Massachusetts,Norfolk County,25021,02090,42.17552158467282,-71.2393412856629,1995.86,37726.18,22671
46ef564c-027f-b2d7-04c2-8114a245af9d,1972-07-11,,999-54-6836,S99997407,X57789953X,Mr.,Eldridge510,,Klein929,,,D,white,nonhispanic,M,Barnstable  Massachusetts  US,610 O'Kon Junction,Springfield,Massachusetts,Hampden County,25013,01103,42.15976886611122,-72.49978068661254,8254.41,165938.64,6337
05828e69-163a-b89c-4ee1-c5c5b255a4c6,1970-08-01,,999-40-9047,S99984374,X83481727X,Mrs.,Pei116,Kristen940,Lockman863,,Stroman228,M,white,nonhispanic,F,Westborough  Massachusetts  US,535 Hegmann Street,Newburyport,Massachusetts,Essex County,25009,01951,42.81583554358286,-70.86676878997768,456847.17,293431.11,53428
65e39b00-3aa5-6891-6d2b-6f150f5a6743,1988-08-22,,999-26-7113,S99920840,X56023119X,Ms.,Lillie543,Hae300,Bruen238,,,S,black,nonhispanic,F,Raynham Center  Massachusetts  US,427 Douglas Rapid Apt 52,Wareham,Massachusetts,Plymouth County,,00000,41.76616130620402,-70.67993890139785,522961.96,128266.17,68491
b6b47e47-201e-d805-59ec-4a6560cb8fb5,2025-09-19,,999-14-2709,,,,Cleo27,,Prosacco716,,,,white,nonhispanic,M,Billerica  Massachusetts  US,274 Satterfield Glen,Foxborough,Massachusetts,Norfolk County,25021,02035,42.015627989417,-71.1981769860416,2054.90,2387.58,698018
1b1d5376-661d-3182-aa58-e7091d01f3e7,1998-01-15,,999-61-3808,S99921964,X89352156X,Mrs.,Tobie99,Julene165,Krajcik437,,Marvin195,M,white,nonhispanic,F,Watertown  Massachusetts  US,258 Fisher Crossing,Boston,Massachusetts,Suffolk County,25017,02467,42.32490251073167,-71.06354376673927,80341.93,133142.23,38912
1c0b170a-d2d5-0d7e-5ed8-8aa5eb4b8420,1965-02-25,,999-24-5619,S99936321,X57651056X,Mr.,Lenard338,Alden634,Cassin499,,,S,white,nonhispanic,M,Newton  Massachusetts  US,1021 Hane Drive Suite 63,Milford,Massachusetts,Worcester County,25027,01757,42.1412155233418,-71.51372958138195,39121.30,352416.23,74963
deaf93db-ff58-1d9e-7b66-1c8ed77f4f64,1974-02-27,,999-13-5712,S99928302,X4644049X,Ms.,Naoma512,Christiane220,Runte676,,,S,white,nonhispanic,F,Danvers  Massachusetts  US,467 Walsh Forge Apt 35,Falmouth,Massachusetts,Barnstable County,25001,02540,41.612157341956014,-70.63098405344361,163259.62,78949.22,34664
9c29e813-5ece-8919-52c6-89f557d3cc68,1963-12-27,2020-07-05,999-36-8367,S99992474,X52278520X,Mrs.,Tasia358,Alfredia958,Kihn564,,Witting912,M,white,nonhispanic,F,Quincy  Massachusetts  US,312 Larkin Highlands Unit 90,Clinton,Massachusetts,Worcester County,25027,01510,42.37999923058204,-71.70093118658336,559694.03,191389.25,71869
eaaa6b33-6a34-3a72-82fd-8a7af6b34906,1993-09-12,,999-13-7870,S99925489,X37943420X,Mr.,Quinton758,,Dickens475,,,M,white,nonhispanic,M,Springfield  Massachusetts  US,989 Leannon Wall Apt 35,Springfield,Massachusetts,Hampden County,25013,01128,42.092799861077864,-72.47937305140573,5971.10,82940.86,3871
ab5e7867-9142-9ec7-ad17-1b637a862182,1949-07-30,,999-71-1069,S99930437,X19157635X,Mrs.,Soila394,,Schuppe920,,Reilly981,M,white,nonhispanic,F,Boston  Massachusetts  US,242 Mitchell Avenue Unit 74,Malden,Massachusetts,Middlesex County,25017,02155,42.38706815078572,-71.0389333914115,1034654.49,943138.33,43944
80b7fdc8-9cdf-bfef-0e30-eaa922eaf2e0,1993-08-14,,999-73-7335,S99941746,X20314498X,Mrs.,Bernardine460,Noelle559,Wilkinson796,,Russel238,M,black,nonhispanic,F,Westford  Massachusetts  US,687 Lebsack Meadow,Lynn,Massachusetts,Essex County,25009,01901,42.45607408244213,-70.96575420509693,376655.36,157615.17,93187
07386e5d-1143-32f1-359a-1ce3cc96c969,2005-09-03,,999-53-7137,S99950244,X37480088X,Mr.,Alejandro916,,Hermiston71,,,,white,nonhispanic,M,Boylston  Massachusetts  US,1097 Grady Station Unit 64,Springfield,Massachusetts,Hampden County,25013,01107,42.118435901081575,-72.56096662111442,58700.09,12153.75,403268
45beaf7f-0394-5010-2d02-700282c5459b,1963-12-27,,999-13-6887,S99937131,X14437124X,Mrs.,Zenia843,Eleonor544,Botsford977,,Bergstrom287,M,white,nonhispanic,F,Southampton  Massachusetts  US,577 Torphy Mall,Clinton,Massachusetts,Worcester County,25027,01510,42.42961175140382,-71.71975350574016,622750.99,416441.62,71869
a855453a-1eb0-ba6b-a877-7118d44bd7a5,1960-12-29,,999-68-8813,S99933232,X40977042X,Mr.,Darrell400,Morgan564,Gulgowski816,,,S,white,nonhispanic,M,Northampton  Massachusetts  US,885 McLaughlin Estate Suite 35,Boston,Massachusetts,Suffolk County,25025,02131,42.38499260183818,-71.12345130982145,202993.37,138939.37,944105
568026e3-0bd7-5ff8-6f11-69682db411b2,1965-07-12,,999-81-3040,S99911932,X5599618X,Mrs.,Kate239,,Monahan736,,Vandervort697,M,white,nonhispanic,F,Williamstown  Massachusetts  US,605 Lemke Center,Boston,Massachusetts,Suffolk County,25025,02115,42.2853995896278,-71.11324606272571,236809.13,1552157.55,199585
f25962ec-f589-0066-0f93-129c41045db4,1983-11-07,,999-58-3344,S99983656,X42386000X,Mrs.,Rosalia943,Alejandra902,Gallardo890,,Amador986,D,white,hispanic,F,San Juan  Puerto Rico  PR,672 Lakin Lodge Apt 69,Dracut,Massachusetts,Middlesex County,,00000,42.65433664704514,-71.31840650260602,335354.16,409208.99,88013
5ab87774-23f4-7095-6e51-ed2044cc3c81,2005-09-28,,999-22-6459,S99910141,X2322969X,Ms.,Rosana394,Inez706,Bechtelar572,,,,white,nonhispanic,F,Sharon  Massachusetts  US,1065 Wilderman Track Unit 26,Springfield,Massachusetts,Hampden County,25013,01103,42.09109728170088,-72.55667210273096,54315.34,43370.14,41179
c0a7b87b-7682-8929-ebbb-408b7fd6b84d,2021-05-03,,999-98-2990,,,,Cristina921,,Carvajal694,,,,black,hispanic,F,Puebla  Puebla  MX,887 Spencer Ferry Unit 61,Beverly,Massachusetts,Essex County,25009,01915,42.589668451500124,-70.86969068256072,7795.97,4374.17,154151
a8f8a905-3aaa-0659-92fc-43420bb13cfd,2014-04-29,,999-73-5393,,,,Abe604,Porter490,Towne435,,,,white,nonhispanic,M,Newburyport  Massachusetts  US,432 Gerhold Light,North Westport,Massachusetts,Bristol County,,00000,41.62728484084388,-71.08132615142533,39165.71,8155.13,128846
e3bca41e-1f99-330e-5e7b-a8439717a479,1967-01-08,,999-95-4412,S99956735,X76962617X,Mrs.,Angle307,Sharie942,Rowe323,,Boehm581,M,white,nonhispanic,F,Sturbridge  Massachusetts  US,384 Howell Run,Natick,Massachusetts,Middlesex County,,00000,42.28643519870094,-71.32051715270995,242458.01,440538.97,135922
b7a3d872-50ad-711a-d29f-ca66ca463989,1975-06-27,,999-27-6818,S99962466,X35869887X,Mrs.,Leah288,,Boyer713,,Maggio310,M,white,nonhispanic,F,Middleborough Center  Massachusetts  US,909 Powlowski Rue,Beverly,Massachusetts,Essex County,25009,01915,42.59594175523795,-70.88245234417438,193119.49,870935.22,190079
89a3235f-e759-f4c9-7bb0-2c5b8397a890,1963-04-24,,999-76-8030,S99944774,X6450640X,Mr.,Ward668,Alfonzo975,Pollich983,,,S,black,nonhispanic,M,Groveland  Massachusetts  US,278 Gaylord Fork Apt 24,Haverhill,Massachusetts,Essex County,25009,01832,42.76413767189796,-71.05205166217623,380457.41,553546.43,114139
db4a616b-0259-a7a1-faab-6ca380b612aa,2010-06-30,,999-59-7549,,,,Kamala553,Milagro117,Corkery305,,,,white,nonhispanic,F,Lynn  Massachusetts  US,215 Schowalter Plaza Suite 94,Plympton,Massachusetts,Plymouth County,,00000,41.91338350328135,-70.84297691844682,49160.60,4656.65,135738
4c56b6df-15d9-f70d-fed4-36009fb45a29,1997-03-28,,999-56-9043,S99990282,X1351519X,Mrs.,Rosamond509,Yuriko393,Schimmel440,,Mitchell808,M,white,nonhispanic,F,Sharon  Massachusetts  US,399 Boyer Forge,Plainville,Massachusetts,Norfolk County,,00000,41.988096753453796,-71.33247082788282,189400.75,5244.50,56554
476db2a8-a4ff-079b-1d8d-e11fc0e34d18,2016-11-20,,999-98-2480,,,,Dagny669,Mildred587,Cronin387,,,,white,nonhispanic,F,Yarmouth  Massachusetts  US,399 Schiller Lane,Ware,Massachusetts,Hampshire County,25015,01082,42.341906071586564,-72.32678793762513,23300.00,0.00,90979
b194bab9-344f-609a-c09b-da28886cdee0,2018-06-11,,999-69-5587,,,,Rudolf736,Chadwick722,Gislason620,,,,white,nonhispanic,M,Brockton  Massachusetts  US,893 Eichmann Arcade,Boston,Massachusetts,Suffolk County,25025,02163,42.38139241964918,-71.16480794240474,71455.48,0.00,99546
6900ed16-c36b-554a-9db6-4c97dd1a2af3,1975-06-25,,999-28-7484,S99978629,X32690225X,Ms.,Chieko845,Denae137,Luettgen772,,,S,white,nonhispanic,F,Lancaster  Massachusetts  US,866 Stanton Village Unit 52,Shrewsbury,Massachusetts,Worcester County,,00000,42.25974175471172,-71.71146793585397,693256.79,570779.80,48039
570f171a-3c10-39d3-d004-ca850861f3a4,2014-04-14,,999-11-7238,,,,Gloria696,Berta524,Garay400,,,,white,hispanic,F,Santiago de los Caballeros  Santiago  DO,987 Pouros Trail,Saugus,Massachusetts,Essex County,25009,01906,42.486700474337354,-70.96866911025748,18663.65,22982.76,137791
41793ed1-3f9f-3e99-c1f8-25958439a6b5,1960-12-01,,999-78-5350,S99939675,X70465258X,Ms.,Norma469,Callie226,Rice937,,,S,white,nonhispanic,F,Franklin  Massachusetts  US,770 Ratke Station Unit 15,Fitchburg,Massachusetts,Worcester County,25027,01420,42.586997069447605,-71.77619976670029,305206.09,982743.98,28418
a9f1faef-c89c-e217-a4ea-f94a1bac83a6,1989-12-17,,999-51-4917,S99986751,X27595071X,Mrs.,Stephane228,Ashley34,Toy286,,Fahey393,M,asian,nonhispanic,F,Needham  Massachusetts  US,966 Nolan Orchard Apt 20,Carlisle,Massachusetts,Middlesex County,,00000,42.513870190734096,-71.32246770942734,273088.32,1070467.12,134555
3e97300c-359d-c4d6-4d11-f5c6c34e07aa,1968-09-29,2024-06-27,999-80-1157,S99930927,X50516822X,Mr.,Abel832,Nicky270,Wiegand701,,,M,white,nonhispanic,M,Framingham  Massachusetts  US,677 Zemlak Manor,Dennis,Massachusetts,Barnstable County,25001,02638,41.74452723121522,-70.21010690693784,155703.59,3383279.25,87930
e220bb7e-684d-85e7-e72f-1cb49f0c95d6,1950-06-05,2017-08-02,999-86-4834,S99986063,X28574336X,Mrs.,Nada112,Cythia210,Hoeger474,,D'Amore443,W,asian,nonhispanic,F,Cantho  Cần Thơ  VN,366 Kreiger Club,Easthampton,Massachusetts,Hampshire County,25015,01027,42.25343274780911,-72.7240219831296,140364.40,329626.81,23437
e267db25-9fdb-3eb6-767d-e89dff14bdad,1974-09-17,,999-38-7480,S99974653,X60312897X,Mrs.,Sunni15,Narcisa997,Feil794,,Abernathy524,M,white,nonhispanic,F,Dracut  Massachusetts  US,1021 Quitzon Lodge Suite 60,Orleans,Massachusetts,Barnstable County,25001,02653,41.797048068159334,-70.01438359741194,891004.01,560286.30,61801
19d27a5c-bb87-81e7-96c9-44e022900dc1,1927-10-04,1999-05-28,999-59-4175,S99953760,X79524410X,Mr.,Wilmer32,Connie24,O'Hara248,,,D,other,nonhispanic,M,Holliston  Massachusetts  US,131 Weimann Meadow,Mendon,Massachusetts,Worcester County,,00000,42.060391845157945,-71.57024754629208,186069.04,4398108.00,870062
015a0ffe-20ac-248c-afa4-2fe52587abd6,2026-02-13,,999-88-7090,,,,Major265,Chet188,Friesen796,,,,white,nonhispanic,M,Woburn  Massachusetts  US,1050 Hoeger Street,Beverly,Massachusetts,Essex County,25009,01915,42.55311808032753,-70.87125223884918,1496.94,155.74,88833
6243058f-c207-2816-f90c-f657da72bdb1,2000-05-28,,999-42-6218,S99993400,X7559884X,Mr.,Johnnie679,,Fadel536,,,,white,nonhispanic,M,Methuen  Massachusetts  US,191 Upton Highlands Apt 67,Peabody,Massachusetts,Essex County,25009,01960,42.57101997410587,-71.01321868767637,70037.61,10993.20,476889
e6712f2c-1822-9233-52c0-bb0e8b3c5a83,1950-06-05,2016-09-22,999-17-3021,S99986875,X51397315X,Mrs.,Blondell454,Hye44,Rippin620,,Steuber698,M,asian,nonhispanic,F,Haiphong  Kiến An  VN,239 Luettgen Bypass Suite 64,Easthampton,Massachusetts,Hampshire County,25015,01027,42.248114377633065,-72.67102932253967,174892.31,475098.50,23437
6f835a2c-71e0-ba99-c0df-3f516cbdcc26,1968-09-29,,999-75-9235,S99942150,X1052345X,Mr.,Elias404,Ferdinand55,Mills423,,,D,white,nonhispanic,M,Hanson  Massachusetts  US,325 Bogisich Course,Dennis,Massachusetts,Barnstable County,25001,02638,41.750787309071306,-70.20992455683952,96560.39,48603.48,87930
c1ad7053-f946-850e-82d4-4d8a83def7e8,1995-11-09,,999-27-8900,S99995254,X61770834X,Mrs.,Lean294,Micki733,Stoltenberg489,,Zulauf375,M,white,nonhispanic,F,Chelsea  Massachusetts  US,570 Abernathy Plaza,Chelmsford,Massachusetts,Middlesex County,,00000,42.62749086507037,-71.40229929839471,92244.92,433750.53,994531
031d7231-4b28-c6af-65fb-99d6fcd9297a,1980-03-13,,999-62-9239,S99989192,X2950409X,Mrs.,Jon665,,Cremin516,,Kiehn525,D,white,nonhispanic,F,Gloucester  Massachusetts  US,899 Schuster Hollow,Taunton,Massachusetts,Bristol County,25005,02780,41.82784610457125,-70.96443888235106,289921.91,514190.75,49976
faf0eedb-0443-6adb-d6a1-54e0613c9fa0,1983-07-27,,999-11-6071,S99948335,X54686644X,Mr.,Rodney21,Reinaldo138,Halvorson124,,,D,asian,nonhispanic,M,Newton  Massachusetts  US,252 Watsica Burg Suite 10,Natick,Massachusetts,Middlesex County,,00000,42.328996618343005,-71.38283799538978,18629.37,179081.66,11121
81c11fc1-4221-793d-068c-5fefd56cf82f,1950-06-05,,999-22-7017,S99928527,X85069407X,Ms.,Tai836,Marguerita493,Smitham825,,,S,asian,nonhispanic,F,Cantho  Cần Thơ  VN,190 Ondricka Divide,Easthampton,Massachusetts,Hampshire County,25015,01027,42.27455568065185,-72.7400836717087,273170.74,1585724.52,23437
955588e4-3f7a-e631-f8de-c626ec49cc03,1927-10-04,,999-71-8986,S99996563,X38494727X,Mr.,Kris249,Kelvin159,Tillman293,,,S,other,nonhispanic,M,Longmeadow  Massachusetts  US,375 Larkin Quay Suite 14,Mendon,Massachusetts,Worcester County,,00000,42.08018302886777,-71.57863093218612,69988.24,481036.68,870062
e8c84b61-9d95-328d-3353-580abb8b022a,2010-12-22,,999-75-3803,,,,Jewel43,Hilario934,Jakubowski832,,,,white,nonhispanic,M,Lowell  Massachusetts  US,265 Champlin Light Unit 55,Raynham,Massachusetts,Bristol County,,00000,41.953909256551064,-71.01242267937029,112412.21,0.00,45326
c1e9c410-62f3-b222-2905-28561e41b9aa,1943-06-03,2025-02-01,999-24-5081,S99973128,X68335957X,Mr.,Dominic463,,Lockman863,,,M,white,nonhispanic,M,Essex  Massachusetts  US,212 Vandervort Avenue Apt 81,Southbridge,Massachusetts,Worcester County,25027,01550,42.053494997060604,-72.0595416311924,23875.10,579843.93,5275
caad4320-2caf-d1cc-b569-4501d5e4e92b,1965-06-14,,999-62-8506,S99940153,X59155231X,Mrs.,Lucrecia714,,Weissnat378,,Runte676,D,white,nonhispanic,F,Peabody  Massachusetts  US,534 Hermiston Ranch Unit 81,Milton,Massachusetts,Norfolk County,25021,02186,42.23913597873401,-71.11286334166913,377160.72,699848.93,185824
63c2d185-dc5e-fd98-6b72-66cd73e07a49,1962-07-16,,999-26-5629,S99957216,X51984279X,Mr.,Alex454,Daren950,Jaskolski867,,,M,white,nonhispanic,M,Lawrence  Massachusetts  US,1033 Wehner Spur Suite 45,Malden,Massachusetts,Middlesex County,25017,02155,42.46194662208878,-71.14290620359915,161444.48,51260.63,95782
fc2785e7-3a14-c320-04ae-d2886da3fc88,1971-08-29,,999-67-2896,S99944076,X63815217X,Ms.,Yajaira121,Candyce305,Rippin620,,,S,white,nonhispanic,F,Springfield  Massachusetts  US,679 Beier Crossing Apt 79,Lowell,Massachusetts,Middlesex County,25017,01854,42.656186736027195,-71.38376614814041,13744.76,943235.39,10863
0b423c46-5e19-d08d-551c-9fce60a77668,1982-07-26,,999-49-4016,S99969313,X20218088X,Mr.,Johnathan55,Eldon28,Wyman904,,,M,white,nonhispanic,M,Scituate  Massachusetts  US,733 Littel Row Suite 97,Boston,Massachusetts,Suffolk County,25025,02113,42.40682271238565,-71.06160742284563,8984.06,505411.14,22681
094e80b6-86e0-597c-4a65-582c529f4349,2002-09-09,,999-73-9032,S99991486,X83962467X,Ms.,Kisha966,Tiny880,Hagenes547,,,,white,hispanic,F,Dracut  Massachusetts  US,478 Kozey Parade Unit 16,Worcester,Massachusetts,Worcester County,25027,01607,42.2998711817613,-71.85295983701367,11093.97,1123308.53,34073
16c1c193-54a1-a9f0-7a59-300935fe95b6,1942-07-01,2002-07-30,999-95-8785,S99942863,X25184792X,Mrs.,Yi864,Sharla853,Rogahn59,,Gusikowski974,M,asian,nonhispanic,F,Haiphong  Kiến An  VN,1074 Purdy Vista,Newton,Massachusetts,Middlesex County,25017,02462,42.37807122689446,-71.27613613489771,159974.21,195962.71,955103
34ad24cf-18e1-ccf4-6676-333abaf8ee7c,2008-11-13,,999-34-4577,S99967290,,,Santiago500,Lynwood354,Kunde533,,,,white,nonhispanic,M,Dennis  Massachusetts  US,682 Keeling Route Unit 84,Plymouth,Massachusetts,Plymouth County,25023,02360,41.87347147899487,-70.65988307147731,44927.83,3113.92,79160
6c5666bf-6a1c-2ecc-9af7-5ec96d3aea34,1943-06-03,,999-76-6903,S99961185,X5775507X,Mr.,Williams176,,Lang846,,,M,white,nonhispanic,M,Springfield  Massachusetts  US,1043 Kreiger Burg Unit 39,Southbridge,Massachusetts,Worcester County,25027,01550,42.019613291655354,-72.07724443572523,18221.71,474651.23,5275
9662a4c3-f402-8ccb-5832-ade820431c7c,2010-11-17,,999-79-3443,,,,Marco Antonio298,Gabriel934,Rosario163,,,,white,hispanic,M,San Juan  Puerto Rico  PR,815 Kuhic Ramp Suite 92,Arlington,Massachusetts,Middlesex County,25017,02476,42.46400330579797,-71.18067450274113,36536.30,1128.02,121794
54ffc570-ad81-b90a-bf4e-03146ca2e5dd,1984-05-29,,999-52-5632,S99918571,X76237192X,Mrs.,Coral377,Janessa317,Pollich983,,Krajcik437,M,white,nonhispanic,F,Stoughton  Massachusetts  US,662 Collins Vale Suite 11,Framingham,Massachusetts,Middlesex County,25017,01702,42.25151267985502,-71.39638058065728,215541.89,729431.58,71541
eeb283d1-1299-a4ef-583f-44c09014eece,1942-07-01,1976-01-23,999-63-4527,S99980625,X7296826X,Mrs.,Felecia131,,Hermiston71,,Gibson10,M,asian,nonhispanic,F,Cantho  Cần Thơ  VN,210 Kunde Camp,Newton,Massachusetts,Middlesex County,25017,02461,42.38861312611819,-71.2387969863631,97838.46,366943.55,955103
165631c7-35e9-a859-82c0-d991080750d1,2010-08-29,,999-47-4349,,,,Michel472,Jamey282,Willms744,,,,white,nonhispanic,M,Boston  Massachusetts  US,755 Gleason Rue,Williamstown,Massachusetts,Berkshire County,25003,01267,42.658754176353554,-73.24558001739837,25361.01,20588.12,95724
aae73a95-ac26-a9e7-9cf6-dcd2b779796c,2015-03-16,,999-83-1494,,,,Florentino8,Randolph418,Stark857,,,,white,nonhispanic,M,Winchendon  Massachusetts  US,756 Harris Fort,Woburn,Massachusetts,Middlesex County,25017,01890,42.438402207605144,-71.11957819944475,25210.45,599.07,89700
a115206f-090f-db6f-4cfd-ac0526f14663,1989-08-12,,999-15-1278,S99961091,X72181288X,Mr.,Logan497,Ross213,Streich926,,,M,white,nonhispanic,M,Milford  Massachusetts  US,1086 Pouros Park Unit 50,Lee,Massachusetts,Berkshire County,25003,01238,42.25031183787411,-73.24346978803877,115542.73,36181.22,31237
e6ed38e9-5c5e-5db3-3853-9127bdbf6f4d,1983-10-05,,999-48-7728,S99995071,X72699132X,Mrs.,Carolann504,Reginia455,Corwin846,,Boyer713,M,white,nonhispanic,F,Hamilton  Massachusetts  US,947 Stracke Run Suite 68,Springfield,Massachusetts,Hampden County,25013,01104,42.175344789559034,-72.5702141705746,291733.86,1210123.17,34055
065bdedb-75bb-a65f-b081-3680fa3e34ae,2015-01-08,,999-75-6107,,,,Sherrie396,Crysta430,Quitzon246,,,,white,nonhispanic,F,Sherborn  Massachusetts  US,451 Sanford Throughway,Brockton,Massachusetts,Plymouth County,25023,02351,42.04754146516831,-71.00205793324653,9282.22,6868.16,32404
f76500c2-5429-5c46-a4f6-327e5cefe266,2012-06-14,,999-15-7688,,,,Ashley34,,Fadel536,,,,asian,nonhispanic,M,Seoul  Seoul  KR,686 Reilly Path,Weymouth,Massachusetts,Norfolk County,25021,02188,42.258386835727364,-70.92079386810362,38836.85,148758.81,869098
30a2cece-6cfe-c55d-3317-56aef7658e72,1997-08-21,,999-31-9157,S99981902,X23425118X,Ms.,Izola651,Billie243,Prohaska837,,,S,white,hispanic,F,Leominster  Massachusetts  US,1053 DuBuque Pathway,Peabody,Massachusetts,Essex County,25009,01940,42.48966111129282,-70.97364172368766,7988.49,491060.22,17916
5a9ae9d2-96af-7d8e-6806-be1e43f30f24,1942-07-01,2005-03-02,999-79-7826,S99962564,X9743401X,Mrs.,Shamika26,Narcisa997,Kshlerin58,,Botsford977,M,asian,nonhispanic,F,Hanoi  Hà Đông  VN,375 Romaguera Ranch,Newton,Massachusetts,Middlesex County,25017,02467,42.289486371212966,-71.19601698874357,299576.64,495785.95,955103
bf86440f-9b3d-b713-869d-ed0939e65cb9,2002-10-17,,999-61-8971,S99961950,X88251203X,Ms.,Kena893,Afton574,Gerlach374,,,,other,nonhispanic,F,Riyadh  Riyadh  SA,198 Kirlin Stravenue Suite 56,Plymouth,Massachusetts,Plymouth County,25023,02360,41.87156961670968,-70.63091840009889,95616.85,34439.96,142428
b94b13b8-cfc8-5abe-9178-ccd7aed9217e,2018-08-11,,999-56-8984,,,,Charita800,,Russel238,,,,white,nonhispanic,F,Springfield  Massachusetts  US,153 Kuphal Loaf,Methuen,Massachusetts,Essex County,25009,01844,42.69001082150109,-71.13553323374919,27353.49,12270.39,158248
69fce083-d886-79ee-e0ee-08e06cb8f28d,1969-03-20,,999-46-6287,S99952920,X24124144X,Mr.,Hassan290,Colton403,Gutkowski940,,,S,white,nonhispanic,M,Newburyport  Massachusetts  US,122 Schamberger Wall,Andover,Massachusetts,Essex County,25009,01810,42.69381394239651,-71.13921285618245,151536.08,22539.62,135719
87aba452-1ffe-4cfa-8565-fd9c9ae50218,1997-01-02,,999-99-9899,S99925642,X85169176X,Mr.,Virgilio529,Jorge203,Moore224,,,M,white,nonhispanic,M,Woburn  Massachusetts  US,664 Spencer Manor,Sandwich,Massachusetts,Barnstable County,25001,02563,41.70747328589661,-70.52844326049927,61347.22,3031.22,144210
d2d934f8-ec4c-7929-fe04-745499d272e8,2011-01-27,,999-63-1857,,,,Alise864,Hannelore734,Waelchi213,,,,white,nonhispanic,F,Chelsea  Massachusetts  US,430 Blanda Orchard Apt 6,Georgetown,Massachusetts,Essex County,,00000,42.74161164638485,-70.93936055705515,57120.82,4392.95,62877
4be4d3d8-2ebf-6f20-24be-2737bdc94a46,1989-12-30,,999-56-8558,S99983307,X29511642X,Ms.,Sherita708,Elisabeth967,Bashirian201,,,S,white,nonhispanic,F,Faro  Algarve  PT,171 Dickinson Trail Suite 61,Winthrop,Massachusetts,Suffolk County,25025,02152,42.39202844700616,-70.97473273807825,517564.81,1118300.32,71742
97c67b50-1e6e-f558-88cd-bc148e96ddfb,1967-12-05,,999-24-7734,S99988185,X47786922X,Mr.,Issac619,Lesley194,Gottlieb798,,,M,white,nonhispanic,M,Taunton  Massachusetts  US,503 Hagenes Skyway,Uxbridge,Massachusetts,Worcester County,,00000,42.02579429401414,-71.6498321193293,58649.67,161484.21,144033
f19b04cd-3ae6-275a-883d-1e7c51ae38f6,1942-07-01,,999-23-7579,S99920217,X35614657X,Mrs.,Angelika194,Patrica776,Bartell116,,Schowalter414,M,asian,nonhispanic,F,Cantho  Cần Thơ  VN,270 Quigley Wall Unit 60,Newton,Massachusetts,Middlesex County,25017,02472,42.34742815962852,-71.19420824086389,270259.71,524357.62,955103
3936c092-3522-6be6-8fc6-cae7b954ddd4,1993-12-15,,999-25-4503,S99923173,X26610361X,Mr.,Darrell400,Jasper743,Paucek755,,,M,white,nonhispanic,M,Worcester  Massachusetts  US,177 Green Mission,Newton,Massachusetts,Middlesex County,25017,02459,42.358313859802536,-71.17857869832173,54460.67,25286.41,117892
150a3d24-ff55-732b-2c44-c5543975bf01,2019-01-29,,999-53-4222,,,,Caroline183,,Stehr398,,,,white,nonhispanic,F,Lowell  Massachusetts  US,1041 Mante Forge Unit 88,Lawrence,Massachusetts,Essex County,25009,01841,42.68740542942473,-71.14023942100891,1675.00,27529.02,5421
76319342-3797-2971-7696-fd5c8cbb40fc,1995-10-24,,999-53-4486,S99968818,X77072335X,Mr.,Marcelino726,Benton624,Weissnat378,,,S,asian,nonhispanic,M,Macau  Macao Special Administrative Region of the People's Republic of China  CN,165 Ryan Bypass,Boston,Massachusetts,Suffolk County,25025,02116,42.34125162592812,-71.0502309314466,89427.44,878320.65,866285
35905c5e-84c8-897d-f7e5-f470a98d3099,1999-09-10,,999-13-4719,S99992124,X3184624X,Ms.,Natashia109,Tracy345,Mohr916,,,,black,nonhispanic,F,Barnstable  Massachusetts  US,901 Borer Lane,Webster,Massachusetts,Worcester County,25027,01570,42.001384382442026,-71.87655045118872,7443.30,359106.99,18631
ec14b79e-3a75-2a32-bdfc-0d5c1aa0be28,1990-02-21,,999-47-5810,S99935805,X79452390X,Mrs.,Ai120,Brett333,Russel238,,Hudson301,M,white,nonhispanic,F,Mashpee  Massachusetts  US,926 Yundt Approach Suite 87,Canton,Massachusetts,Norfolk County,,00000,42.132243808032975,-71.11260735047455,219925.78,772739.61,49615
b625e617-d200-3b39-6154-f326402f416d,2024-11-20,,999-79-5140,,,,Alison204,Glennis930,Hilpert278,,,,black,nonhispanic,F,Wilbraham  Massachusetts  US,256 Batz Trailer,Brockton,Massachusetts,Plymouth County,25023,02302,42.07263221570927,-70.972694146793,3458.97,2171.86,133599
f5096495-cc80-140d-b94a-cb9512b59aab,1982-08-12,,999-99-9540,S99975800,X72586209X,Mr.,Fidel864,Guillermo498,Feeney44,,,M,other,nonhispanic,M,Whitinsville  Massachusetts  US,588 Farrell Ramp Unit 22,Gloucester,Massachusetts,Essex County,25009,01930,42.65889132725202,-70.69070333063566,136961.19,14315.68,52609
6ab06e3c-4a92-df69-28c5-19d3f100dd3e,1986-03-15,,999-88-9097,S99920990,X33858972X,Ms.,Kandi717,Shila857,Paucek755,,,S,white,nonhispanic,F,Framingham  Massachusetts  US,855 Mohr Burg Suite 41,Townsend,Massachusetts,Middlesex County,25017,01469,42.651103179051525,-71.68912539439408,150482.90,473931.99,29071
ecf1ae1f-392a-ab72-0fc6-50b71e6aac48,1995-06-05,,999-41-5709,S99930861,X60126939X,Mr.,Carol737,Michale231,Murphy561,,,M,white,nonhispanic,M,Taunton  Massachusetts  US,876 Kutch Passage,North Attleborough,Massachusetts,Bristol County,,00000,41.97741273574384,-71.29298596751907,53166.41,17553.17,108395
8c0830c2-72ec-0c5a-266a-5eee52bb7864,1992-01-26,,999-40-9034,S99958940,X73529604X,Mr.,Johnson679,Jamison785,Heathcote539,,,M,white,nonhispanic,M,East Longmeadow  Massachusetts  US,289 Mayer Trailer,Westminster,Massachusetts,Worcester County,,00000,42.58161020991069,-71.94350721039807,104504.11,2297.69,76235
e1304a8f-deef-42b2-64ae-20f444fd5952,1983-10-10,,999-35-9049,S99965861,X5632948X,Mr.,Brenton674,Sidney996,Collier206,,,M,white,hispanic,M,Quincy  Massachusetts  US,1077 Weimann Knoll Suite 91,Rutland,Massachusetts,Worcester County,25027,01543,42.373706333246865,-71.972524678031,141195.28,27871.59,35477
234eee16-cc37-9396-a322-de786f8d2ca8,1969-12-12,,999-41-2742,S99923055,X79285804X,Ms.,Ariane992,Shaquana156,Kreiger457,,,S,white,nonhispanic,F,Reading  Massachusetts  US,1066 Schroeder Throughway,Andover,Massachusetts,Essex County,25009,01810,42.619630994611086,-71.16875871898218,262930.92,914228.56,32290
3907efa5-1ae2-2708-23ff-3b0425f573ef,1981-03-08,,999-21-9969,S99915658,X55614269X,Mr.,Russel238,Christian753,Bashirian201,,,S,white,nonhispanic,M,Easton  Massachusetts  US,670 Pfannerstill Park,Lynn,Massachusetts,Essex County,25009,01902,42.54584394342131,-71.075397738788,128961.16,18963.68,67872
c6e8a010-5862-2a5c-70c8-ae80d905b3d7,2023-09-11,,999-58-9291,,,,Nicky270,,Simonis280,,,,white,nonhispanic,F,Hamilton  Massachusetts  US,521 Hermann Course Apt 68,Easton,Massachusetts,Bristol County,,00000,42.06668931592537,-71.07976435702899,4663.69,2448.34,192242
e76de4e3-4630-edce-67d8-f9299627c91d,1980-10-02,,999-57-2425,S99920642,X50046171X,Mr.,Leslie90,,Padberg411,,,D,white,nonhispanic,M,Westfield  Massachusetts  US,918 Schoen Grove Apt 55,Barnstable,Massachusetts,Barnstable County,25001,02648,41.659325910950045,-70.42420878111784,19582.44,110931.12,189146
955dac90-8231-9523-989a-f3b6dc0c8705,1945-11-06,1988-10-22,999-86-4357,S99942965,X84332212X,Mr.,Giovanni385,Walton167,Murray856,,,M,white,nonhispanic,M,Concord  Massachusetts  US,290 Goyette Trace,Billerica,Massachusetts,Middlesex County,,00000,42.60666497196046,-71.2292503941267,84591.87,0.00,62565
e960dda7-261d-b30f-0ad1-b18c847562e3,2004-08-31,,999-89-3014,S99949655,X73670891X,Ms.,Breana975,Leonida214,Keebler762,,,,white,nonhispanic,F,Weymouth  Massachusetts  US,1036 Boehm Byway Unit 65,Westport,Massachusetts,Bristol County,,00000,41.54532368990469,-71.04387974550333,55505.77,138466.24,28257
c159fefa-a826-6d9c-8a3b-baa74f012d13,1976-08-30,,999-29-3624,S99943033,X16742366X,Mrs.,Ana Luisa894,Diana207,Olivera810,,Casanova632,M,black,hispanic,F,San Juan  Puerto Rico  PR,234 Moen Crossing,Boston,Massachusetts,Suffolk County,25025,02116,42.345561854715875,-71.02030837729497,402050.85,411529.44,86802
686e1b6d-ce08-ace3-bff3-7a77903ba138,1969-07-04,,999-98-5577,S99962301,X57708530X,Mrs.,Emily542,Eve68,Crooks415,,Hansen121,D,white,nonhispanic,F,Haverhill  Massachusetts  US,676 Hodkiewicz Burg,Norfolk,Massachusetts,Norfolk County,,00000,42.12292305388472,-71.36245314767783,408493.07,756511.41,122979
743b718d-48ce-eed8-4467-5612ce956d11,1985-05-26,,999-69-5064,S99916909,X81511674X,Mr.,Vicente970,Leandro563,Farrell962,,,D,asian,nonhispanic,M,Arlington  Massachusetts  US,431 Wehner Light Suite 31,Maynard,Massachusetts,Middlesex County,25017,01754,42.37614717020778,-71.47632937042667,71033.74,0.00,82524
9de21d2c-2df0-6a9d-2c99-3eee3eb1995c,1990-12-10,,999-19-5218,S99999812,X22425438X,Mr.,Rhett759,Boyce638,Moore224,,,M,white,nonhispanic,M,Vineyard Haven  Massachusetts  US,755 West Parade Suite 74,Lawrence,Massachusetts,Essex County,25009,01843,42.684967810811635,-71.20444412986784,13916.88,479731.25,11342
db78c0a0-71e4-f5c1-a5f3-4977299e880a,1954-05-26,1992-08-09,999-86-6996,S99947785,X8921781X,Mr.,Ben667,,Schinner682,,,W,white,nonhispanic,M,Springfield  Massachusetts  US,371 Schroeder Trail Unit 29,Peabody,Massachusetts,Essex County,25009,01940,42.55695231546638,-70.9251900019476,112155.04,16248.65,261091
281cf99d-2ebc-675d-3306-ce187575b4c2,1945-11-06,2026-06-06,999-16-5329,S99983649,X84190234X,Mr.,Hilario934,Darrin898,Schmeler639,,,D,white,nonhispanic,M,Hudson  Massachusetts  US,1079 Howe Mission,Billerica,Massachusetts,Middlesex County,,00000,42.574877406171936,-71.24738016988034,274005.31,140574.11,62565
c4464aae-cb48-89de-58ab-c097619fe045,1984-12-10,,999-71-9115,S99936419,X67335131X,Ms.,Mui729,Vinita997,Bashirian201,,,S,white,nonhispanic,F,Cambridge  Massachusetts  US,936 Johns Tunnel Apt 25,Westport,Massachusetts,Bristol County,,00000,41.53511641840575,-71.09741019937645,229526.79,582449.23,30338
c3ddc2eb-bc83-96cb-2fa1-36629897e10e,2010-06-17,,999-77-9157,,,,Shayne60,Martina386,Hahn503,,,,white,nonhispanic,F,Spencer  Massachusetts  US,805 Hegmann Key Apt 19,Fall River,Massachusetts,Bristol County,25005,02747,41.65011601417792,-71.13134183321726,73074.10,17626.60,58710
b058bd53-3dfb-3b4d-d25e-3fe5700bc41e,1996-04-26,,999-10-9076,S99978868,X86159319X,Mr.,Carl856,Herschel574,Kub800,,,M,white,nonhispanic,M,Taunton  Massachusetts  US,980 Goldner Orchard,Raynham Center,Massachusetts,Bristol County,25005,02768,41.972717924691324,-71.0301410636489,70051.42,0.00,71854
4b39ab07-8bac-bb58-cdb1-7c80294a2287,1954-05-26,2017-08-29,999-14-3815,S99939082,X81046586X,Mr.,Lloyd546,Ernesto186,Tremblay80,,,M,white,nonhispanic,M,Attleboro  Massachusetts  US,774 Tromp Corner,Peabody,Massachusetts,Essex County,25009,01940,42.582539633914095,-70.96668621070042,129317.13,2288983.72,261091
4306e94f-017c-231e-3624-786271ba4e2e,1974-05-13,,999-21-8436,S99910947,X52899930X,Mrs.,Lavona767,,Bosco882,,Schaden604,M,white,nonhispanic,F,Stow  Massachusetts  US,852 Cruickshank Dam Unit 69,Halifax,Massachusetts,Plymouth County,,00000,41.99909537429721,-70.88753787624509,167182.89,768894.37,189749
705cf25a-6f21-ed34-b9f5-abc554291ed2,1969-02-16,,999-56-3773,S99990245,X47058073X,Mrs.,Roberta529,,Hudson301,,Weissnat378,M,white,nonhispanic,F,Boylston  Massachusetts  US,108 Kuphal Heights Suite 36,Douglas,Massachusetts,Worcester County,,00000,42.05587753480126,-71.74417931333147,77105.53,632038.47,160485
7b12d66c-ec44-bde0-0ff7-a5fecfe1e556,1945-11-06,,999-12-9931,S99965440,X43313670X,Mr.,Hugo693,,Koelpin146,,,M,white,nonhispanic,M,Ayer  Massachusetts  US,1051 Little Ranch Apt 32,Billerica,Massachusetts,Middlesex County,,00000,42.579677205397026,-71.26065482616615,244558.80,270746.52,62565
5815a689-90fa-948f-1271-5fb0c6df4af6,1978-04-25,,999-78-9450,S99946030,X78650321X,Mr.,Rolando809,,Homenick806,,,M,white,nonhispanic,M,Eastham  Massachusetts  US,354 King Station Unit 28,Medford,Massachusetts,Middlesex County,25017,02145,42.35299860128638,-71.04974265251722,131200.12,30719.91,794296
e68d5153-b662-4a31-5de3-8bbfb4474d5c,1954-05-26,,999-52-5685,S99951455,X77429200X,Mr.,Trent525,Antoine384,Walsh511,,,S,white,nonhispanic,M,Boston  Massachusetts  US,1022 Ebert Gate,Peabody,Massachusetts,Essex County,25009,01940,42.55125887464804,-71.00216059543109,91022.15,208692.27,261091
6df41f06-feb2-63e1-f805-c03e1de95f1c,1950-05-20,,999-32-7662,S99994122,X15023135X,Mr.,Lamar193,,Ebert178,,,W,white,nonhispanic,M,Methuen  Massachusetts  US,194 Bogan Wynd Suite 68,West Springfield,Massachusetts,Hampden County,25013,01089,42.11067253298322,-72.67356309628215,32023.79,527939.49,6006
982b59c1-d0af-6884-6171-88600bf363e6,1975-05-03,,999-25-2391,S99966720,X67576291X,Ms.,Vernita491,Libby988,Christiansen251,,,S,white,nonhispanic,F,Holliston  Massachusetts  US,496 Larson Course Unit 89,Worcester,Massachusetts,Worcester County,25027,01606,42.33350786048046,-71.81081513867223,500457.92,378012.62,54148
446e413c-be11-e889-2e84-f25bd925d84b,2004-10-08,,999-13-7573,S99957879,X63310255X,Ms.,Leola603,Elaine830,White193,,,,white,nonhispanic,F,Quincy  Massachusetts  US,916 Lockman Way Unit 72,Franklin,Massachusetts,Norfolk County,25021,02038,42.077252457195144,-71.3672260527082,61405.09,241519.36,95766
34ca16bb-1460-d363-f2a1-0a97e0b4e4e4,1958-08-07,,999-31-2166,S99925668,X117324X,Mrs.,Marcia467,,Brown30,,Kihn564,D,white,nonhispanic,F,Chicopee  Massachusetts  US,1013 Stokes Crossing,Norwood,Massachusetts,Norfolk County,25021,02062,42.144494483036894,-71.21208202291155,330492.62,810943.77,169904
bcf4872b-5e1e-1215-6f36-4cf1893b5945,1995-11-22,,999-25-9467,S99992668,X86561462X,Mr.,Saul605,Ronald408,Bode78,,,M,white,nonhispanic,M,Brookline  Massachusetts  US,530 Christiansen Loaf,Plymouth,Massachusetts,Plymouth County,25023,02360,41.88496280051129,-70.66224514641937,32427.91,55896.30,58797
6f010f94-b791-aa2d-7f6d-1286287136d2,1973-04-09,1994-03-13,999-28-5324,S99960932,X12726365X,Mr.,Alan320,Sydney660,Weber641,,,,white,nonhispanic,M,Lincoln  Massachusetts  US,708 Fadel Course Suite 59,Medford,Massachusetts,Middlesex County,25017,02155,42.45885251088879,-71.07254668293602,221549.67,0.00,92238
6bf54add-170c-1cb9-cd8a-3305399a381f,1986-02-08,,999-98-4688,S99948251,X43328080X,Mr.,Ben667,Todd315,Senger904,,,M,white,nonhispanic,M,West Stockbridge  Massachusetts  US,895 Raynor Ramp Suite 69,Somerville,Massachusetts,Middlesex County,25017,02144,42.355340662348134,-71.09641167430381,7892.62,114104.93,14676
544cdefb-5012-1c0d-0280-da4158c3d91e,1960-12-01,,999-48-3685,S99994735,X54940605X,Mr.,Titus37,Rayford811,Kutch271,,,D,white,nonhispanic,M,Middleborough Center  Massachusetts  US,1030 Cormier Trail Unit 16,Lexington,Massachusetts,Middlesex County,25017,02421,42.41966116762898,-71.21386409328494,550451.82,417548.51,102847
fca9bdef-1e14-e45c-d71b-4333811f2ddb,1973-04-09,,999-85-4558,S99966829,X34786498X,Mr.,Denver542,Oren284,Friesen796,,,D,white,nonhispanic,M,Boston  Massachusetts  US,301 Hane Heights,Medford,Massachusetts,Middlesex County,25017,02155,42.44990450691196,-71.10693948564023,157747.49,326886.28,92238
744c24b4-781f-c9ad-91ae-ac9ec31a873a,1920-09-08,1993-11-19,999-91-5275,S99981391,X60247858X,Mr.,Dan465,Brenton674,Hagenes547,,,M,white,nonhispanic,M,Dennis  Massachusetts  US,478 Nicolas Approach,Boston,Massachusetts,Suffolk County,25025,02151,42.311250930763805,-71.13239940520882,340592.46,1467125.61,42491
6190d112-b00e-112a-e5a3-bd976a65cbc5,1999-10-19,,999-29-1805,S99964698,X47150423X,Mr.,Rolf983,Nolan344,Padberg411,,,,white,nonhispanic,M,Holliston  Massachusetts  US,876 Sawayn Esplanade,Boston,Massachusetts,Suffolk County,25025,02135,42.36179056337242,-70.99316772279035,4416.96,53949.65,12297
b115fb6d-92d0-22ec-2303-88d3019ab565,1955-08-05,,999-73-8617,S99957793,X49813356X,Mrs.,Corinna386,,Larkin917,,Nitzsche158,M,hawaiian,nonhispanic,F,Billerica  Massachusetts  US,153 Halvorson Wynd,Leominster,Massachusetts,Worcester County,25027,01420,42.47605119611168,-71.77651131388295,231855.91,421103.17,171606
c05272bf-5d21-ecaf-221c-b7c78506274f,1995-12-29,,999-44-7214,S99918412,X59271919X,Mr.,Alton320,Kenny207,Davis923,,,S,white,nonhispanic,M,Belmont  Massachusetts  US,795 Heidenreich Boulevard,Boston,Massachusetts,Suffolk County,25025,02128,42.37311493633885,-71.0059323300751,89816.68,11815.75,32100
14c5eb05-3dc1-cb25-97e6-77b7bc396212,2011-03-10,,999-33-2124,,,,Leia529,Krishna674,Muller251,,,,white,nonhispanic,F,Mansfield  Massachusetts  US,555 Purdy Neck Apt 34,Yarmouth,Massachusetts,Barnstable County,,00000,41.69656083827944,-70.18002535899896,47140.29,24989.58,55305
c14fe892-90eb-4eff-9c1d-50ce02b08240,2020-09-11,,999-28-8701,,,,Scotty190,Peter292,Ledner144,,,,white,nonhispanic,M,Brimfield  Massachusetts  US,515 Marquardt Bay,Cambridge,Massachusetts,Middlesex County,25017,02139,42.36007566647994,-71.09035845428429,18493.28,783.94,142851
90c53741-4c4d-bcab-7728-f90a25e1dfd6,1981-04-07,,999-66-8231,S99982089,X11855918X,Ms.,Chelsea317,Nannie905,Cummings51,,,S,white,nonhispanic,F,Somerville  Massachusetts  US,1045 Buckridge Overpass,Weweantic,Massachusetts,Plymouth County,,00000,41.70147214122463,-70.69414377772469,353591.62,608526.41,71088
2eadc889-8d61-e709-15f2-9db6f7a446e1,1945-09-27,2021-08-02,999-83-9492,S99934270,X67267206X,Mr.,Arturo47,Martin117,Leannon79,,,S,white,nonhispanic,M,Marlborough  Massachusetts  US,865 Kulas Forge,Quincy,Massachusetts,Norfolk County,25021,02171,42.30885006167818,-70.99919936485978,193488.29,154198.89,34602
b878e673-8544-7fe4-7b37-6424fae39fdf,1920-09-08,2010-12-25,999-69-4171,S99960016,X79619680X,Mr.,Stevie682,,Sauer652,,,M,white,nonhispanic,M,Northampton  Massachusetts  US,916 Strosin Frontage road,Boston,Massachusetts,Suffolk County,25025,02126,42.362656109486686,-71.08591406442659,232674.75,143590.54,42491
25113299-438f-1892-76a8-8ea75cb678fd,1948-08-11,,999-58-5979,S99969788,X76460049X,Mr.,Garret233,Isidro558,Kautzer186,,,S,white,nonhispanic,M,Pittsfield  Massachusetts  US,352 Nolan Flat,North Brookfield,Massachusetts,Worcester County,25027,01535,42.26617700112695,-72.07284254277721,461185.03,233056.73,82765
8e082f67-b6e4-a145-8b5c-c379b0ec7e08,1952-10-03,,999-36-2389,S99966574,X8081586X,Mrs.,Collette420,Gail741,Jerde200,,Schmitt836,D,white,nonhispanic,F,Holliston  Massachusetts  US,1038 Dickens Spur Suite 41,West Yarmouth,Massachusetts,Barnstable County,25001,02673,41.61893480777106,-70.20867872289475,27912.06,1817790.84,14463
2174ab6d-ba98-ff04-8d88-bd9c91599fb8,1945-09-27,,999-82-5444,S99939946,X30834958X,Mr.,Adolph80,Aldo414,Krajcik437,,,M,white,nonhispanic,M,Canton  Massachusetts  US,574 Harvey Crossroad,Quincy,Massachusetts,Norfolk County,25021,02169,42.22300678472459,-71.00724411988644,170251.64,237895.98,34602
83423709-252e-e39a-0af3-6783301cb4e6,1998-09-01,,999-87-4354,S99913614,X71706266X,Ms.,Randy380,Leota851,Hagenes547,,,,white,nonhispanic,F,Billerica  Massachusetts  US,902 Schmeler Bay,Leominster,Massachusetts,Worcester County,25027,01453,42.563106907586665,-71.81974657657156,24086.06,192768.73,26011
17041646-ad21-aad4-9a4d-e56af53cc2fc,2021-09-21,,999-54-4201,,,,Marcus77,Kim439,Satterfield305,,,,white,nonhispanic,M,Stoughton  Massachusetts  US,904 Kilback Mill,Middleborough,Massachusetts,Plymouth County,,00000,41.83862232967309,-70.83800831073464,14537.72,4881.97,102683
3c5fb3d8-0116-f9bc-5e90-dcd20a4b5054,1920-09-08,2007-03-17,999-69-2798,S99972662,X17910275X,Mr.,Mathew182,,Baumbach677,,,D,white,nonhispanic,M,South Hadley  Massachusetts  US,753 Sipes Overpass,Boston,Massachusetts,Suffolk County,25025,02125,42.40573240871641,-71.05720796179347,249106.91,217643.67,42491
06fb0c2a-aa48-9325-b092-c601b62be467,1956-10-31,,999-74-9363,S99997293,X8222172X,Mr.,Lucien408,Ian270,Ryan260,,,S,white,nonhispanic,M,Sudbury  Massachusetts  US,299 Gusikowski Landing Unit 50,Bellingham,Massachusetts,Norfolk County,25021,02019,42.02945735225847,-71.45729188736131,101542.40,204092.52,138321
67c91896-5113-7808-bee3-14eb3b2a889a,1994-05-05,,999-80-4038,S99923640,X60157400X,Mrs.,Jessie665,Shawnna218,Boehm581,,Pfannerstill264,M,white,nonhispanic,F,Paxton  Massachusetts  US,987 Daniel Street,Holyoke,Massachusetts,Hampden County,25013,01040,42.22774846402533,-72.61587692943729,158767.36,243062.05,71918
2bb1580e-68b9-e297-00cc-0ab6213a4ae3,2005-04-10,,999-88-5968,S99913932,X73520205X,Ms.,France571,,Corkery305,,,,white,nonhispanic,F,Beverly  Massachusetts  US,1037 Hodkiewicz Row,Boston,Massachusetts,Suffolk County,25025,02199,42.39622031943164,-71.09888129693957,5411.02,198061.42,2153
5b386109-ca4a-b3bd-3069-740abacee8f2,2024-11-02,,999-20-6659,,,,Tamela350,Cameron381,Walker122,,,,white,nonhispanic,F,Dedham  Massachusetts  US,421 Collins Forge,Middleton,Massachusetts,Essex County,,00000,42.632055270651406,-70.97447141305075,382.81,5571.33,19339
f2d05ad2-d3e9-7d09-adda-29de7ab57416,2013-11-02,,999-50-9209,,,,Palma671,Charis952,Trantow673,,,,white,nonhispanic,F,Lexington  Massachusetts  US,862 Wehner Ramp,Quincy,Massachusetts,Norfolk County,25021,02171,42.30477338021265,-71.05116928309303,39443.45,8236.52,119455
6fb2218d-287f-1a69-6e96-a7dfce4ef9d9,2015-11-04,,999-64-1084,,,,Darin74,Numbers230,Becker968,,,,white,nonhispanic,M,Littleton Common  Massachusetts  US,575 Marks Frontage road,Worcester,Massachusetts,Worcester County,25027,01603,42.272122060107876,-71.81328436836543,13724.02,11808.31,59401
a29fd992-71e0-51a2-3076-701d0533ddf2,1951-05-30,,999-54-3242,S99922050,X13951341X,Mr.,Antone63,Jermaine675,Corkery305,,,S,black,nonhispanic,M,Pittsfield  Massachusetts  US,175 Douglas Route,Boston,Massachusetts,Suffolk County,25025,02134,42.38518411013886,-70.9572731008783,164874.58,1386991.58,145491
7aed6b45-679a-9a9f-5740-f9dc359b9405,1977-12-20,,999-19-6609,S99910389,X71604764X,Mrs.,Roslyn469,Edythe31,Leuschke194,,Oberbrunner298,D,black,nonhispanic,F,Brockton  Massachusetts  US,798 Ratke Street,Boston,Massachusetts,Suffolk County,25025,02163,42.27058218398852,-71.04888827124283,647181.24,506926.83,65556
9475362a-8732-686f-327e-6d1bbfdc114d,1965-03-09,,999-94-6422,S99929998,X25603122X,Ms.,Rosann381,Digna973,O'Conner199,,,S,white,nonhispanic,F,Ayer  Massachusetts  US,581 Waters Extension Suite 7,Westport,Massachusetts,Bristol County,,00000,41.604777786645975,-71.03366772298405,317063.19,564624.55,148006
0982d4a5-938c-30fd-11ba-538bb23b7740,1976-06-21,,999-60-1552,S99967056,X89248964X,Ms.,Caitlin552,Gertha313,Aufderhar910,PhD,,S,white,nonhispanic,F,Worcester  Massachusetts  US,345 Hills Hollow Unit 70,Bliss Corner,Massachusetts,Bristol County,,00000,41.59686681554252,-70.94424363797044,539910.03,240163.97,106796
383081b4-b896-495b-0acb-28021719f98a,1964-07-17,2016-11-27,999-84-4158,S99957139,X11673455X,Mrs.,Vinita997,Dolly486,Veum823,,Marquardt819,M,black,nonhispanic,F,Westford  Massachusetts  US,416 Gleichner Key Suite 31,Worcester,Massachusetts,Worcester County,25027,01610,42.25562187823005,-71.82545189508562,632990.62,502062.55,55057
17da4119-546e-9e8f-421f-4c330e83f083,2013-09-06,,999-72-1238,,,,Oscar384,Eloy929,Howe413,,,,white,nonhispanic,M,Beverly  Massachusetts  US,327 Ebert Burg,Beverly,Massachusetts,Essex County,25009,01915,42.553878990816976,-70.85694409105979,34700.33,12596.48,47853
ddc0533b-f30a-9302-22f6-a21323bf8ab1,1920-09-08,2007-10-27,999-61-6224,S99948428,X88026413X,Mr.,Silas208,,Connelly992,,,M,white,nonhispanic,M,Cambridge  Massachusetts  US,483 Reichert Flat Apt 46,Boston,Massachusetts,Suffolk County,25025,02134,42.33640192732947,-71.09525231714139,457605.09,1027700.22,42491
217a98f2-a176-acdf-f394-96e1c46b9a0b,2008-05-20,2010-03-13,999-44-5532,,,,Gia583,Albert312,Rutherford999,,,,white,nonhispanic,F,Wilmington  Massachusetts  US,383 Parisian Viaduct Apt 63,Marshfield,Massachusetts,Plymouth County,25023,02050,42.069000336187024,-70.725577340586,6628.81,17334.34,63764
96c4ebcc-b3b2-6e85-fc05-c1f94f3afaf7,1989-04-21,,999-51-7543,S99919495,X46087828X,Ms.,Nicky270,Romona686,Jast432,,,S,white,nonhispanic,F,Lawrence  Massachusetts  US,917 Pouros Way Unit 13,Cambridge,Massachusetts,Middlesex County,25017,02472,42.37303571956152,-71.13064628703812,247408.18,594234.50,70966
c92aa7ab-a990-8a83-298a-8a91a85d6545,2008-05-20,,999-74-1306,S99973548,,Ms.,Blanche121,Lorie307,Mann644,,,,white,nonhispanic,F,Gloucester  Massachusetts  US,480 Bergstrom Estate Unit 41,Marshfield,Massachusetts,Plymouth County,25023,02050,42.15395994967424,-70.70074603161837,57068.58,13730.51,63764
72797b87-d4b7-3c28-cf87-34db3c00fde7,1964-07-17,,999-88-5826,S99995449,X54889729X,Mrs.,Rolande819,Benita195,Shanahan202,,Haley279,W,black,nonhispanic,F,Wayland  Massachusetts  US,166 Welch Light,Worcester,Massachusetts,Worcester County,25027,01545,42.270768875752445,-71.72740753131815,128085.96,22926.49,55057
7cbe9114-f4c0-2cac-e0e5-1c59f81f936a,1954-02-17,,999-25-1165,S99921321,X71936440X,Mr.,Emmitt44,Elmo857,Collins926,,,M,white,nonhispanic,M,Middleborough  Massachusetts  US,672 Harris Boulevard Apt 3,Springfield,Massachusetts,Hampden County,25013,01013,42.06083370609435,-72.61596156245156,20396.59,376387.62,10561
3335d45f-6027-0b6f-c64b-cf672ce007ec,1920-09-08,1958-05-11,999-16-9951,S99995866,X59629820X,Mr.,Darius626,Keith571,Hauck852,,,M,white,nonhispanic,M,Templeton  Massachusetts  US,646 Bergstrom Tunnel Unit 72,Boston,Massachusetts,Suffolk County,25025,02129,42.357516986431456,-71.04534267312084,116270.64,0.00,42491
1d9683fb-68aa-5f77-4132-4e46ba781181,1946-11-21,,999-26-5067,S99990666,X68502317X,Mrs.,Darla154,Laquita685,Nienow652,,Lind531,M,white,nonhispanic,F,Raynham  Massachusetts  US,389 Ankunding Forge,Berlin,Massachusetts,Worcester County,,00000,42.373632781496816,-71.62001028941005,952375.07,418192.19,40042
df0c6c68-d9eb-55b2-f4f0-60e6c7504549,1967-04-27,,999-93-6759,S99924378,X72781572X,Mr.,Jame231,Ivory697,Cummings51,,,M,white,nonhispanic,M,Everett  Massachusetts  US,1084 Kuhn Skyway,Quincy,Massachusetts,Norfolk County,25021,02186,42.210659736506585,-71.12996055976807,180699.73,47533.11,53275
a5292692-d364-f9cb-7e9d-e4ef2e92f6f7,1968-03-13,1996-12-26,999-42-4834,S99942414,X63648031X,Mrs.,Janella261,Kassie598,Raynor401,,Heaney114,M,white,nonhispanic,F,Holden  Massachusetts  US,1008 Swift Overpass,Newburyport,Massachusetts,Essex County,25009,01951,42.77992204953491,-70.89722464577116,345571.14,383177.61,119688
791c64a7-38a7-195a-ff34-e41a581339d3,2008-08-01,,999-50-8630,S99950536,,,Porter490,Shaun461,Will178,,,,white,nonhispanic,M,Boston  Massachusetts  US,1097 Auer Glen Unit 0,Milton,Massachusetts,Norfolk County,25021,02186,42.28598974506759,-71.10619426473292,50001.45,5217.14,112368
26e408ea-c020-dd53-2cb0-4b236504e4ac,1991-01-29,,999-96-1108,S99915581,X31485895X,Mr.,Margarito178,Darron84,Pagac496,,,D,black,nonhispanic,M,Haverhill  Massachusetts  US,210 Rempel Wall Apt 60,Grafton,Massachusetts,Worcester County,,00000,42.16556099533439,-71.63628810089675,113326.83,11335.66,63283
c6109e76-ec4f-ce3f-c1fa-8f3e1a7b8dd0,1983-09-03,,999-96-5681,S99913124,X32849053X,Mr.,Wiley422,Charley358,Wehner319,,,M,white,nonhispanic,M,Springfield  Massachusetts  US,392 Kutch Fork Suite 39,Boston,Massachusetts,Suffolk County,25025,02118,42.337719916205074,-71.04663574276317,63547.93,15457.17,95104
90f1c25d-bf31-f503-e0f1-497030e2350c,1920-09-08,2003-06-29,999-25-6741,S99930966,X1691986X,Mr.,Bennett146,George991,Maggio310,,,M,white,nonhispanic,M,Natick  Massachusetts  US,129 Zemlak Loaf,Boston,Massachusetts,Suffolk County,25025,02126,42.30620559901667,-71.09839206160834,709965.43,1003224.99,42491
0faa4a06-5e7a-9c78-2f0c-5b6d5560b679,1962-08-02,,999-48-2408,S99961244,X73626876X,Mr.,Lon587,,Greenholt190,,,M,white,nonhispanic,M,Amherst  Massachusetts  US,879 Maggio Light,Dalton,Massachusetts,Berkshire County,,00000,42.437040269278036,-73.18501412169077,189628.97,124280.14,175029
6ecf7e44-defc-d262-2ff6-165e8e606290,2021-09-29,,999-42-3861,,,,Delma583,Nancey580,Kuphal363,,,,white,nonhispanic,F,Boston  Massachusetts  US,309 Hilll Track,Winthrop,Massachusetts,Suffolk County,25025,02128,42.33016715325373,-70.99204542582854,9517.79,14401.03,85122
07b764a6-d4b8-3a64-40f7-eac6599790e0,1968-03-13,,999-32-2139,S99937232,X38500508X,Mrs.,Lolita963,Ashley34,Gutkowski940,,Lehner980,M,white,nonhispanic,F,Foxborough  Massachusetts  US,187 Romaguera Key Apt 65,Newburyport,Massachusetts,Essex County,25009,01951,42.81670682160309,-70.92766266410028,680876.18,778142.25,119688
b7a49737-cbb3-1f22-d5d0-626ac56f6d19,1953-05-06,,999-39-1721,S99923294,X83855846X,Mrs.,Zandra428,Dominica520,Gulgowski816,,Roob72,M,white,hispanic,F,Boston  Massachusetts  US,613 Grant Flat Suite 0,Palmer,Massachusetts,Hampden County,25013,01095,42.178218507406214,-72.31155515223107,373716.44,708147.07,145990
8a7afdcd-b940-a7bf-ded7-08fc3673ad46,2024-12-02,,999-80-8721,,,,Lavern240,Aurelio227,Durgan499,,,,white,nonhispanic,M,Upton  Massachusetts  US,661 Yost Drive,Hingham,Massachusetts,Plymouth County,25023,02043,42.232637468405734,-70.86112417388166,8190.97,0.00,67524
1228f438-47c1-05ec-5f9f-dadc687920bc,1920-09-08,1986-08-13,999-81-3627,S99914103,X1683975X,Mr.,Stanley702,Titus37,Mills423,,,D,white,nonhispanic,M,Randolph  Massachusetts  US,440 Koepp Underpass Unit 51,Boston,Massachusetts,Suffolk County,25025,02124,42.40304319675591,-71.09945596634196,583755.88,362183.82,42491
56f20025-e260-32d1-fc79-275e181536d0,1967-01-08,,999-63-7390,S99961221,X35432728X,Mr.,Hector463,Geoffrey157,McLaughlin530,,,M,white,nonhispanic,M,Brockton  Massachusetts  US,294 McKenzie Arcade,Douglas,Massachusetts,Worcester County,,00000,42.03964395744974,-71.80110101454005,11295.86,132162.82,12920
71478fae-76bb-7952-22d4-8d7bfcd691d3,2010-06-18,,999-60-6742,,,,Lise687,Tressie547,Heathcote539,,,,white,nonhispanic,F,Wilbraham  Massachusetts  US,195 Medhurst Bay Unit 5,Brookline,Massachusetts,Norfolk County,25017,02467,42.315134070905295,-71.11386597416555,33914.45,52955.01,73662
06ee4958-f395-2ab5-b6d0-061217ac43e2,1994-06-09,,999-91-7342,S99971591,X48494017X,Mrs.,Erin498,Lizbeth716,Ferry570,,Bogan287,M,white,nonhispanic,F,Methuen  Massachusetts  US,322 McClure Trailer,Chelmsford,Massachusetts,Middlesex County,,00000,42.62358096264375,-71.32506681036577,400739.51,54010.42,87462
0e1692e3-3553-1891-42d9-040821e58fef,1952-08-18,,999-14-6212,S99955936,X30214520X,Mr.,Kendrick479,Oren284,Turcotte120,,,M,white,nonhispanic,M,Milton  Massachusetts  US,523 Harvey Mission Apt 24,Brockton,Massachusetts,Plymouth County,25023,02302,42.11558117834993,-70.99266232137073,94809.42,200788.12,25660
30596163-d4f0-1f96-de1e-8350c6889b72,1979-05-17,,999-32-4070,S99952941,X36933695X,Mrs.,Chantal971,Thora330,Friesen796,,Carroll471,M,white,nonhispanic,F,Bridgewater  Massachusetts  US,397 Cole Park,Lexington,Massachusetts,Middlesex County,25017,02420,42.45471605833077,-71.22190050688354,392745.80,344504.51,46460
ccfff9c6-2bc6-40c2-91f4-afce79f2dcc2,1989-09-30,,999-45-7104,S99949787,X54812296X,Mrs.,Santa373,Corie618,Buckridge80,,Conroy74,M,white,nonhispanic,F,White Island Shores  Massachusetts  US,1086 Gottlieb Trafficway Unit 78,Taunton,Massachusetts,Bristol County,25005,02780,41.88712176768337,-71.10251377146551,154515.52,392999.22,54495
56b90e9b-a32d-b406-b77a-a5c8dfd81e42,2008-07-29,,999-19-4288,S99961036,,,Ivory697,Alton320,Ankunding277,,,,white,nonhispanic,M,Natick  Massachusetts  US,762 Gaylord Hollow Suite 54,New Bedford,Massachusetts,Bristol County,25005,02740,41.757105771516386,-70.86729354071204,3576.28,83053.15,21037
36d4d6e6-5399-f75a-5cb9-18a94330874f,2023-01-04,,999-22-9493,,,,Alissa315,Shondra529,Kohler843,,,,black,nonhispanic,F,Worcester  Massachusetts  US,1028 Crist Alley,Uxbridge,Massachusetts,Worcester County,,00000,42.071886036054075,-71.6399108668291,7579.43,7589.71,58995
c626f438-3338-1619-8169-bdff5bc50c63,1920-09-08,1997-05-17,999-45-8912,S99987701,X13444678X,Mr.,Jacob959,Conrad619,Von197,,,M,white,nonhispanic,M,Revere  Massachusetts  US,867 Bechtelar Village Suite 12,Boston,Massachusetts,Suffolk County,25025,02120,42.37409620672628,-71.03805886081201,227299.12,888005.77,42491
2b2f1d79-3a23-3c6f-61b6-d0028400573d,1963-08-07,2020-09-03,999-48-8920,S99958396,X43584016X,Mr.,Nicolas769,Aubrey96,Smith67,,,M,other,nonhispanic,M,Chelmsford  Massachusetts  US,642 Gutmann Underpass Unit 73,Mashpee,Massachusetts,Barnstable County,,00000,41.63354167843522,-70.49672489005901,12544.92,255001.62,14301
ee8ce7fa-157e-d237-f97e-17ab46736f17,1948-10-03,2009-03-31,999-20-3788,S99982144,X67854039X,Mrs.,Phyliss206,Tamatha836,Kilback373,,McKenzie376,W,white,nonhispanic,F,Hingham  Massachusetts  US,747 Torphy Crossroad,Mattapoisett,Massachusetts,Plymouth County,,00000,41.640117330752176,-70.8403949985143,21058.30,1275788.25,22555
2d17a030-f0c9-2deb-bd43-55382cede9cb,1971-03-03,,999-10-3067,S99961254,X74369800X,Ms.,Yvone889,Gayla444,Cole117,,,S,white,nonhispanic,F,Medfield  Massachusetts  US,260 Beahan Fork,Sharon,Massachusetts,Norfolk County,25021,02067,42.09167817955443,-71.19413825361858,25708.21,1392987.66,19643
7376018f-1a7e-be73-d988-713f83a7e80e,1963-08-07,2025-05-04,999-96-2244,S99975503,X79710346X,Mr.,Cristobal567,Angel97,Bahringer146,,,S,other,nonhispanic,M,Millville  Massachusetts  US,259 Lemke Path,Mashpee,Massachusetts,Barnstable County,,00000,41.63138790820733,-70.47833916938414,13686.14,361727.12,14301
83a277f5-489c-0035-d48d-d1d5d4cdb3e6,1971-03-24,,999-72-1398,S99964680,X46004110X,Mr.,Milan77,,Dietrich576,,,M,asian,nonhispanic,M,Boston  Massachusetts  US,343 Kuhic Port Apt 88,Hudson,Massachusetts,Middlesex County,25017,01749,42.40089291374371,-71.5944415983253,133616.97,14378.24,755599
2ad1f505-eabc-ea0e-c3a3-19420fe6f4ed,1948-10-03,,999-90-3445,S99988234,X21550143X,Mrs.,Sofia418,Nevada145,Collins926,,Kiehn525,W,white,nonhispanic,F,Upton  Massachusetts  US,144 Hamill Junction,Mattapoisett,Massachusetts,Plymouth County,,00000,41.702811526321796,-70.81751640659745,28968.38,1615057.70,22555
2d00562a-dd40-654f-d76f-29164bef87e3,1963-08-07,,999-39-4662,S99967171,X83559694X,Mr.,Dwain139,Marquis364,Weimann465,,,M,other,nonhispanic,M,Newton  Massachusetts  US,592 Daniel Mews Apt 35,Mashpee,Massachusetts,Barnstable County,,00000,41.58279703019365,-70.45706328248782,11993.14,237820.28,14301
2963566c-fbf6-3086-281a-2efcb42bde0c,1976-10-01,,999-58-4134,S99912085,X3672120X,Mrs.,Chang901,Lyn897,Paucek755,,Adams676,M,white,nonhispanic,F,Beverly  Massachusetts  US,399 Kulas Run,Boston,Massachusetts,Suffolk County,25025,02152,42.30815181433328,-71.00640671649778,574959.85,789883.68,48111
4ede7987-a755-3d1f-ce7b-57523dd0c9b2,1994-08-16,,999-38-3547,S99961157,X73484079X,Mr.,Efren426,,Roberts511,,,M,white,nonhispanic,M,Harwich  Massachusetts  US,128 Schuppe Fort Apt 57,Revere,Massachusetts,Suffolk County,25025,02151,42.3903159582362,-71.00797557970064,5734.78,99006.27,5629
05cc7723-da94-bd52-72e1-95c29665ecd7,1920-09-08,2007-08-16,999-42-8234,S99962457,X28248827X,Mr.,Bobby524,Austin578,Langworth352,,,D,white,nonhispanic,M,Dennis  Massachusetts  US,352 Schaefer Crossing,Boston,Massachusetts,Suffolk County,25025,02199,42.39459551370823,-71.18159426953383,393311.43,1974751.18,42491
4fd8951d-46ce-ad14-b523-0cabf0df803d,1965-11-30,,999-37-7638,S99992723,X14611873X,Mr.,Leopoldo762,Jarvis643,Schuster709,,,M,white,nonhispanic,M,Amesbury  Massachusetts  US,575 Kovacek Course Apt 67,Edgartown,Massachusetts,Dukes County,,00000,41.3889449543568,-70.51694108912531,121848.93,149407.58,82541
bac428be-5e93-2272-80e7-005591d8a078,1964-07-28,,999-98-2708,S99945146,X21319946X,Mrs.,Serita370,,Stoltenberg489,,Smitham825,M,white,nonhispanic,F,Boston  Massachusetts  US,1040 DuBuque Road Suite 86,Worcester,Massachusetts,Worcester County,25027,01583,42.35705285579303,-71.78431678623036,354907.79,788705.69,3705
65a97854-f9c7-05ee-41fa-43a4665e1ecb,2008-07-10,,999-85-9514,S99997407,,,Emilio417,,Donnelly343,,,,white,nonhispanic,M,Fall River  Massachusetts  US,604 Grant Course,Fall River,Massachusetts,Bristol County,25005,02723,41.742895999925345,-71.08374401311868,59799.66,88529.13,43683
e5df2171-6d6a-3682-363d-4b1679d96cba,1942-07-03,2022-06-18,999-65-3458,S99983038,X21800733X,Mr.,Laurence43,Wade235,Beatty507,,,S,white,nonhispanic,M,Framingham  Massachusetts  US,124 Pouros Grove,Salem,Massachusetts,Essex County,25009,01970,42.452635026059184,-70.92415746662068,307087.60,545490.10,26993
816a60c6-8af1-3645-a13d-4696baf92578,2007-05-30,,999-85-2061,S99957799,,Mr.,Armando772,Napoleon578,Schuppe920,,,,white,nonhispanic,M,Westfield  Massachusetts  US,784 McDermott Gateway Apt 76,Lakeville,Massachusetts,Plymouth County,,00000,41.84238180728686,-70.91637581265896,20307.54,11818.97,28953
11c53fc2-b7f4-afe1-7ed2-7383da1519ea,1997-03-16,,999-89-5636,S99927574,X77653543X,Mrs.,America446,Concetta811,Daniel959,,Hansen121,M,white,nonhispanic,F,Worcester  Massachusetts  US,394 Jacobi Landing,Malden,Massachusetts,Middlesex County,25017,02148,42.388237252873715,-71.13502371488548,50447.34,79698.86,24429
29539b86-be81-cf0e-c767-1b5b33906610,2002-07-02,,999-44-3536,S99986332,X53654086X,Ms.,Joann92,Gwen761,Goodwin327,,,,white,nonhispanic,F,Boston  Massachusetts  US,433 Schneider Vista Unit 59,Everett,Massachusetts,Middlesex County,25017,02149,42.37133610334713,-71.0127321857518,191670.46,936650.57,133101
46643ac2-1b42-f6d4-abf9-cca3f921ee42,1978-12-30,,999-50-9739,S99965079,X61457550X,Mrs.,Linette249,Frank378,Schaden604,,Corwin846,M,native,nonhispanic,F,Lincoln  Massachusetts  US,710 Bernier Road,Norton Center,Massachusetts,Bristol County,,00000,41.94639905147464,-71.20853401292213,451067.25,421163.50,83026
03b109c2-bb0d-9394-bd0f-4404869d805c,1920-09-08,,999-69-1619,S99991190,X59311746X,Mr.,Micheal721,Tyree261,Raynor401,,,M,white,nonhispanic,M,Framingham  Massachusetts  US,589 Marvin Park Apt 88,Boston,Massachusetts,Suffolk County,25025,02124,42.37668061920146,-71.09768507274624,245435.14,249664.32,42491
fde74e8b-75de-57ff-315c-010dca1e46cd,2015-12-05,,999-72-5013,,,,Juana825,Rosa195,Villalpando154,,,,white,hispanic,F,San Salvador  El Salvador  SV,465 Ernser Grove,Springfield,Massachusetts,Hampden County,25013,01108,42.059775759337015,-72.55729252458246,7863.24,50015.06,27577
ead5a173-f0b4-4d31-3db2-bb0bb3081036,1983-09-04,,999-43-7910,S99983370,X13130712X,Mr.,Gail741,Doyle959,Rice937,,,S,black,nonhispanic,M,Boston  Massachusetts  US,527 Pacocha Grove Suite 23,Worcester,Massachusetts,Worcester County,25027,01583,42.31595727087361,-71.8188984267584,87613.33,16635.45,27513
92781248-ba5d-e5ea-a0d2-467a4c31f02a,1989-12-06,,999-96-3330,S99953609,X18492659X,Mrs.,Kay203,Erika442,Bergstrom287,,Leannon79,M,white,nonhispanic,F,Boston  Massachusetts  US,216 Williamson Mill Apt 40,Framingham,Massachusetts,Middlesex County,25017,01701,42.27576532350077,-71.47920933011332,154101.53,311666.15,126833
7d831ead-2175-cc8b-1e33-494b07e09b5e,1942-07-03,,999-15-2193,S99988702,X74157155X,Mr.,Chauncey770,Stan246,Lowe577,,,M,white,nonhispanic,M,Lenox  Massachusetts  US,397 Murphy Spur Suite 38,Salem,Massachusetts,Essex County,25009,01970,42.43999005545392,-70.88852241824621,256542.01,207704.50,26993
4f426c0a-2945-a35b-8b51-347e242a6d54,1950-06-01,2006-03-07,999-41-9892,S99964875,X22609217X,Mr.,Nigel915,Ralph813,Cartwright189,,,M,white,nonhispanic,M,Boston  Massachusetts  US,191 Daugherty Park,New Bedford,Massachusetts,Bristol County,25005,02747,41.64912735980675,-70.89077996235548,162403.26,0.00,59717
79ba9e33-0516-2131-d3bf-e387229322fd,1975-03-26,,999-79-9768,S99975289,X21542676X,Mr.,Eric487,Jarred626,Stracke611,,,M,white,nonhispanic,M,Boston  Massachusetts  US,531 Huel Landing Suite 56,New Bedford,Massachusetts,Bristol County,25005,02747,41.67438882816503,-70.9665326547393,163170.60,0.00,95305
4f13ca44-a049-974e-ca18-7d8903839b21,1989-12-08,,999-62-5645,S99912084,X10445052X,Mr.,Harrison106,Ellis535,Grimes165,,,M,white,nonhispanic,M,Southampton  Massachusetts  US,1066 Altenwerth Highlands Suite 53,Burlington,Massachusetts,Middlesex County,25017,01803,42.520803797714656,-71.21228156691016,107865.23,684489.50,139312
b9348795-ca95-7cb1-2e12-4137c690431c,2025-03-18,,999-74-9514,,,,Jame231,Harold594,Prosacco716,,,,asian,nonhispanic,M,Foxborough  Massachusetts  US,331 Purdy Union,Braintree,Massachusetts,Norfolk County,25021,02184,42.233216476367936,-70.98008344858273,5314.97,0.00,58565
1e11ca86-1f6e-9fa9-2ab3-2051dbdf19ab,1966-07-24,,999-52-2810,S99982511,X52367481X,Mr.,Octavio643,Jamison785,Gleichner915,,,M,white,nonhispanic,M,Belmont  Massachusetts  US,649 Harris Lane,Braintree,Massachusetts,Norfolk County,25021,02184,42.21180014878716,-71.02657366041679,138158.51,7615.26,148633
1c72390c-c5d6-10a6-0bed-c94f37440d18,2000-04-30,,999-75-6442,S99948842,X50372044X,Ms.,Ernestine645,Jacki842,Altenwerth646,,,,white,nonhispanic,F,Methuen  Massachusetts  US,626 Luettgen Crossing,Braintree,Massachusetts,Norfolk County,25021,02184,42.22358906320893,-71.01472181809118,97622.70,422632.22,86085
c198456a-f29b-b34a-173f-0974fab72a71,2008-07-10,,999-41-3586,S99940066,,,Edison640,,Upton904,,,,black,nonhispanic,M,Brockton  Massachusetts  US,687 Robel Landing Suite 36,Salem,Massachusetts,Essex County,25009,01907,42.44385621274928,-70.90747862355707,3100.00,59837.03,9734
fc0713ba-9b7a-637c-cbc4-160eea5afb88,1978-05-14,,999-89-7094,S99962841,X41725048X,Mr.,Jonathon205,Jerome176,Kautzer186,,,M,white,nonhispanic,M,Norton  Massachusetts  US,1093 Roberts Rapid,Woburn,Massachusetts,Middlesex County,25017,01801,42.47738248636953,-71.14698502517584,141750.16,0.00,49666
980fd536-fd43-4a0d-7494-d297d73acf90,1950-06-01,2020-11-01,999-69-9731,S99930985,X48683415X,Mr.,Damien170,Lee268,Parisian75,,,W,white,nonhispanic,M,Boston  Massachusetts  US,881 Strosin Highlands,New Bedford,Massachusetts,Bristol County,25005,02746,41.63280776534099,-70.89309137431546,330880.22,200396.60,59717
e1471c82-2004-1232-92b6-c293b342d7ce,1965-05-28,,999-25-1990,S99975100,X51782090X,Mrs.,Faith802,Thersa321,Parisian75,,Dietrich576,M,white,nonhispanic,F,New Bedford  Massachusetts  US,686 Goyette Extension Unit 10,Rutland,Massachusetts,Worcester County,25027,01543,42.40569609976118,-72.00440813591041,398968.86,174870.74,85851
39018194-3df6-1d18-4400-2a7c677687f4,1974-05-26,,999-85-8888,S99934892,X9904041X,Mrs.,Yolonda722,Fern75,Erdman779,,Rippin620,M,white,nonhispanic,F,Southampton  Massachusetts  US,1087 Lind Common Suite 53,Boston,Massachusetts,Suffolk County,25025,02134,42.392774014691994,-70.95350375326525,647416.11,597739.70,48884
edb79c2c-b64c-4a66-342b-2c43503b26d4,1980-07-10,,999-63-3259,S99927579,X16846192X,Mrs.,Lavina533,Debby656,Murray856,MD,Rutherford999,M,white,nonhispanic,F,Rehoboth  Massachusetts  US,475 Miller Mission,Cambridge,Massachusetts,Middlesex County,25017,02138,42.425827627371376,-71.17424005889958,563512.14,496558.84,104307
ea847b15-c874-0400-5ac2-6e2d77a574f6,2009-01-04,,999-98-9969,S99997973,,,Suellen60,Ebonie344,Kautzer186,,,,black,nonhispanic,F,Amherst  Massachusetts  US,817 Kemmer Heights Apt 89,Brookline,Massachusetts,Norfolk County,25025,02215,42.3465866922109,-71.10089630008713,52398.48,2576.65,82533
e7ca0fa0-fa1a-cb3a-5cdb-5948113c94e0,2011-03-23,,999-99-8703,,,,Corey514,Tad831,Medhurst46,,,,white,nonhispanic,M,Worcester  Massachusetts  US,125 Nitzsche Lane Suite 92,Franklin,Massachusetts,Norfolk County,25021,02038,42.04073055826104,-71.43221497709548,117533.35,0.00,101783
1550d2f6-4580-2b98-43c2-72765edf56a5,1950-06-01,,999-53-7967,S99916279,X42772397X,Mr.,Adam631,Luther918,Nicolas769,,,M,white,nonhispanic,M,Boston  Massachusetts  US,737 Torp Forge,New Bedford,Massachusetts,Bristol County,25005,02743,41.68489382851378,-70.99032706992892,195269.74,78248.00,59717
6fbde7c3-b667-5be2-73ee-a7bc50e7d5ee,1979-08-07,,999-12-6152,S99963248,X43492788X,Mrs.,Lore422,Carmen818,Schulist381,,Douglas31,M,white,nonhispanic,F,Lunenburg  Massachusetts  US,496 Herzog Mill,Mashpee,Massachusetts,Barnstable County,,00000,41.58120337204382,-70.47045161411238,176201.59,3531.77,80095
0790e566-790f-2e8c-27d9-e9a9a52ce8eb,1973-12-19,,999-45-8375,S99927306,X46159639X,Mrs.,Hermine424,Mozelle144,Auer97,,Barton704,M,native,nonhispanic,F,Boston  Massachusetts  US,920 Reichel Heights,Agawam,Massachusetts,Hampden County,25013,01001,42.08876265485644,-72.64861176314794,180185.17,256599.82,25850
8fc40f65-4d39-1169-0fb8-4eea4db0976a,2015-11-04,,999-87-1393,,,,Alexis664,,Treutel973,,,,white,nonhispanic,M,Chicopee  Massachusetts  US,369 Denesik Crossing Unit 85,Boston,Massachusetts,Suffolk County,25025,02130,42.26791008154488,-71.11847414616943,32531.35,8655.86,150386
e7b7eb0a-0525-aadf-318e-fe09f0b3e0ab,1949-07-28,,999-11-5525,S99952797,X76800696X,Mrs.,Demetria799,Gertrud593,Wuckert783,,Prosacco716,M,white,nonhispanic,F,North Scituate  Massachusetts  US,411 Dach Parade,Erving,Massachusetts,Franklin County,,00000,42.649553099758904,-72.4498620937762,912855.30,124705.97,92333
90468d95-8d70-cc38-8525-40a1bd9647c3,2011-06-13,,999-75-7339,,,,Kyle55,Vasiliki884,Wyman904,,,,white,nonhispanic,F,Billerica  Massachusetts  US,540 Streich Brook Apt 48,Ashland,Massachusetts,Middlesex County,,00000,42.24814271319108,-71.48896159649587,45038.81,13381.73,131221
9069510d-7661-c760-d0bd-2fb587708a98,2022-06-07,,999-61-4933,,,,Tuan998,Victor265,Mohr916,,,,white,nonhispanic,M,New Bedford  Massachusetts  US,554 Dicki Rapid,Malden,Massachusetts,Middlesex County,25017,02148,42.44937773177769,-71.07208960098212,17820.72,216.63,107328
59555636-035e-8814-ae2c-c89a22cc9544,1975-06-19,2025-03-20,999-84-3030,S99984207,X53600457X,Mr.,Ricardo560,Joaquín233,Carbajal274,,,M,black,hispanic,M,Carolina  Puerto Rico  PR,991 Koch Arcade Unit 26,Westfield,Massachusetts,Hampden County,25013,01085,42.15009646246083,-72.71924374036982,201612.93,499498.92,59883
d2d66cf2-b825-cfc2-820d-2ac1ae710e89,1970-02-28,,999-40-3954,S99966700,X41644150X,Mr.,Colton403,Rocky100,Rutherford999,,,M,white,nonhispanic,M,Charlton  Massachusetts  US,496 Botsford Drive,Brookline,Massachusetts,Norfolk County,25017,02467,42.31117617106568,-71.0970198883139,149448.82,218677.49,105113
b87ba8e5-30d6-5615-f62d-312b1dfdacc0,1983-08-18,,999-42-3146,S99975437,X34931963X,Ms.,Carrol931,,Cruickshank494,,,S,white,nonhispanic,F,Hopedale  Massachusetts  US,277 Graham Dale Unit 31,Boston,Massachusetts,Suffolk County,25025,02118,42.38170179668549,-71.01754701481266,136033.46,473299.31,187823
1684113f-6865-eed8-4aa3-c245b88950c8,1973-07-08,,999-68-3582,S99919331,X79817668X,Mr.,Raymond398,Deandre599,DuBuque211,,,S,white,nonhispanic,M,Brewster  Massachusetts  US,847 Pollich Stravenue Apt 33,Easton,Massachusetts,Bristol County,,00000,42.04760711511717,-71.10620022636833,343942.97,191795.29,35771
2b8284d4-2963-2b9d-7951-957964e6503c,1995-06-10,,999-62-4367,S99988087,X70591439X,Mr.,Weston546,,Dietrich576,,,M,white,nonhispanic,M,Franklin  Massachusetts  US,720 Wehner Frontage road Apt 33,Winchendon,Massachusetts,Worcester County,25027,01475,42.666904294481746,-72.01071384822659,107429.14,46171.17,403919
29911451-3ef3-a442-c3ec-274b781c97ec,2025-09-01,,999-68-2994,,,,Emily542,Veronika907,O'Reilly797,,,,white,nonhispanic,F,East Bridgewater  Massachusetts  US,460 Parisian Port Unit 79,Boston,Massachusetts,Suffolk County,25025,02151,42.405458279546835,-71.09722306762326,2092.82,2539.23,113176
486f1c66-8094-ec82-406a-5009ede0d407,1992-09-22,,999-89-4062,S99915539,X82810815X,Mrs.,Misha8,,Turner526,,Bahringer146,M,asian,nonhispanic,F,Westport  Massachusetts  US,454 Gorczany Path Suite 95,Newton,Massachusetts,Middlesex County,25017,02458,42.391583553918686,-71.26334802231919,11398.41,754918.16,1630
58a7620d-8876-98a2-1fed-c2199972a9c5,1975-06-19,,999-36-1083,S99967448,X37723971X,Mr.,Jorge203,Francisco472,Guajardo157,,,M,black,hispanic,M,Bayamon  Puerto Rico  PR,267 Boyer Approach,Westfield,Massachusetts,Hampden County,25013,01085,42.14532946153018,-72.8049214813158,103157.76,14741.61,59883
3ed93eab-24ff-5fe1-92a0-8fa0c1b4a50b,1972-01-16,,999-22-4387,S99989883,X46654796X,Mrs.,Lai148,Caroline183,Turcotte120,,Pfeffer420,D,white,nonhispanic,F,Westport  Massachusetts  US,424 Mueller Crossroad Unit 63,Spencer,Massachusetts,Worcester County,25027,01562,42.29135633606389,-72.01800210966486,678654.48,114384.96,95180
db86869c-c24d-0733-fa6b-18902f5f688b,1966-05-24,,999-92-4095,S99976695,X56226680X,Mr.,Dino214,,Kulas532,,,M,white,nonhispanic,M,Bellingham  Massachusetts  US,529 Graham Loaf,North Brookfield,Massachusetts,Worcester County,25027,01535,42.311355759863496,-72.09184214803606,45298.41,514889.57,9524
de964bd0-de6e-7a3c-6f39-366e421eab9c,2010-03-27,,999-74-3387,S99989977,,,Arleen939,Eliana466,Hermann103,,,,white,nonhispanic,F,Methuen  Massachusetts  US,756 Carroll Rapid Suite 80,Norwood,Massachusetts,Norfolk County,25021,02062,42.2342127122505,-71.22331424923209,59269.88,2255.75,122181
f36d8a5d-e3c0-43aa-ef20-25049bb351a8,2022-05-29,,999-75-2387,,,,Karisa693,Loren192,Pacocha935,,,,hawaiian,nonhispanic,F,Fairhaven  Massachusetts  US,414 Kautzer Lock,Woburn,Massachusetts,Middlesex County,25017,01801,42.48159853342972,-71.16240907510377,9000.02,2958.62,41899
0e8d7de6-17ef-60f9-af74-53943521b147,1986-04-28,,999-39-5130,S99939696,X64386664X,Ms.,Buena501,Karol905,Wyman904,,,S,white,nonhispanic,F,Natick  Massachusetts  US,605 Schmidt Crossroad Unit 94,Swansea,Massachusetts,Bristol County,,00000,41.79535691617701,-71.18955053181116,144538.23,430415.37,29570
6a62335b-0144-1cec-b068-fd84e310a8fb,1961-07-26,,999-77-1341,S99935155,X73465843X,Mr.,Kurt412,Mitch821,Kuhic920,,,D,white,hispanic,M,Easton  Massachusetts  US,464 Emmerich Orchard Unit 72,Lawrence,Massachusetts,Essex County,25009,01843,42.69362986881464,-71.16213903508982,17395.46,970888.25,61687
9f433a02-7ff8-67aa-81cb-c5296049f3c9,1990-03-06,,999-42-6428,S99963291,X31358303X,Mr.,Reyes140,Arturo47,McKenzie376,,,M,white,nonhispanic,M,Lowell  Massachusetts  US,406 Ryan Crossroad Apt 91,Dedham,Massachusetts,Norfolk County,25021,02026,42.18006709587463,-71.24856053411453,474443.06,323297.50,87714
50c41051-eb92-5107-a373-d410ead40b5a,1983-05-15,,999-50-9614,S99987030,X74390120X,Mrs.,Hallie315,Grace552,Boyle917,,Zboncak558,D,white,nonhispanic,F,Framingham  Massachusetts  US,808 Mueller Junction Unit 45,Wakefield,Massachusetts,Middlesex County,25017,01880,42.48046211050049,-71.07557508945234,198744.41,1666444.57,143439
ced480d1-e654-82f5-74f4-7d38ce7b7829,2020-12-08,,999-40-1868,,,,Arnoldo445,Donnell534,Kutch271,,,,white,nonhispanic,M,Barnstable  Massachusetts  US,1015 Pagac Fork,Plymouth,Massachusetts,Plymouth County,25023,02360,41.94319527918254,-70.5854655721386,9416.79,413.94,48043
cb2502f1-39f5-eade-b2aa-55bca1ca0f27,2007-01-29,,999-34-1758,S99996956,,Ms.,Akiko835,Janie347,Auer97,,,,black,hispanic,F,Brookline  Massachusetts  US,584 Cronin Road Unit 37,Westborough,Massachusetts,Worcester County,25027,01581,42.31112651226189,-71.63233746225683,28919.32,27988.58,232199
92315860-d49e-6a75-43b0-fe94e6f780e3,2025-08-03,,999-67-5657,,,,Veronique514,Emily542,Flatley871,,,,black,nonhispanic,F,West Springfield  Massachusetts  US,730 Stiedemann Ferry Unit 56,Douglas,Massachusetts,Worcester County,,00000,42.04139629046773,-71.74118656701808,2138.95,2723.78,86424
a67223c1-9827-8b7d-a3fe-40572901baef,1933-10-24,,999-13-2788,S99942985,X55562733X,Mrs.,Corrine68,Else33,Eichmann909,,Johns824,M,white,nonhispanic,F,Pocasset  Massachusetts  US,1077 Hamill Gate,Dedham,Massachusetts,Norfolk County,25021,02026,42.21092475099963,-71.18746772816012,403957.43,175565.12,61499
bb832c68-8251-9eac-729c-dcf85b90de7b,1939-08-20,1990-11-20,999-20-5138,S99917249,X25308231X,Mr.,Stevie682,Tanner110,Kuvalis369,,,M,white,nonhispanic,M,Lancaster  Massachusetts  US,547 Lind Ramp,Stoneham,Massachusetts,Middlesex County,25017,02180,42.429208474475494,-71.1314938873747,135935.41,61615.43,53057
e49a5404-3322-8e66-c393-e3db2002ed55,1991-02-23,,999-21-7728,S99953861,X50795565X,Mr.,Benjamín452,Carlos172,Campos61,,,M,white,hispanic,M,San Jose  San Jose  CR,995 Gusikowski Port Suite 37,Fall River,Massachusetts,Bristol County,25005,02723,41.687861443828,-70.97448562980438,27608.03,74975.57,23966
4f55e5fc-cba2-34ff-a7c1-b5eab512a8ff,2020-06-01,,999-99-2022,,,,Oren284,Rocky100,Considine820,,,,white,hispanic,M,Brookline  Massachusetts  US,911 Abshire Avenue,Brockton,Massachusetts,Plymouth County,25023,02301,42.055959681060436,-71.02908418690022,14554.60,0.00,39498
bec616ee-27b1-9399-a6b5-9d94a58561fc,1982-10-18,,999-34-9489,S99916602,X2551741X,Mrs.,Tanja584,Nelia669,Veum823,,Schowalter414,M,white,nonhispanic,F,Quincy  Massachusetts  US,928 Orn Row Suite 67,South Ashburnham,Massachusetts,Worcester County,,00000,42.60604353948873,-71.903354651253,671775.89,55174.71,84628
5346bcbd-82be-29c3-7f03-90209aaffc89,1986-12-01,,999-59-6323,S99922234,X89895281X,Mr.,Tyrell880,,Zulauf375,,,M,black,nonhispanic,M,Taunton  Massachusetts  US,598 Lockman Haven,Boston,Massachusetts,Suffolk County,25025,02134,42.32119438963196,-71.10571135673014,9318.46,167986.70,9030
2ec4c48c-ce51-ab24-c58e-f90b1c726ce1,1972-01-22,,999-67-8568,S99913645,X4766916X,Mrs.,Chelsey293,Gaynelle249,Feeney44,,Volkman526,M,black,nonhispanic,F,Stoughton  Massachusetts  US,819 Glover Junction Suite 53,Boston,Massachusetts,Suffolk County,25025,02109,42.29910978711263,-71.15087505518387,11665.37,369310.71,12979
3fd9339b-67de-b36a-5fac-6e72b18a0322,1939-08-20,2003-12-20,999-54-4302,S99915495,X59518334X,Mr.,Rich940,Garth972,Weber641,,,M,white,nonhispanic,M,Lexington  Massachusetts  US,719 Lueilwitz Gate,Stoneham,Massachusetts,Middlesex County,25017,02180,42.51442240445922,-71.06242578022966,300383.15,1027687.70,53057
a77b27fc-50c5-9fce-4cc7-5ef37517b64f,1949-04-20,1996-07-12,999-43-1260,S99940506,X37369879X,Mr.,Ricky354,Augustus49,Huel628,,,M,white,nonhispanic,M,Plymouth  Massachusetts  US,787 Lowe Ramp,Peabody,Massachusetts,Essex County,25009,01940,42.523456102477134,-70.94027722138233,83853.84,0.00,45520
3ea7d090-a49f-1766-50f3-16c750b55054,1985-08-07,,999-44-6632,S99956378,X68511971X,Mrs.,Ruth999,Melina208,McLaughlin530,,Powlowski563,M,white,nonhispanic,F,Braintree  Massachusetts  US,700 Schoen Way Unit 64,Abington,Massachusetts,Plymouth County,25023,02351,42.15385985607194,-70.99896931545997,564399.79,865840.35,38343
5d026f95-f2a5-2938-0960-17e6cdafef10,1984-06-04,,999-87-8116,S99949599,X25737003X,Mrs.,Mireya881,Catarina933,Lesch175,,Lang846,D,white,nonhispanic,F,Dedham  Massachusetts  US,517 Jacobs Alley Suite 60,Boston,Massachusetts,Suffolk County,25025,02121,42.33875717063088,-71.16403953527606,108417.27,628909.75,655377
c44c511e-bbff-dbab-ebf1-166be98e5812,1989-01-16,,999-56-5913,S99935069,X77433798X,Mr.,Sonny285,Ali918,Kihn564,,,S,white,nonhispanic,M,Springfield  Massachusetts  US,542 Stiedemann Divide Suite 36,Wilbraham,Massachusetts,Hampden County,25013,01095,42.15048365238778,-72.46346203403374,117553.00,9060.28,71811
6c947c75-fe83-82a9-a5ef-cabdc2792bf4,1949-04-20,,999-98-7962,S99956030,X47389991X,Mr.,Lynwood354,Timothy142,Kovacek682,,,M,white,nonhispanic,M,Hopkinton  Massachusetts  US,389 Waters Branch,Peabody,Massachusetts,Essex County,25009,01960,42.55747224657457,-71.05317051290925,378070.43,715232.66,45520
5cd7c65e-0884-e853-af30-6f11d040ccef,1968-06-25,,999-60-1320,S99932806,X30993433X,Mr.,Efrain317,Royce974,Legros616,,,M,white,nonhispanic,M,Hamburg  Hamburg  DE,663 Wisoky Rue,Acushnet,Massachusetts,Bristol County,,00000,41.72827106660363,-70.91019400667693,122607.26,37177.33,97012
fe58107b-885f-f287-8f21-0ec55fc76657,1989-12-15,,999-57-3787,S99936489,X44217573X,Mr.,Elisha578,Johnathon489,Shields502,,,D,white,nonhispanic,M,Franklin  Massachusetts  US,631 Mann Street Apt 9,Athol,Massachusetts,Worcester County,25027,01331,42.53246969547295,-72.19667391003136,206673.44,77463.41,78785
2c0c1549-a287-615f-6951-59260f1b3b40,1939-08-20,2013-04-01,999-82-4053,S99962238,X39007565X,Mr.,Marshall526,,Schneider199,,,S,white,nonhispanic,M,Middleborough  Massachusetts  US,1077 Kris Skyway Unit 91,Stoneham,Massachusetts,Middlesex County,25017,02180,42.464584366862084,-71.09296351455545,680486.34,605529.17,53057
f1997119-52ca-0ade-9695-de989184eccf,1935-07-20,2008-08-12,999-26-4401,S99992431,X53303031X,Ms.,Bruna504,,O'Kon634,,,S,black,nonhispanic,F,Plymouth  Massachusetts  US,629 Boehm Ferry,Burlington,Massachusetts,Middlesex County,25017,01803,42.49015970505806,-71.26319626322719,432887.69,1532924.36,198754
38bdcba2-dc44-590c-326a-0fb618d33ce6,2013-01-02,,999-97-8581,,,,Josie226,Vanessa263,Wolf938,,,,white,nonhispanic,F,Boston  Massachusetts  US,228 Wisozk Street,Sharon,Massachusetts,Norfolk County,25021,02067,42.13934559361577,-71.16842133720135,43825.55,32056.37,41778
6d6fd6c5-b835-b213-471a-3f041801d9b2,1978-11-22,,999-28-1226,S99913159,X46724521X,Mr.,Coleman27,,Jast432,,,D,white,nonhispanic,M,North Scituate  Massachusetts  US,573 Eichmann Throughway Apt 46,Duxbury,Massachusetts,Plymouth County,25023,02332,42.03930163982156,-70.7535170806448,122013.93,6267.96,152845
e3538536-ceac-e2ac-7741-0f991e70ec38,1969-08-27,,999-79-4939,S99929841,X64115720X,Mr.,Dwight645,Armand155,Schamberger479,,,M,white,hispanic,M,Everett  Massachusetts  US,236 Hoeger Ranch,Lynnfield,Massachusetts,Essex County,25009,01940,42.55151165114668,-71.00516558076576,93292.74,112793.83,393855
b1a504e0-553f-d496-4a2f-7ce7a3a8f5a3,1974-11-20,,999-48-5547,S99970734,X88116343X,Mr.,Luke971,Bryan958,Paucek755,,,M,white,nonhispanic,M,New Bedford  Massachusetts  US,1066 Weissnat Union Apt 29,Easton,Massachusetts,Bristol County,,00000,42.03881031275707,-71.06208637450752,8790.09,112707.94,20461
76c1f1bc-9a45-da0c-a2ab-328def659c8e,1993-10-19,,999-96-8655,S99983930,X61143728X,Mr.,Chance908,Alphonso102,Jacobi462,,,M,white,nonhispanic,M,Mansfield  Massachusetts  US,142 Hagenes Knoll,Arlington,Massachusetts,Middlesex County,25017,02474,42.463651080415936,-71.2010221056071,61816.99,1009.07,763406
480de919-4951-1839-4249-821b9ef4f644,1983-01-19,,999-80-6854,S99935250,X49415550X,Mrs.,Nora0,Berry486,Rogahn59,,Shanahan202,M,white,hispanic,F,Dedham  Massachusetts  US,668 Predovic Street Apt 29,Beverly,Massachusetts,Essex County,25009,01915,42.61109709957589,-70.90775712542816,194411.56,608723.19,25502
17a930ce-6ef7-09aa-5e1d-91b3d9b6ed95,1939-08-20,1996-12-22,999-59-3684,S99996927,X78939501X,Mr.,Landon622,Ezekiel373,Hilpert278,,,S,white,nonhispanic,M,Abington  Massachusetts  US,1098 Strosin Ramp Unit 49,Stoneham,Massachusetts,Middlesex County,25017,02180,42.51848352221175,-71.11726944413242,224418.70,63869.48,53057
0d347b70-6900-2c5d-2deb-6d72090edcfc,1935-07-20,,999-10-8760,S99927211,X30812370X,Mrs.,Joanie498,Linda558,Douglas31,,Feil794,M,black,nonhispanic,F,Dalton  Massachusetts  US,905 Zemlak Burg,Burlington,Massachusetts,Middlesex County,25017,01730,42.490982849816376,-71.2352149067808,257890.40,655785.70,198754
8c5b31f7-cd6a-a1c6-51ee-bbde18437639,1970-05-01,2013-02-20,999-25-4955,S99911944,X83961827X,Mrs.,Tesha491,Marisa391,Parker433,,Yost751,D,white,nonhispanic,F,Worcester  Massachusetts  US,951 Stoltenberg Mill,Barnstable,Massachusetts,Barnstable County,25001,02672,41.629376337094875,-70.39009318076829,19404.58,969239.92,19204
e13d9e22-f909-092a-ecde-b762afa0ded7,1997-01-26,,999-31-7461,S99979962,X71157057X,Mr.,Doug189,Enoch803,Smith67,,,M,white,nonhispanic,M,Essex  Massachusetts  US,729 Hagenes Trail,Middleborough,Massachusetts,Plymouth County,,00000,41.84988721277603,-70.85491777578136,48841.58,22391.65,71346
4d59c4c4-8489-c5c7-a686-da4bd2c90168,1952-01-23,,999-67-7379,S99910652,X50719528X,Ms.,Shizuko29,Brandon214,Larson43,,,S,white,nonhispanic,F,Lawrence  Massachusetts  US,234 Corwin Common Suite 85,Duxbury,Massachusetts,Plymouth County,25023,02332,41.99598701093365,-70.73864926588705,471955.97,258052.01,47894
d34652ce-5106-2386-fd81-40e1778f8a09,2009-08-21,,999-70-8650,S99949826,,,Delena885,,Kiehn525,,,,white,nonhispanic,F,Hingham  Massachusetts  US,150 Effertz Crossroad Unit 50,Ashland,Massachusetts,Middlesex County,,00000,42.211002743619964,-71.47623624457125,56888.94,43395.97,995883
0513c505-0461-4ac9-2f0f-cb63403e1f26,1970-05-01,,999-14-1202,S99928663,X45940412X,Ms.,Alisia5,Neda956,Metz686,,,S,white,nonhispanic,F,Uxbridge  Massachusetts  US,403 Streich Loaf Unit 11,Barnstable,Massachusetts,Barnstable County,25001,02632,41.668620187331456,-70.37626400940658,23102.03,1022191.83,19204
faef1598-cf9d-32d8-0902-9f5898c67d17,1939-08-20,,999-48-4880,S99939665,X16955576X,Mr.,Jim478,Armand155,Rath779,,,M,white,nonhispanic,M,Fitchburg  Massachusetts  US,610 Morar Rest Suite 95,Stoneham,Massachusetts,Middlesex County,25017,02180,42.454322448484646,-71.06782881456797,209996.21,481955.30,53057
693e3d92-807c-8a0e-bd66-eae19a3f593f,1989-10-25,,999-11-8967,S99927123,X23677315X,Mr.,Robin66,Rodolfo763,Lindgren255,,,M,white,nonhispanic,M,Bedford  Massachusetts  US,1066 Sporer Union Apt 14,Fall River,Massachusetts,Bristol County,25005,02747,41.74977464492569,-71.13717243168098,70323.79,0.00,42283
38ffb710-2b84-b64c-104e-1d4644dd032c,2021-06-25,,999-20-2376,,,,Elodia940,Vonnie403,Zulauf375,,,,black,hispanic,F,Great Barrington  Massachusetts  US,1064 Bartoletti Burg Suite 65,Boston,Massachusetts,Suffolk County,25017,02467,42.277528693710494,-71.16946155718252,10008.64,10874.49,90224
838b6191-a0f2-ef7e-0e45-5a96b3d63929,1979-06-16,1984-06-06,999-25-6470,,,,Branden904,Johnie961,Boyer713,,,,asian,nonhispanic,M,Daegu  Daegu  KR,522 Lowe Spur,Norwood,Massachusetts,Norfolk County,25021,02062,42.17756694366678,-71.14996666647941,20175.51,0.00,73398
2f12c27b-9476-5da7-2256-46bfff9ece44,1955-09-02,2016-08-11,999-56-9106,S99943323,X7010460X,Mr.,Gilberto712,,Arevalo970,,,W,white,hispanic,M,Wesley  Saint Andrew Parish  DM,443 Maggio Boulevard,Worcester,Massachusetts,Worcester County,25027,01604,42.29355386611649,-71.7716107156012,65609.30,869595.61,932395
175bfa1c-35df-806d-a831-bde69c6da199,1979-06-16,,999-19-5959,S99931870,X14280544X,Mr.,Xavier983,,Frami345,,,D,asian,nonhispanic,M,Busan  Busan  KR,967 Goldner Ranch Suite 36,Norwood,Massachusetts,Norfolk County,25021,02062,42.207935015296066,-71.230156620502,546125.84,262094.05,73398
35f1f802-2e62-5b96-53bc-e4aee2850679,1948-08-27,,999-60-6914,S99972272,X22791977X,Mrs.,Jessenia588,,Eichmann909,,Pacocha935,D,asian,nonhispanic,F,Longmeadow  Massachusetts  US,460 Monahan Dam Suite 80,Boston,Massachusetts,Suffolk County,25025,02130,42.283542629804295,-71.05280313407876,24128.86,720152.39,1859
f793d328-8282-af81-3087-a85c8bb3a2ae,1969-08-28,,999-66-1267,S99924334,X78104456X,Mrs.,Sarita454,Vilma125,Lubowitz58,PhD,Leffler128,M,white,nonhispanic,F,Northborough  Massachusetts  US,146 Schuster Underpass,Boston,Massachusetts,Suffolk County,25025,02136,42.39148276552763,-71.05070578442395,218040.44,481455.25,123046
561a78c6-c00b-534f-9455-ec68a04bc6d8,2021-10-11,,999-56-7224,,,,Bette450,Yasmine182,Reynolds644,,,,white,nonhispanic,F,Worcester  Massachusetts  US,999 Klein Viaduct,Brookline,Massachusetts,Norfolk County,25021,02445,42.30138704798024,-71.17530082019812,550.00,11041.44,18453
58f360b4-2544-7dd5-0841-809dbe6c03ee,2017-06-25,,999-98-1783,,,,Shanika235,Albertha209,Cormier289,,,,black,nonhispanic,F,Boston  Massachusetts  US,338 Lemke Fork,Stoneham,Massachusetts,Middlesex County,25017,02180,42.42532779817252,-71.07346088693961,14898.14,15029.19,92984
3f0ce6ff-744b-38d2-70d4-873e26491ac7,1955-09-02,,999-63-8570,S99932484,X38223665X,Mr.,Jesús825,Timoteo39,Espino352,,,M,white,hispanic,M,Wesley  Saint Andrew Parish  DM,1052 Abshire Center,Worcester,Massachusetts,Worcester County,25027,01607,42.33146285723221,-71.87270203999356,271643.25,914224.59,932395
1272a497-0259-5c29-eaca-a838d62f0ee2,1981-03-09,,999-36-1904,S99990019,X57094299X,Mr.,Arlie183,Palmer257,Robel940,,,M,white,nonhispanic,M,Boston  Massachusetts  US,220 Hilll Hollow,Framingham,Massachusetts,Middlesex County,25017,01702,42.236010138242314,-71.45689776776804,118436.60,16434.18,55735
e4b92f41-271e-24cf-6ffe-6786207ea2ed,1973-08-30,,999-13-7667,S99952761,X10847151X,Mr.,Damion480,Rogelio17,DuBuque211,,,M,asian,hispanic,M,Duxbury  Massachusetts  US,732 Hahn Lane Suite 63,Cambridge,Massachusetts,Middlesex County,25017,02140,42.354890041707016,-71.08331270952755,587753.66,372604.73,94646
e6c5ff51-a66c-7133-9ffb-aa473e68c20c,1995-05-04,,999-12-9252,S99962230,X24272775X,Mr.,Abram53,Monty345,Olson653,,,M,white,nonhispanic,M,Gloucester  Massachusetts  US,256 Farrell Fort,Spencer,Massachusetts,Worcester County,25027,01562,42.232666657291446,-71.98179579413748,93938.71,17203.34,78670
57b28404-9fc3-3151-9231-116cdc20180b,1962-07-19,,999-88-6476,S99991477,X89589898X,Mr.,Lorenzo669,,Garibay313,,,D,white,hispanic,M,Puebla  Puebla  MX,610 Kuphal Neck Suite 90,Douglas,Massachusetts,Worcester County,,00000,42.03113543995733,-71.71225541301082,139230.54,51849.23,173485
86cd54d9-54fa-0ab4-3647-34b60147e02e,2001-06-27,,999-36-7737,S99976115,X78952754X,Mr.,Ted955,Bobby524,Batz141,,,,white,nonhispanic,M,Everett  Massachusetts  US,1004 Weimann Port Apt 8,North Amherst,Massachusetts,Hampshire County,25015,01059,42.432199179968606,-72.55103854728482,95206.56,96674.81,100169
4037a69c-cd89-ac20-cfea-3f634a33a57c,1993-02-03,,999-96-8378,S99968952,X54991801X,Ms.,Hermine424,Deloras136,Okuneva707,,,S,white,nonhispanic,F,Chelsea  Massachusetts  US,553 Weimann Ramp,Revere,Massachusetts,Suffolk County,25025,02151,42.45230074732347,-71.00161228656978,141720.61,1080918.87,92296
aa395d18-7495-6bbc-3736-b83677f8ac18,1998-11-25,,999-41-1166,S99936249,X74231558X,Mr.,Filiberto722,,Vandervort697,,,,white,hispanic,M,Holbrook  Massachusetts  US,452 Dibbert Key,Revere,Massachusetts,Suffolk County,25025,02151,42.41423839456097,-70.95221622784823,62663.58,3312.71,167835
8e300372-c523-88d9-53ec-3dd0c47bfde9,1999-09-28,,999-19-2630,S99980529,X8134318X,Ms.,Hulda44,Genny123,Hand679,,,,white,nonhispanic,F,Lynn  Massachusetts  US,586 Lubowitz Crossroad,Weston,Massachusetts,Middlesex County,,00000,42.33134756234868,-71.25378542295346,96935.01,24688.56,53140
883e1d09-29a1-43bf-94ed-6ce990742c6a,1974-08-27,,999-22-3308,S99996668,X26862383X,Mr.,Tony646,Federico589,Gusikowski974,,,M,black,nonhispanic,M,Falmouth  Massachusetts  US,421 Flatley Wall Unit 42,Billerica,Massachusetts,Middlesex County,,00000,42.52950549821713,-71.24117827310552,157956.10,0.00,54524
3fd27ce7-9930-85e6-65b5-df03c0328a5a,2020-03-16,,999-61-3986,,,,Bryce11,Laurence43,Bernier607,,,,white,nonhispanic,M,Wakefield  Massachusetts  US,931 Bashirian Landing,Lynn,Massachusetts,Essex County,25009,01904,42.449051422753044,-70.91934356325764,1027.73,12945.40,12814
12c93a4a-71e9-6db3-b7be-d587255bb426,2005-10-15,,999-15-5038,S99979923,X40189719X,Ms.,Gennie418,Herminia75,Windler79,,,,white,nonhispanic,F,Springfield  Massachusetts  US,315 Schamberger Manor Unit 48,Bourne,Massachusetts,Barnstable County,25001,02532,41.7507542795638,-70.59012605020693,4145.86,82014.69,10529
4857423b-83fd-4d58-367e-0752e8fac0f7,2026-05-27,,999-76-1197,,,,Will178,Alva958,Ankunding277,,,,white,nonhispanic,M,Springfield  Massachusetts  US,355 Bosco Alley Suite 82,Haverhill,Massachusetts,Essex County,25009,01832,42.75788401437832,-71.05055587622664,100.00,247.38,28378
1eef5b39-4bae-b9f5-09d7-572ac8bc3282,1998-06-21,,999-45-9303,S99922062,X69188141X,Ms.,Tanya49,,Rau926,,,,white,nonhispanic,F,Boston  Massachusetts  US,845 Trantow Mall,Sudbury,Massachusetts,Middlesex County,,00000,42.366438999700385,-71.4069840712714,126088.69,363266.68,150512
ac842f55-2cb0-d3d7-b65e-d2ccbf7d49e0,1976-02-09,,999-88-6406,S99936226,X25787986X,Mr.,Austin578,Wallace647,Beier427,,,M,asian,nonhispanic,M,Cantho  Cần Thơ  VN,160 Wintheiser Avenue Suite 32,Concord,Massachusetts,Middlesex County,,00000,42.45683756699819,-71.3294953642238,77977.12,119417.92,242694
a0bd1388-6fd1-6f64-c950-a3d550dc67f9,1994-05-09,,999-33-7693,S99941966,X4384917X,Mr.,Darrell400,Willis868,Gleason633,,,M,white,nonhispanic,M,Haverhill  Massachusetts  US,382 Ritchie Rapid,Carlisle,Massachusetts,Middlesex County,,00000,42.53088929580868,-71.36589330474735,69938.83,31433.01,120132
644e5198-c24a-f13d-5e2e-7f9eb957921e,1984-11-18,,999-10-4859,S99954701,X84294350X,Ms.,Yadira684,Aurore252,Tremblay80,,,S,white,nonhispanic,F,Stow  Massachusetts  US,536 Kohler Burg Apt 34,New Bedford,Massachusetts,Bristol County,25005,02744,41.75502990920405,-70.91521408775615,165086.31,0.00,101025
1ee1caef-f166-af37-bbe5-41481566baa3,1995-12-06,,999-29-6360,S99935899,X13031980X,Mrs.,Camie739,Temple691,Larkin917,,Rodriguez71,M,black,nonhispanic,F,Fitchburg  Massachusetts  US,445 Kuhn Brook,Boston,Massachusetts,Suffolk County,25025,02124,42.350796381178405,-71.19774894209817,87800.02,230524.94,24204
4675ee50-9e04-68d2-8f6c-f2d96d5aec29,2015-05-02,,999-74-1909,,,,Mickey576,,Marks830,,,,asian,nonhispanic,M,Boston  Massachusetts  US,954 Metz Parade Apt 62,Middleborough,Massachusetts,Plymouth County,,00000,41.84276607556702,-70.90437748889644,1657.44,24024.09,4401
c74c9a2d-703b-0625-65d8-c5d690d1372f,1973-02-10,,999-45-4208,S99954450,X68992521X,Mr.,Lou594,Malcom15,McGlynn426,,,M,white,hispanic,M,Cambridge  Massachusetts  US,688 Terry Overpass Suite 72,Boston,Massachusetts,Suffolk County,25025,02114,42.37435486043993,-71.10897489566219,127485.23,35299.71,476564
fec668d1-b79d-91c2-21d7-48f863c86020,1923-07-21,,999-17-1768,S99979663,X66150076X,Ms.,Gala823,Tesha491,Auer97,,,S,white,nonhispanic,F,Falmouth  Massachusetts  US,213 Wyman Neck,Melrose,Massachusetts,Middlesex County,25017,02176,42.472806697081474,-71.08628987689944,389857.02,929876.90,145689
60dfebf4-c720-63b7-1e93-40111fc89e79,1945-02-26,2017-07-23,999-16-5616,S99959994,X12020444X,Mr.,Jesse626,Kim439,Schneider199,,,M,white,nonhispanic,M,Methuen  Massachusetts  US,411 Walker Village,Cambridge,Massachusetts,Middlesex County,25017,02139,42.3194457537307,-71.12905906050392,210690.86,98152.24,41231
dd35cffa-20c6-2811-706c-61fb896a42f9,1980-04-29,,999-57-2718,S99987439,X24699361X,Mr.,Glen190,Val761,Harvey63,,,S,white,nonhispanic,M,Norwood  Massachusetts  US,161 Rogahn Forge,West Tisbury,Massachusetts,Dukes County,,00000,41.43674651592207,-70.62573758641767,98750.66,19468.58,63128
c36c6033-8449-080b-3e23-67bcc5782ba8,1979-10-15,,999-27-9974,S99950447,X39810471X,Mr.,Williams176,,Jacobs452,,,M,black,nonhispanic,M,Holden  Massachusetts  US,658 Rau Manor,Boston,Massachusetts,Suffolk County,25025,02110,42.37180014852547,-71.06274311635478,185121.04,606523.74,180122
dc803421-63b6-301a-1b8c-3c8343fe888e,1988-10-26,,999-43-3569,S99921972,X75121567X,Mr.,Hugo693,Miguel815,Naranjo39,,,M,white,hispanic,M,Tegucigalpa  Francisco Morazán  HN,727 Carter Boulevard Apt 90,Lawrence,Massachusetts,Essex County,25009,01841,42.72866729713763,-71.15461541298288,398851.11,350835.47,45649
9a2700a0-c219-210e-442f-eeec60a70c96,1995-05-09,,999-92-6862,S99935362,X11927010X,Mrs.,Margrett284,Etsuko685,Little434,,Prohaska837,M,white,nonhispanic,F,Fall River  Massachusetts  US,911 Fisher Mill,Yarmouth,Massachusetts,Barnstable County,,00000,41.63061715744085,-70.1778896126346,194043.10,516188.96,42406
41c644ba-101d-f7b0-731f-00a64dfa44e2,1972-08-02,,999-28-6702,S99955529,X55266588X,Mrs.,Isabel214,Sara501,Benavídez820,,Frías523,M,white,hispanic,F,Gaudalajara  Jalisco  MX,968 O'Keefe Well Unit 73,Lynn,Massachusetts,Essex County,25009,01906,42.43984485045639,-70.94310810828094,253064.40,192182.24,62311
487e50ca-2273-e382-d74e-611e4a99ad6d,1969-11-28,,999-55-6764,S99953062,X87742003X,Mr.,Judson999,Glenn0,Zboncak558,,,S,white,nonhispanic,M,Medway  Massachusetts  US,186 O'Hara Forge,Tyngsborough,Massachusetts,Middlesex County,,00000,42.697957784416566,-71.43600979178483,248693.97,44364.57,97621
e3de2058-acb3-b445-c633-6ce2cad299a2,1945-02-26,,999-83-9118,S99924068,X33738701X,Mr.,Tyron580,,Turcotte120,,,D,white,nonhispanic,M,Burlington  Massachusetts  US,372 Jenkins Road Suite 42,Cambridge,Massachusetts,Middlesex County,25017,02141,42.314861698628526,-71.12179980073019,171535.59,199942.66,41231
56c1655a-51a8-7849-7faf-5eea1c0c2e62,1996-10-03,,999-28-7473,S99944483,X71646975X,Ms.,Babara869,Belkis212,Schmitt836,,,S,black,nonhispanic,F,Barnstable  Massachusetts  US,1059 Von Gardens,Brookline,Massachusetts,Norfolk County,25021,02446,42.30633634833097,-71.16092072641501,80425.92,103944.67,328699
24e2bc3d-7e6e-4071-d8fe-94ec840adffb,1996-08-29,,999-40-4212,S99943753,X26149793X,Mr.,Nestor901,Eldridge510,Hilpert278,,,M,white,nonhispanic,M,Milford  Massachusetts  US,564 O'Keefe Byway,Woburn,Massachusetts,Middlesex County,25017,01801,42.473356911774026,-71.13090368351216,56130.83,11454.80,50542
913503e4-ed19-2474-73cb-faa365961719,1981-01-29,,999-26-7704,S99983816,X34241707X,Mrs.,Petra678,Sherlyn657,Brakus656,,Kuphal363,M,white,nonhispanic,F,Bourne  Massachusetts  US,385 Huel Tunnel,Quincy,Massachusetts,Norfolk County,25021,02171,42.25011964827481,-70.97311737218406,13421.34,632197.44,22308
57699765-9fb1-4006-5543-e1a8a86ff36e,2009-04-17,,999-92-9812,S99991702,,,Santos184,Cordell41,Sporer811,,,,black,nonhispanic,M,Boston  Massachusetts  US,842 Mosciski Rapid Suite 17,Chicopee,Massachusetts,Hampden County,25013,01020,42.19164774140889,-72.56395142351094,35683.82,635.98,88173
b75d60c7-676c-4fd0-5342-3aca2e400ec4,2012-11-07,,999-10-1056,,,,Lavona767,Elois418,Donnelly343,,,,white,nonhispanic,F,Worcester  Massachusetts  US,683 Beier Run,Oak Bluffs,Massachusetts,Dukes County,,00000,41.49859247250233,-70.586124042577,134394.71,0.00,106560
962953b2-ae25-d7f8-3d9a-ba3059370946,2007-10-31,,999-79-4759,S99910987,,Ms.,Renda520,Albina13,Howe413,,,,white,nonhispanic,F,Brookline  Massachusetts  US,798 Kutch Ferry Suite 85,Springfield,Massachusetts,Hampden County,25013,01104,42.07020628652312,-72.4516390533067,78480.61,8216.48,108087
b0476b2d-6216-9ef4-5496-ca5a008f1148,1985-11-30,,999-31-9364,S99923908,X59510593X,Mrs.,Lavonia8,,Friesen796,,Lehner980,M,white,nonhispanic,F,Springfield  Massachusetts  US,719 Halvorson Rest Suite 35,Woods Hole,Massachusetts,Barnstable County,25001,02543,41.488463211682195,-70.76779875486864,227433.31,534732.49,590050
21657791-f26f-0fe6-23f2-ac4797fcbb4b,2022-06-18,,999-14-8781,,,,Avril120,,Yost751,,,,black,nonhispanic,F,Worcester  Massachusetts  US,814 Cormier Branch,Brookfield,Massachusetts,Worcester County,25027,01506,42.22230196217328,-72.09564441124233,8077.63,8982.52,552341
9e1127ed-ff3f-3040-5c7f-3346b956d34b,1983-08-27,,999-22-7423,S99947976,X44746848X,Mrs.,Kena893,Marielle507,Schuster709,,Monahan736,M,white,nonhispanic,F,Pittsfield  Massachusetts  US,462 Marks Pathway Unit 70,Everett,Massachusetts,Middlesex County,25017,02149,42.44951893226413,-71.01297374722061,584283.57,235.27,81409
374d6eb5-d274-630a-3087-8dcb870d9600,1989-08-15,,999-47-1409,S99920647,X56846007X,Mrs.,Davida245,Casey401,Stoltenberg489,,Emmerich580,M,white,nonhispanic,F,Boston  Massachusetts  US,476 McClure Ranch Apt 49,Lynn,Massachusetts,Essex County,25009,01940,42.430828774009,-70.98786927736622,23258.74,1197384.39,12236
1a6f0932-b4e8-1c47-2d3f-564571f6c948,2015-04-07,,999-31-8064,,,,Cornelius968,,Barrows492,,,,white,hispanic,M,New Bedford  Massachusetts  US,664 O'Conner Trace Apt 48,Chicopee,Massachusetts,Hampden County,25013,01020,42.150334819981566,-72.56739510282857,3599.90,37827.11,1841
34fec098-74b7-3b1e-621c-22615705628d,1969-02-03,,999-99-1615,S99922535,X2303851X,Mr.,Rosendo998,Eliseo499,Nader710,,,M,white,hispanic,M,Boston  Massachusetts  US,657 Thiel Grove,Haverhill,Massachusetts,Essex County,25009,01835,42.83986383080594,-71.11511598703349,415400.97,550423.06,66038
ca08f8f0-9a3e-e655-de9e-8b175bc8a282,1986-01-21,,999-91-3707,S99947418,X69547451X,Mr.,Russ979,Lyndon118,Fritsch593,,,M,white,nonhispanic,M,Pittsfield  Massachusetts  US,300 Yundt Trail Suite 39,Boston,Massachusetts,Suffolk County,25025,02109,42.308707005000365,-71.09914909500127,412739.58,293727.67,73855
3b7607ef-977d-ce7a-d2c7-d8ae39f75c46,2001-11-24,,999-91-3568,S99959623,X7549610X,Ms.,Daria61,Denice974,Beahan375,,,,black,nonhispanic,F,Walpole  Massachusetts  US,239 Corwin Plaza Suite 72,Hingham,Massachusetts,Plymouth County,25023,02043,42.23267698469822,-70.86689941563544,6285.01,205640.26,12761
9e388e51-44d4-7a00-11f3-5c11e6551da9,2010-02-16,,999-20-8937,S99925841,,,Lita714,Francine922,Wisozk929,,,,white,nonhispanic,F,Canton  Massachusetts  US,266 Durgan Knoll Suite 11,Boston,Massachusetts,Suffolk County,25025,02113,42.39949876919729,-70.97916452926917,29281.00,31912.34,129568
19d0bc32-ad9d-16b5-4e3d-0d4df27525a1,2004-05-20,,999-72-9829,S99966794,X36504473X,Ms.,Marisol435,Maricarmen445,Palomino953,,,,white,hispanic,F,Gaudalajara  Jalisco  MX,642 Durgan Underpass Suite 22,Worcester,Massachusetts,Worcester County,25027,01608,42.22716680219526,-71.77823003755373,69478.15,163033.18,115574
367f4613-aa7e-d80f-34ae-aa2f912dc200,1995-01-08,,999-54-1596,S99977653,X26340803X,Mr.,Bernie827,Felton646,McKenzie376,JD,,M,white,nonhispanic,M,Easthampton  Massachusetts  US,826 Kshlerin Throughway,Braintree,Massachusetts,Norfolk County,25021,02184,42.227457463813124,-71.01446146201025,81463.39,65097.94,99478
1187ac59-76a3-c193-3f25-a0b96a246117,1967-12-17,,999-40-9069,S99975274,X41060803X,Mr.,Diego848,Lynn917,Kassulke119,,,M,black,nonhispanic,M,Newton  Massachusetts  US,743 Buckridge Fork,Whitman,Massachusetts,Plymouth County,,00000,42.06115348996338,-70.94273817507755,205022.18,585569.90,121719
471c92fd-94bc-c7a7-1809-cadeccba72dd,1981-06-22,,999-11-4590,S99923073,X79076393X,Mr.,Chi716,Linwood526,Wisozk929,,,M,white,nonhispanic,M,Braintree  Massachusetts  US,125 Haag Trace,Norton,Massachusetts,Bristol County,,00000,41.922362421282905,-71.23166300077548,97965.03,89810.02,32347
e69f2039-65fd-4946-e6e5-133413d17000,1970-06-20,,999-42-7935,S99970004,X57420975X,Ms.,Jeanene972,,Ledner144,,,S,white,nonhispanic,F,Somerville  Massachusetts  US,488 Reichert Drive Unit 63,Chelmsford,Massachusetts,Middlesex County,,00000,42.59513570059414,-71.3308960622677,66267.30,171646.71,186120
bfabc953-9e75-3738-4f2a-2804170b4400,2011-04-30,,999-71-5260,,,,Sherita708,Anamaria46,McKenzie376,,,,white,nonhispanic,F,Pembroke  Massachusetts  US,845 Watsica Vista Apt 72,Swansea,Massachusetts,Bristol County,,00000,41.80664108425512,-71.23542286781607,6384.68,44328.53,80863
80038aa6-255d-39cb-915f-434b11b078f5,1967-10-30,,999-52-4343,S99958903,X22230094X,Mr.,Jesse626,Garth972,Nienow652,,,W,white,nonhispanic,M,Wilbraham  Massachusetts  US,358 Haley Byway,Granville,Massachusetts,Hampden County,,00000,42.06614073364854,-72.9336901816785,144228.30,59895.94,28643
b47303c2-9e23-7d3d-8217-7d807ebf1950,1950-12-28,,999-33-7754,S99968647,X31263372X,Mr.,Jeff859,Jeff859,Simonis280,,,S,white,nonhispanic,M,Chelmsford  Massachusetts  US,655 Goodwin Light,North Attleborough,Massachusetts,Bristol County,,00000,41.95858463434625,-71.31954290568218,336438.00,1237735.90,26253
4c42b04d-8fa8-c8a3-cb14-d2d8a95dcb07,1988-01-01,2020-04-24,999-25-2614,S99963966,X13873816X,Ms.,Opal236,,Tillman293,,,S,asian,nonhispanic,F,Hong Kong  Hong Kong Special Administrative Region  CN,595 Jakubowski Underpass,Boston,Massachusetts,Suffolk County,25025,02125,42.23909711019353,-71.1786455791229,14869.99,329692.55,6575
6d73178f-f1d9-1042-9488-590d59ea8d85,1988-03-29,,999-82-1333,S99957580,X45013992X,Mrs.,Jeana169,Elly836,Von197,,Gerlach374,M,white,nonhispanic,F,Cambridge  Massachusetts  US,763 Fahey Extension Unit 73,Holden,Massachusetts,Worcester County,,00000,42.36492766295531,-71.83605369637077,959137.94,511726.18,50933
546a18f6-aa49-e039-71c1-4b0216dab4fd,1988-01-01,,999-33-3131,S99978372,X22080782X,Ms.,Larraine124,Sherlyn657,Hintz995,,,S,asian,nonhispanic,F,Hong Kong  Hong Kong Special Administrative Region  CN,972 Rice Boulevard,Boston,Massachusetts,Suffolk County,25025,02119,42.3218354589937,-71.20167764328687,12075.11,676843.53,6575
b780e784-dfd2-c976-3a84-4f6e2cdf82f7,1943-03-17,,999-95-8135,S99955917,X11260944X,Mr.,Ken316,,Wehner319,,,M,white,nonhispanic,M,Easton  Massachusetts  US,339 O'Hara Well,Tewksbury,Massachusetts,Middlesex County,,00000,42.588227993410314,-71.25451410607937,124540.14,790062.07,591583
012e4498-be31-7064-6820-1607cd69e82b,1994-08-23,,999-37-1731,S99937825,X4331506X,Mr.,Gustavo235,,Casper496,,,S,asian,nonhispanic,M,Worcester  Massachusetts  US,108 Rogahn Corner Apt 89,Boston,Massachusetts,Suffolk County,25025,02121,42.25365495746171,-71.05970353703266,9681.41,699352.28,6526
bed242db-e94b-e465-1743-e8b7e86a1440,2001-10-11,,999-58-9581,S99936811,X55602332X,Mr.,Mohamed943,Denver542,Rice937,,,,white,nonhispanic,M,Marshfield  Massachusetts  US,164 Abshire Walk Unit 82,Somerset,Massachusetts,Bristol County,25005,02726,41.79721758403109,-71.1708572154461,60063.80,12800.35,123088
41f45194-b271-cfea-f08e-dd473a9fa33d,1998-06-12,,999-61-5115,S99982385,X66524916X,Mr.,Jacinto644,Bertram873,Batz141,,,S,white,nonhispanic,M,Stoneham  Massachusetts  US,298 Huels Boulevard,Everett,Massachusetts,Middlesex County,25017,02149,42.47229211472884,-71.03115802498957,108851.31,153007.46,82122
6da2379b-9377-1920-2251-fb8b4b0fd505,1994-04-26,,999-26-4936,S99962293,X82104084X,Mrs.,Enola75,Myesha901,Rolfson709,,Kris249,M,white,nonhispanic,F,Boston  Massachusetts  US,597 Zulauf Plaza,Framingham,Massachusetts,Middlesex County,25017,01702,42.305541892464994,-71.4243911873289,177492.33,596471.21,79460
801e0f4f-c3a0-a732-4e85-ff1b2dac2f60,1998-09-29,,999-74-1630,S99911313,X42083170X,Ms.,Christi444,,Hilpert278,,,,white,nonhispanic,F,Needham  Massachusetts  US,961 Hahn Light Suite 91,Natick,Massachusetts,Middlesex County,,00000,42.32837785108255,-71.38541108450558,127825.57,446117.37,173906
3ed3da9a-772e-9c5e-1681-36af86a6ee8d,2006-04-05,,999-89-5891,S99924643,X46736038X,Ms.,Hallie315,Cathryn51,Nienow652,,,,white,nonhispanic,F,Somerville  Massachusetts  US,535 Flatley Plaza Suite 95,East Falmouth,Massachusetts,Barnstable County,25001,02536,41.63239953473464,-70.60287097226478,76395.65,23827.80,83829
3162d4fc-91c8-2d0c-a9e2-062ded7b4a64,1984-02-01,,999-38-7099,S99935125,X45494410X,Mrs.,Shaniqua618,Mickie472,Durgan499,,Pouros728,M,black,nonhispanic,F,New Bedford  Massachusetts  US,107 Hayes Port Unit 84,Natick,Massachusetts,Middlesex County,,00000,42.30448759613556,-71.36964354592591,705487.83,100382.37,91216
3bc3f6fb-3404-41a0-e034-1c51c7fd1599,2010-05-05,,999-35-1724,S99916763,,,Dexter530,Sylvester827,Lesch175,,,,white,nonhispanic,M,East Bridgewater  Massachusetts  US,931 Bednar Brook Suite 95,Lynn,Massachusetts,Essex County,25009,01901,42.49345002222044,-70.94858960439899,5386.51,430424.90,20867
c052e242-c911-c324-110e-024e60ecef9a,2014-04-24,,999-49-3133,,,,Angeline97,Christeen33,Heidenreich818,,,,native,nonhispanic,F,Medway  Massachusetts  US,734 Carroll Stravenue Unit 83,Salem,Massachusetts,Essex County,25009,01970,42.45519355147504,-70.85161546243857,40147.07,0.00,102439
6aa8af98-fd25-9920-12ca-49a71ecfcbba,2020-03-05,,999-40-3074,,,,Wan724,Lisette854,Roob72,,,,white,nonhispanic,F,Acushnet Center  Massachusetts  US,1061 Ortiz Lodge,Rehoboth,Massachusetts,Bristol County,,00000,41.857574271974066,-71.22814227318142,13804.51,0.00,49308
54d36bc1-0e8c-8515-f05e-18225ec1bf67,2000-04-23,,999-96-3929,S99980391,X26051645X,Mr.,Bertram873,Denis399,O'Connell601,,,,white,nonhispanic,M,Fitchburg  Massachusetts  US,461 Cummerata Village,Winchester,Massachusetts,Middlesex County,25017,01890,42.47841429715215,-71.11079061710876,127175.42,564214.47,850321
7f3f5b7c-8b27-23b7-f76c-97511f717e54,1987-05-14,,999-79-9972,S99928294,X63461361X,Mrs.,Marleen824,Bettye671,Hudson301,,Herman763,M,white,nonhispanic,F,Webster  Massachusetts  US,254 Pagac Fort Apt 35,Peabody,Massachusetts,Essex County,25009,01960,42.54674613158929,-70.95866321650264,336290.34,831744.79,61953
a0ae2302-7b5b-9601-fd01-bd6e2e7384f7,2023-11-29,,999-25-4240,,,,Jeremy766,Aracely711,Gutmann970,,,,white,nonhispanic,F,Beverly  Massachusetts  US,172 Mohr Divide,Cambridge,Massachusetts,Middlesex County,25017,02472,42.387111409029686,-71.14989610840642,8600.44,0.00,84969
944b4657-b7ac-fb1c-1518-3e39466cefcc,2002-02-15,,999-62-9837,S99921240,X42196518X,Mr.,Gayle448,Scottie437,Gibson10,,,,white,nonhispanic,M,Natick  Massachusetts  US,339 Tremblay Burg Apt 94,Kingston,Massachusetts,Plymouth County,25023,02364,41.964072492391,-70.77899813830496,91641.92,15116.32,144368
ea816bd7-218c-72b4-985b-de1aca9cebc7,2004-01-10,,999-69-7432,S99912236,X50109318X,Mr.,Homero668,,Vargas494,,,,white,hispanic,M,Roseau  Saint George  DM,964 Stracke Rue,Leominster,Massachusetts,Worcester County,25027,01453,42.54143960603682,-71.7599579910075,63086.19,5973.15,49437
90c6b3fb-9133-73a4-0461-0f80328b3959,2002-01-20,,999-60-1651,S99932132,X65420681X,Mr.,Octavio643,Hernán834,Cavazos163,,,,white,hispanic,M,Santiago  Santiago Province  CL,194 Gerlach Run Suite 90,Westfield,Massachusetts,Hampden County,25013,01086,42.12689023456587,-72.79013591276338,5376.57,106412.29,21400
c73540bd-3d44-3080-6180-17944a8b27ac,1954-11-26,,999-72-1780,S99973670,X1729704X,Ms.,Loris321,Alejandrina481,Schumm995,,,S,white,nonhispanic,F,Sharon  Massachusetts  US,1046 Reynolds Bypass Unit 69,Wrentham,Massachusetts,Norfolk County,,00000,42.05343766120907,-71.38814075855586,348969.33,821060.32,146072
78ad8e66-35df-1b65-2b58-f8a910a2e62c,1979-01-18,,999-71-8413,S99976941,X30085546X,Mrs.,Oralia106,Shondra529,Doyle959,,D'Amore443,M,white,nonhispanic,F,Salem  Massachusetts  US,1082 Yost Highlands,Auburn,Massachusetts,Worcester County,,00000,42.16146736319703,-71.7999130989518,315984.23,738661.28,143293
2d0ac68e-acea-deac-d49a-329fde880d68,1994-08-14,,999-91-9107,S99967121,X52944788X,Mrs.,Mike230,Catarina933,Braun514,,Jones311,M,white,nonhispanic,F,Framingham  Massachusetts  US,916 Schuppe Crossroad,North Attleborough,Massachusetts,Bristol County,,00000,41.988855111988315,-71.29458259974301,130731.45,515731.48,47502
9415ca40-101e-1917-91b5-f2e949b428a8,2002-09-01,,999-99-9149,S99915722,X5722649X,Ms.,Carolann504,,Kilback373,,,,white,nonhispanic,F,Fall River  Massachusetts  US,502 Douglas Village,Winchester,Massachusetts,Middlesex County,25017,01890,42.49932941114381,-71.1378533221027,99103.93,222902.21,175937
30738a65-8ad0-6952-7ee1-321fb3a9fba5,2008-06-05,,999-55-9252,S99938986,,Ms.,Mónica985,,Armas910,,,,black,hispanic,F,San Jose  San Jose  CR,822 Dare Skyway Apt 15,Agawam,Massachusetts,Hampden County,25013,01030,42.059623766202165,-72.62080413796173,3453.27,73759.69,2857
0c7690e1-b8c8-2a9f-95a1-a19d0ddec262,2015-12-26,,999-68-4871,,,,Lanie389,Bella510,Kling921,,,,white,nonhispanic,F,Springfield  Massachusetts  US,990 Flatley Neck,Boston,Massachusetts,Suffolk County,25025,02120,42.26638777424109,-71.14194794159785,24098.36,2889.81,39591
211bb2a6-b626-df0d-fc9e-a5774a847435,1981-06-08,,999-69-8982,S99940472,X9350868X,Mrs.,Brande998,Remedios388,Paucek755,,Buckridge80,M,white,nonhispanic,F,Brockton  Massachusetts  US,890 Cruickshank Crossing,Boston,Massachusetts,Suffolk County,25025,02163,42.38913721639616,-71.10041390493801,1008061.37,1209175.16,82745
265da246-7cf9-f788-50f9-31602c84b08d,1958-01-03,,999-35-5135,S99965932,X19318652X,Mrs.,Karissa612,Marvel321,Mueller846,,Sipes176,M,white,nonhispanic,F,New Bedford  Massachusetts  US,1008 Sipes Stravenue Unit 68,Worcester,Massachusetts,Worcester County,25027,01583,42.329552682004234,-71.74218995439415,937742.13,513936.10,57575
b15e2e21-f8f6-960e-6348-cace4e628dea,1982-09-28,,999-93-1241,S99921174,X14601977X,Mrs.,Evonne919,Laila673,Stiedemann542,,Bartoletti50,M,white,nonhispanic,F,Boston  Massachusetts  US,648 Carter Overpass Apt 72,Walpole,Massachusetts,Norfolk County,25021,02081,42.098211270337615,-71.23599198748775,21185.06,471112.30,18019
cc950e4c-4e68-fdd7-9e75-81f0e89e4a63,1975-04-17,1993-07-21,999-39-8990,S99918403,,Ms.,Christine147,Jeraldine574,Bailey598,,,,white,nonhispanic,F,Springfield  Massachusetts  US,586 Kautzer Underpass Apt 8,Andover,Massachusetts,Essex County,25009,01810,42.64264051248772,-71.15612173738006,51179.83,36792.65,87284
205400fb-2028-911d-34a4-090da1f88f08,1969-04-24,,999-47-1239,S99954862,X5181547X,Mr.,Kelly223,,Jacobi462,,,D,white,nonhispanic,M,Somerville  Massachusetts  US,230 Maggio Junction,Dighton,Massachusetts,Bristol County,,00000,41.83430144265121,-71.11639422748291,127768.72,16422.03,44736
6097d048-2c90-16a8-65da-8b3e5dcc3a84,1975-04-17,1985-02-12,999-59-2034,,,,Terica746,Pa577,Sauer652,,,,white,nonhispanic,F,Boston  Massachusetts  US,1003 Ratke Frontage road Unit 45,Andover,Massachusetts,Essex County,25009,01810,42.666749680653446,-71.12182109173516,19113.96,28354.75,87284
5ea5f443-8cd9-5f15-67b9-047b3283bf1c,1975-11-14,,999-24-7976,S99996265,X75048387X,Mrs.,Katherina205,Sally227,Herzog843,,Ankunding277,M,black,nonhispanic,F,Boston  Massachusetts  US,1005 Stoltenberg Parade Unit 45,Kingston,Massachusetts,Plymouth County,25023,02364,41.9505517836961,-70.7241660245514,605199.22,63192.86,103418
c3d0849d-2d52-1b96-fcc8-4533dd6bd6b5,1958-07-06,,999-14-9521,S99997987,X7024028X,Mrs.,Refugio197,Elaina826,Herman763,,Deckow585,M,white,nonhispanic,F,Marshfield  Massachusetts  US,807 Walsh Passage Apt 53,Norfolk,Massachusetts,Norfolk County,,00000,42.163795388813035,-71.35413733066292,130869.04,328900.86,833770
fc8881c6-3447-9064-d59a-12a37fca8e93,1975-04-17,,999-66-4002,S99930411,X71167318X,Ms.,Alana17,Kami26,Armstrong51,,,S,white,nonhispanic,F,Brockton  Massachusetts  US,599 Boehm Ville,Andover,Massachusetts,Essex County,25009,01810,42.685876293482266,-71.19166793391814,666072.93,196146.06,87284
176683be-4847-72f1-e47e-e4fabf3d6b99,1965-10-22,,999-71-1539,S99934522,X9387394X,Mrs.,Lorriane838,Elenore794,Hamill307,,Muller251,D,white,nonhispanic,F,Melrose  Massachusetts  US,225 Pacocha Club Apt 5,Whitman,Massachusetts,Plymouth County,,00000,42.10460494580666,-70.98420550293967,769485.74,168812.08,99850
dfecdcc0-74aa-c358-9aee-f01b21c5db22,1994-05-22,,999-61-4409,S99933169,X83141223X,Mrs.,Tarah156,Maribel82,Kuphal363,,Ledner144,M,black,nonhispanic,F,Harwich  Massachusetts  US,427 Schulist Lodge,Douglas,Massachusetts,Worcester County,,00000,42.08958830752013,-71.76923494851502,471062.26,10365.75,37864
a12b6569-5ac5-d035-7539-cde90c7d752d,2006-08-23,,999-39-4126,S99913440,,Mr.,Allan198,Doug189,Parisian75,,,,white,nonhispanic,M,Westfield  Massachusetts  US,299 Langworth Passage,Amherst Center,Massachusetts,Hampshire County,,00000,42.42459144489255,-72.51343017018532,31723.14,29874.67,30719
c9322615-12d2-f3fe-3048-90e686d9f374,1981-09-22,,999-86-2608,S99916743,X15134924X,Mr.,Zachary28,Garland107,Schneider199,,,M,white,nonhispanic,M,Sudbury  Massachusetts  US,434 Anderson Mission Suite 29,Lowell,Massachusetts,Middlesex County,25017,01854,42.67459690387945,-71.35390839090236,96059.49,53479.30,50994
24c06659-e595-d979-8411-7d5d494b9bb8,1969-11-29,2004-06-29,999-26-4965,S99966136,X403548X,Mr.,Emile522,,Price929,,,M,black,nonhispanic,M,New Bedford  Massachusetts  US,180 Frami Ville Unit 69,Chicopee,Massachusetts,Hampden County,25013,01020,42.20215268821775,-72.5129853408943,447210.19,197737.21,43988
a2a196ac-c61a-7088-8db6-af1ec6f4c5c7,1949-11-27,,999-88-5538,S99959601,X77988297X,Mr.,Hank686,Britt177,Bogan287,,,S,white,nonhispanic,M,Barnstable  Massachusetts  US,1096 Rice Avenue,Springfield,Massachusetts,Hampden County,25013,01103,42.05485888417502,-72.54748461337738,165764.85,962446.54,23524
dff26d55-1ff7-9b85-459b-cd3401192132,2000-12-18,,999-49-7786,S99954893,X2760896X,Ms.,Hae300,Vernell410,Fritsch593,,,,black,nonhispanic,F,Webster  Massachusetts  US,435 Farrell Tunnel,Stoughton,Massachusetts,Norfolk County,,00000,42.129203243772984,-71.0613398536751,140001.90,364326.16,141880
32a1cb5e-0f33-abf7-081e-b6cc7192ce5d,2005-02-23,,999-66-2587,S99928866,X9360499X,Mr.,Houston994,Jerrold404,Reichert620,,,,white,nonhispanic,M,Quincy  Massachusetts  US,471 Bednar Orchard Unit 66,Framingham,Massachusetts,Middlesex County,25017,01702,42.27137210958675,-71.3884197528241,41174.46,260.33,136535
d3b71a03-4bd5-fd17-7bba-21d7f42932d4,1984-10-18,,999-41-4602,S99974803,X10613993X,Mr.,Xavier983,Alvaro283,Labadie908,,,D,white,nonhispanic,M,Holbrook  Massachusetts  US,741 Rogahn Frontage road Apt 20,Methuen,Massachusetts,Essex County,25009,01844,42.74259763762676,-71.21720945693909,79166.64,2551.15,129519
b92cfa76-a14c-9d9c-6bec-a14eb2b13106,1946-03-22,2026-02-06,999-75-4464,S99968150,X36429897X,Mrs.,Sadye922,Christene303,Schaden604,,Bernhard322,M,white,nonhispanic,F,Worcester  Massachusetts  US,275 Jakubowski Key,Chicopee,Massachusetts,Hampden County,25013,01020,42.14939201279525,-72.56334480595936,16615.88,771938.61,20529
0bf36712-2227-9e41-d42b-f71363682818,1984-04-29,,999-12-1811,S99990821,X89942268X,Mr.,Warner493,Patrick786,Ryan260,,,M,white,nonhispanic,M,Brewster  Massachusetts  US,332 Ritchie Trace Suite 94,Sharon,Massachusetts,Norfolk County,25021,02067,42.077146667155304,-71.13892555015755,50863.38,50133.72,424989
03295728-9d64-a295-be41-c0c91f5d8541,2015-10-09,,999-57-8622,,,,Danyel335,Terra840,Walsh511,,,,black,nonhispanic,F,Plymouth  Massachusetts  US,200 Schamberger Neck,Beverly,Massachusetts,Essex County,25009,01915,42.5251401916064,-70.88315612399872,1650.00,31316.97,21762
ea321ca8-d494-ba56-954e-ada67fe56ac4,1969-11-29,,999-13-1203,S99961309,X58417329X,Mr.,John539,Cleveland582,McClure239,,,M,black,nonhispanic,M,Dracut  Massachusetts  US,877 Gusikowski Parade Unit 43,Chicopee,Massachusetts,Hampden County,25013,01022,42.18391148061283,-72.53696871275827,420531.76,422612.55,43988
8d300cfa-fe06-da84-2b4a-b44bebef732d,2004-03-29,,999-98-3247,S99948734,X25466495X,Ms.,Chi716,Lakenya863,Mertz280,,,,asian,nonhispanic,F,Incheon  Incheon  KR,687 Reichel Rue Unit 90,Melrose,Massachusetts,Middlesex County,25017,02176,42.45706502014495,-71.05465189098261,63285.78,5674.72,141543
f0b139c5-3208-fb37-7681-fa1308605515,1980-11-05,,999-70-1599,S99912345,X51080696X,Mrs.,Violeta106,Elisabeth967,Schaefer657,,Blick895,W,white,nonhispanic,F,Somerset  Massachusetts  US,405 Koepp Road,Malden,Massachusetts,Middlesex County,25017,02155,42.42089872108277,-71.11897253419534,400605.18,556375.68,60851
fc68a848-9057-5d20-68bf-067ccd89f4d8,1964-06-06,,999-97-9130,S99923900,X60414644X,Mr.,Reyes140,,Witting912,,,D,black,nonhispanic,M,Springfield  Massachusetts  US,228 Emmerich Knoll,Lakeville,Massachusetts,Plymouth County,,00000,41.84855519337413,-70.94716912976685,190950.02,533282.90,701946
fe2d7133-cc7c-9987-2e21-980ae76daaa9,1965-07-24,2013-01-20,999-86-6009,S99926628,X38658237X,Mr.,Malik994,Dusty207,Abernathy524,,,M,white,nonhispanic,M,Marshfield  Massachusetts  US,705 Fisher Mall Unit 3,Haverhill,Massachusetts,Essex County,25009,01835,42.740696177403926,-71.09352579999133,73815.21,163626.27,86850
635f8d87-379c-248b-b487-ed703dfec922,2016-12-16,,999-14-6138,,,,Larry532,Darron84,Armstrong51,,,,white,nonhispanic,M,Northborough  Massachusetts  US,309 Rolfson Street,Taunton,Massachusetts,Bristol County,25005,02780,41.906322701126534,-71.030689152886,33679.22,37832.08,61689
44545242-089f-39ba-e691-4c129b21baf7,1946-03-22,,999-12-3449,S99913137,X24492501X,Ms.,Rolande819,,Brown30,,,S,white,nonhispanic,F,Lynnfield  Massachusetts  US,645 Bergstrom Street,Chicopee,Massachusetts,Hampden County,25013,01013,42.117067602942534,-72.62802328447287,23572.16,1671114.85,20529
581fc2ce-e35a-a7b4-a1ae-2c5aef5c4ebd,1985-10-07,,999-19-5922,S99951831,X13868689X,Mr.,Major265,Quinton758,Russel238,,,S,white,nonhispanic,M,Medway  Massachusetts  US,285 Lind Corner Suite 1,Newton,Massachusetts,Middlesex County,25017,02467,42.32453396383774,-71.17965055305945,104623.81,15178.71,142787
401717fd-e0ea-2f4c-4cb0-c379f45023d2,2011-05-24,,999-30-6787,,,,Michal596,Kimbra238,Romaguera67,,,,white,nonhispanic,F,Danvers  Massachusetts  US,545 Leffler Path Unit 96,North Reading,Massachusetts,Middlesex County,,00000,42.552135584150854,-71.04195139278585,24088.16,19327.62,100650
85cc7027-b831-db05-7479-d4a5b82d2ae0,1970-06-07,,999-94-3360,S99999489,X58472621X,Mr.,Fletcher87,,Lockman863,,,M,white,nonhispanic,M,Billerica  Massachusetts  US,133 Grady Path Unit 24,Marlborough,Massachusetts,Middlesex County,25017,01752,42.3481998634644,-71.57220896106918,138673.39,5269.04,176758
f5660f74-ef34-bf90-1254-70388828e4c1,1965-07-24,,999-53-1798,S99939909,X31795252X,Mr.,Gayle448,Margarito178,Grady603,,,W,white,nonhispanic,M,Lawrence  Massachusetts  US,209 Bode Common,Haverhill,Massachusetts,Essex County,25009,01830,42.767206298642115,-71.1350081575034,178972.78,32590.19,86850
5447b019-7915-8569-a5a8-0434d96cd9f2,1932-06-16,1987-05-10,999-27-9223,S99923136,X49354712X,Ms.,Aracely711,Latonia966,Blick895,,,S,white,nonhispanic,F,Mansfield  Massachusetts  US,285 Franecki Arcade,Lynn,Massachusetts,Essex County,25009,01906,42.44740134759845,-70.99118842775967,14080.17,1007120.40,17901
2c8fcc01-a767-4280-c26c-57374c782f75,1997-12-23,2003-01-19,999-59-2779,,,,Stephaine613,Zina602,Bednar518,,,,white,nonhispanic,F,Milford  Massachusetts  US,878 Farrell Orchard,Hopkinton,Massachusetts,Middlesex County,25017,01748,42.20260111347623,-71.54181562415141,9957.88,87631.51,129957
1c9d5ef0-0127-454c-0838-6a71e90bbb9f,1997-12-23,,999-97-1924,S99914815,X67298901X,Mrs.,Yan646,Son314,Braun514,,Roob72,M,white,nonhispanic,F,Medfield  Massachusetts  US,939 Jakubowski Trailer,Hopkinton,Massachusetts,Middlesex County,25017,01748,42.26588799833555,-71.58643219789026,187605.13,570730.10,129957
31c8d6b6-8aa5-5344-a4fb-c800975b2827,1965-01-14,,999-61-7520,S99972057,X17260228X,Mrs.,Marvella276,,Hamill307,,Pacocha935,M,white,nonhispanic,F,Maynard  Massachusetts  US,274 Ebert Trail Unit 67,Malden,Massachusetts,Middlesex County,25017,02148,42.40443511169573,-71.03988326782931,16973.90,903557.87,9196
dfbf6f6b-c4da-202c-5285-cc307e24a5ab,1952-01-09,,999-72-9892,S99979186,X45833833X,Mrs.,Marla843,Miss492,Cremin516,,Brekke496,M,white,nonhispanic,F,Plymouth  Massachusetts  US,214 Reichert Estate Unit 98,Worcester,Massachusetts,Worcester County,25027,01603,42.30064316290651,-71.76177746496144,932548.97,192975.24,36943
e6dca851-9cb1-4943-1730-7e9ac3b4be36,1932-06-16,1987-09-01,999-67-6891,S99985411,X31714794X,Mrs.,Autumn454,Lane844,Waelchi213,,Sawayn19,D,white,nonhispanic,F,Boston  Massachusetts  US,895 Swaniawski Junction Unit 22,Lynn,Massachusetts,Essex County,25009,01907,42.44895302037022,-70.98836737148861,26232.91,1441412.35,17901
132ed07c-54f0-ec5a-5ba1-18b06d2c0595,1983-03-20,,999-48-3835,S99926465,X69176564X,Ms.,Iva908,Loretta235,Wisoky380,,,S,white,nonhispanic,F,Concord  Massachusetts  US,598 Hagenes Walk Unit 0,Quincy,Massachusetts,Norfolk County,25021,02169,42.26395928340193,-71.02556704705633,201793.67,238470.86,72824
1e23abb9-eb1b-a055-7623-c09ac7426384,1999-09-12,,999-95-2629,S99938907,X79872416X,Ms.,Tashia814,Whitney250,Gutkowski940,,,,white,nonhispanic,F,Amherst  Massachusetts  US,706 Kshlerin Dam,Newton,Massachusetts,Middlesex County,25017,02472,42.268407690829534,-71.211543136976,57321.36,161941.44,61623
f42cb4c3-e06f-501e-a39f-1d726759967e,2024-08-03,,999-76-2209,,,,Vania595,Frank378,Prosacco716,,,,white,nonhispanic,F,Springfield  Massachusetts  US,661 Veum Camp Apt 55,Dartmouth,Massachusetts,Bristol County,,00000,41.57594525928704,-70.9168524420641,6389.47,0.00,125838
7547ad1b-cb73-b6c0-9dc2-12950c0e9cc5,2020-02-17,,999-14-4967,,,,Audie868,,Herzog843,,,,white,nonhispanic,F,Scituate  Massachusetts  US,849 King Overpass Suite 94,Danvers,Massachusetts,Essex County,25009,01923,42.5408442593376,-70.97324751161128,12104.32,142.52,197027
ad758152-b3c7-b721-b176-57d4f0d109db,1942-09-24,1994-12-06,999-76-1528,S99982619,X18045409X,Mrs.,Cythia210,,Weber641,,Lubowitz58,D,asian,nonhispanic,F,Beverly  Massachusetts  US,846 McClure Street,Melrose,Massachusetts,Middlesex County,25017,02176,42.434861682034494,-71.06217768441607,18343.10,763199.07,8065
9c772199-c959-72ee-8b94-d84149fcc0f6,1969-04-22,,999-73-6777,S99936058,X2308946X,Ms.,Zoe32,,Gutkowski940,,,S,asian,nonhispanic,F,Lowell  Massachusetts  US,414 Gaylord Viaduct Suite 75,Newton,Massachusetts,Middlesex County,25017,02464,42.34153856417541,-71.13150190678442,96191.66,157681.78,449830
7c20d3bf-3629-35df-15b7-a64cccc412b0,1967-04-10,,999-16-5663,S99948059,X83136448X,Mrs.,Aleen595,Jacquiline133,Kreiger457,,Kovacek682,M,white,nonhispanic,F,Cambridge  Massachusetts  US,684 Hamill Parade,Wilmington,Massachusetts,Middlesex County,25017,01887,42.547983731312236,-71.1639390412662,829866.31,378870.32,85491
95c896f5-f832-3558-6227-7560f899d1bc,1932-06-16,2001-01-02,999-41-8644,S99940881,X28726022X,Mrs.,Georgeann302,Arlean815,MacGyver246,,O'Connell601,M,white,nonhispanic,F,Billerica  Massachusetts  US,202 Dickens Rapid Suite 37,Lynn,Massachusetts,Essex County,25009,01906,42.53382194537197,-71.01071990896527,26310.19,1116066.13,17901
62e0acbb-b129-5852-c96f-39076a56ff17,2023-06-29,,999-11-7988,,,,Rana586,Lizette501,Pacocha935,,,,white,nonhispanic,F,East Bridgewater  Massachusetts  US,577 Wolff Wynd,Worcester,Massachusetts,Worcester County,25027,01609,42.268970744236185,-71.77574093706255,550.00,7129.25,10166
aadaebad-dfbb-fe2e-8335-48c91d3e85ec,2012-03-21,,999-87-7199,,,,Keith571,Buena501,Glover433,,,,white,nonhispanic,F,Oak Bluffs  Massachusetts  US,999 Grimes Mission,Shrewsbury,Massachusetts,Worcester County,,00000,42.27325747712814,-71.74912774022425,36919.36,4300.86,113702
76151a22-8a95-c953-3259-42479f991107,2002-01-14,,999-76-4635,S99936616,X50756063X,Mr.,Daniel959,Calvin845,Ferry570,,,,white,nonhispanic,M,Watertown  Massachusetts  US,379 Ward Common Suite 59,Mansfield,Massachusetts,Bristol County,,00000,41.99693126773653,-71.19519408089538,95561.25,843589.64,45865
6987e818-7152-d456-37d5-6159ccd49b02,1965-03-11,,999-63-1794,S99913407,X35394244X,Mr.,Maximo817,Luciano237,Kessler503,,,M,native,nonhispanic,M,Lunenburg  Massachusetts  US,451 Davis Avenue,Agawam,Massachusetts,Hampden County,25013,01001,42.057465491078666,-72.68425847369859,268811.34,49413.41,2
6c422aee-9c78-6286-1d91-24f831b46fb7,2015-09-07,,999-29-3017,,,,Bennie663,Refugio197,Gibson10,,,,white,nonhispanic,M,Salem  Massachusetts  US,595 Bergstrom Heights,Saugus,Massachusetts,Essex County,25009,01906,42.49454970173611,-71.02163982804045,1310.57,32967.35,18468
6c4f4aac-010c-6c1f-9148-f583bc190d49,1999-12-29,,999-41-6204,S99928874,X64329631X,Mr.,Kory651,Earle679,Reichert620,,,,white,nonhispanic,M,Eastham  Massachusetts  US,391 Ziemann Light,Belchertown,Massachusetts,Hampshire County,25015,01007,42.29027348304236,-72.3536224664779,88126.69,24490.48,80095
5481ec25-c5b4-1f82-717f-c79433f40544,1942-09-24,,999-18-7750,S99989241,X38426047X,Mrs.,Magan944,Aleshia311,Mills423,,Wolff180,D,asian,nonhispanic,F,Pinehurst  Massachusetts  US,510 Beahan Street Unit 32,Melrose,Massachusetts,Middlesex County,25017,02176,42.43929271652849,-71.08637197774306,56530.97,2204249.37,8065
579269de-3fee-3e3b-7e24-9605d1120e04,2004-01-22,,999-60-1719,S99920513,X68207782X,Mr.,Cruz300,Brent147,Rohan584,,,,white,nonhispanic,M,New Bedford  Massachusetts  US,742 Muller Street Apt 20,Somerville,Massachusetts,Middlesex County,25017,02144,42.358939228939484,-71.13448073323504,106868.64,516484.16,51266
8fdfb18c-bdc4-7466-2305-c7471332d5b7,1997-10-10,,999-24-1582,S99937338,X22472315X,Mrs.,Lizzie15,Kristine579,Satterfield305,,Funk324,M,white,nonhispanic,F,Boston  Massachusetts  US,188 Windler Byway,Falmouth,Massachusetts,Barnstable County,25001,02540,41.60424164357262,-70.60367459780859,7812.86,366722.90,20052
3ab1d319-5954-4e31-0957-7d9914d48125,1932-06-16,,999-90-3605,S99949363,X7072391X,Mrs.,Meghan514,Myrta75,Moore224,,Moen819,M,white,nonhispanic,F,Haverhill  Massachusetts  US,762 Schaden Village Unit 84,Lynn,Massachusetts,Essex County,25009,01905,42.455659984259256,-71.01604148778814,51875.32,1175010.67,17901
bb2525d4-10d7-0fb3-13fc-cf47f31469ee,2010-08-08,,999-60-2047,,,,Tanner110,,Weissnat378,,,,white,nonhispanic,M,Tyngsborough  Massachusetts  US,658 Olson Crossroad,Abington,Massachusetts,Plymouth County,25023,02351,42.148216584274735,-70.96173832370886,52835.26,123736.96,47444
c4315d09-5e1f-d29e-9b9d-d44e34d6909d,1991-12-19,,999-86-1002,S99927760,X40576802X,Mrs.,Terrie907,Vergie176,Zboncak558,,Prosacco716,M,white,nonhispanic,F,Boston  Massachusetts  US,244 Smith Trace,Medford,Massachusetts,Middlesex County,25017,02145,42.41938563946077,-71.04856285480804,173806.47,358762.04,65851
dbd09581-e469-464a-0b0e-aa3651b2e01e,2021-01-03,,999-62-8883,,,,Hortensia953,Lindy582,Schoen8,,,,white,nonhispanic,F,Athol  Massachusetts  US,875 Wilderman Promenade,Stoughton,Massachusetts,Norfolk County,,00000,42.085136724906825,-71.11742217683883,3981.65,7098.83,29043
bc477810-33e9-d02e-b234-c4cd3a6caaa0,1972-09-21,,999-16-5508,S99988845,X68671634X,Mrs.,Nohemi878,Lashawna733,Abbott774,,Treutel973,M,white,nonhispanic,F,Wellfleet  Massachusetts  US,633 Romaguera Extension Suite 2,Boston,Massachusetts,Suffolk County,25025,02126,42.29593582144562,-71.14740932444623,285873.79,719257.61,137396
1724c06b-a43f-d197-9c4a-8c0f068b987b,1971-03-28,,999-54-8490,S99952640,X43231533X,Mrs.,Ngoc221,Minnie888,Gislason620,,Schowalter414,M,white,nonhispanic,F,West Springfield  Massachusetts  US,155 Greenfelder Crossroad,Brookline,Massachusetts,Norfolk County,25017,02467,42.36838508496847,-71.13784244128047,489742.96,209122.00,62508
5c28c77e-e341-4a27-58f3-fe0cd849544c,1965-10-26,,999-97-9023,S99937049,X41001790X,Mrs.,Caridad510,,Vélez150,,Nieto461,M,white,hispanic,F,Gaudalajara  Jalisco  MX,1053 Marquardt Avenue,Watertown,Massachusetts,Middlesex County,25017,02472,42.37356639044562,-71.1352754055208,87611.28,1645890.28,210296
96fdec5f-55a0-0951-6cba-6da5950c2b1d,1955-09-30,,999-43-4485,S99990730,X49751687X,Mr.,Jake169,Bobbie849,Murazik203,,,D,white,nonhispanic,M,Grafton  Massachusetts  US,335 Yundt Run Unit 23,Quincy,Massachusetts,Norfolk County,25021,02186,42.228717737583096,-71.00631734772807,161251.24,34826.75,55387
34017f13-1461-f176-ad01-ee10901de792,1964-05-30,,999-33-1417,S99986565,X28802750X,Mrs.,Alyssa971,Margo702,Feest103,,Koss676,M,white,nonhispanic,F,Grafton  Massachusetts  US,382 Schumm Union Suite 94,Monson,Massachusetts,Hampden County,,00000,42.05079161810483,-72.3156124914003,20474.44,1003066.09,12108
8fd54e63-9581-aaac-298c-7b51fafbca63,2002-06-06,,999-24-8882,S99941369,X56769947X,Ms.,Raye931,,Roberts511,,,,white,nonhispanic,F,Newton  Massachusetts  US,847 Farrell Common,Sterling,Massachusetts,Worcester County,,00000,42.453631119303076,-71.75704376712214,70654.57,88001.42,164036
a92606c2-1d3d-4a6d-3e61-6497f3a400c4,1962-08-05,2022-11-23,999-30-6158,S99992990,X77042328X,Mr.,Minh326,Jerry654,Gutmann970,,,M,white,nonhispanic,M,Boston  Massachusetts  US,598 Gusikowski Esplanade Suite 63,Hopedale,Massachusetts,Worcester County,25027,01747,42.16800219066105,-71.53746040070982,147870.65,202988.73,30489
0aae3a95-af01-a146-981b-e1adcbb31b88,2015-10-01,,999-59-4954,,,,Piedad413,Hortense60,McDermott739,,,,white,nonhispanic,F,Gloucester  Massachusetts  US,520 Schmeler Mission,Worcester,Massachusetts,Worcester County,25027,01604,42.225715663014824,-71.74380408233266,16819.85,16004.38,60321
51a51994-587c-aa9b-7ae8-2931e34e2fd9,1971-01-03,,999-40-4472,S99943246,X54233562X,Mrs.,Reena181,Un745,Armstrong51,,Hamill307,D,white,nonhispanic,F,Brockton  Massachusetts  US,1005 Gutmann Lock,Sandwich,Massachusetts,Barnstable County,25001,02563,41.68157563910102,-70.52484678936572,212747.49,343650.72,34436
537aa535-4d53-348e-67f7-68e5e093769a,2005-12-24,,999-85-6064,S99912497,X33177736X,Ms.,Ana María762,Esperanza675,Sarabia507,,,,white,hispanic,F,Marigot  Saint Andrew Parish  DM,135 Ernser Mews Apt 80,Chicopee,Massachusetts,Hampden County,25013,01022,42.197458222631084,-72.53033058914681,19005.60,829955.29,120414
f7441e07-f341-8e08-98c1-09dbbfa81afd,2019-06-06,,999-46-3374,,,,Jim478,Hershel911,Gottlieb798,,,,white,nonhispanic,M,Haverhill  Massachusetts  US,892 Bogisich Pathway,Bellingham,Massachusetts,Norfolk County,25021,02019,42.02720502267155,-71.45681297959246,10574.85,9256.72,130100
72aae4c1-ed7e-ebce-a8b5-8d247d86b793,1962-08-05,,999-94-7516,S99942644,X58241948X,Mr.,Eugene421,Antione404,Krajcik437,,,M,white,nonhispanic,M,Marlborough  Massachusetts  US,776 Erdman Gate Apt 12,Hopedale,Massachusetts,Worcester County,25027,01747,42.12318571035719,-71.52938540142452,177882.25,149828.66,30489
9c3f103c-777d-892a-1112-6a55700b08aa,1947-01-05,,999-58-9266,S99945060,X15193902X,Mrs.,Ashley34,Porsha375,Kuvalis369,,Gleichner915,M,white,hispanic,F,Somerville  Massachusetts  US,649 Walsh Loaf,Ludlow,Massachusetts,Hampden County,,00000,42.1713192686671,-72.41368640804949,1001347.20,490603.38,91726
c3c78747-1f90-3ab8-bef1-524bf836ecce,1971-09-11,,999-16-7815,S99972516,X2291294X,Ms.,Clemencia569,,Fadel536,,,S,white,nonhispanic,F,Boston  Massachusetts  US,979 Altenwerth Ferry Unit 54,Woburn,Massachusetts,Middlesex County,25017,01890,42.458976740542816,-71.17500884370288,156530.74,256110.87,598838
78ea300f-3452-e52a-3b8b-e899be2d1a73,1998-07-03,,999-40-8420,S99960983,X81238097X,Ms.,Stefani254,Aretha897,Bergstrom287,,,,white,nonhispanic,F,Fitchburg  Massachusetts  US,927 Hettinger Ville,Natick,Massachusetts,Middlesex County,,00000,42.333342239364164,-71.36851850718394,124222.31,190134.22,65870
7ac03296-ea61-7bdb-43f8-24c27811f8f1,2002-05-27,,999-13-6370,S99921753,X84595114X,Ms.,Glendora96,,Jacobi462,,,,white,nonhispanic,F,Winchester  Massachusetts  US,497 Herman Branch,Salisbury,Massachusetts,Essex County,25009,01952,42.87019040814019,-70.87005512466204,99527.56,139144.84,187037
0bd7e982-4c8e-70ec-2754-03cd94cbcd42,1974-11-21,,999-39-9343,S99923982,X42621541X,Mrs.,Cuc113,Isa815,Swaniawski813,,Pacocha935,M,white,nonhispanic,F,Boston  Massachusetts  US,506 Reichert Promenade Unit 82,Everett,Massachusetts,Middlesex County,25017,02148,42.41538096519925,-71.0866140684113,493607.35,897513.22,95234
7ea41723-791f-e459-4943-cdb5fcfefc90,2002-12-13,,999-62-8591,S99951461,X84045447X,Ms.,Carita426,Moira454,Simonis280,,,,white,nonhispanic,F,Boston  Massachusetts  US,313 Streich Highlands Unit 38,Raynham,Massachusetts,Bristol County,,00000,41.94183748118093,-71.00578765007774,111574.21,40029.92,142556
dbca4bd2-9ffe-f187-6ceb-84a2dbaa1cf7,1995-08-21,,999-36-2071,S99987803,X16828507X,Mr.,Rory188,,Reynolds644,,,M,white,nonhispanic,M,Plymouth  Massachusetts  US,953 Nitzsche Spur Unit 6,Cambridge,Massachusetts,Middlesex County,25017,02138,42.329144749907684,-71.08328054793631,56148.19,68390.40,211029
4491cbe5-680b-728a-6738-e409666dcfba,1976-10-10,,999-15-6549,S99975967,X2285658X,Mr.,Johnie961,Micah422,Hettinger594,,,M,white,nonhispanic,M,Lowell  Massachusetts  US,379 Harvey Trafficway,Oak Bluffs,Massachusetts,Dukes County,,00000,41.44289776645801,-70.58368937703493,107753.73,2620.20,83190
46424541-7c0e-8073-665d-3ca92b6f90c0,1980-11-03,,999-86-5817,S99948707,X45644298X,Mr.,Jermaine675,Reginald96,Rodriguez71,,,M,white,nonhispanic,M,Natick  Massachusetts  US,445 Abbott Spur,Weymouth,Massachusetts,Norfolk County,25021,02189,42.158681222060714,-70.90686552709369,80257.27,4266.29,41710
4fa218c6-8fc3-57a6-4b20-6432a03020e0,2017-04-28,,999-61-5649,,,,Kyle55,Micheal721,Bogan287,,,,white,nonhispanic,F,Douglas  Massachusetts  US,124 Mante Esplanade,Haverhill,Massachusetts,Essex County,25009,01835,42.74200569944386,-71.08313583053383,7398.14,27376.56,69445
0cae4c49-d5b3-67e5-f424-0b96d0b56629,1978-04-08,,999-87-2552,S99985941,X67701424X,Mr.,Armando772,Ignacio928,Ortiz186,,,S,white,nonhispanic,M,Weymouth  Massachusetts  US,313 Kuvalis Pathway,Weymouth,Massachusetts,Norfolk County,25021,02190,42.217691729382445,-70.94628361470036,208581.75,6691.83,51821
fecc0388-5f06-0c03-0953-2a52e4279e63,1996-11-28,,999-88-3637,S99927634,X53099273X,Ms.,Germaine912,Marietta439,Gleichner915,,,S,white,nonhispanic,F,Needham  Massachusetts  US,439 Crist Wynd,Waltham,Massachusetts,Middlesex County,25017,02452,42.36801197605934,-71.19124409501747,7843.78,523736.40,10419
5806e4f9-5a96-cbf4-2051-e5bf43b79bc9,1959-04-19,,999-13-4878,S99990670,X57944114X,Mr.,Wilber603,Alonso270,Wehner319,,,M,white,nonhispanic,M,North Attleborough  Massachusetts  US,377 Pollich Bridge Suite 47,Winchester,Massachusetts,Middlesex County,25017,01890,42.43539010236153,-71.17744640671235,218687.18,29284.57,43330
41f3c89f-adba-d207-d747-df4b19004f28,1969-06-12,1997-06-30,999-19-8915,S99983955,X2993235X,Mrs.,Yang129,,Prohaska837,,Erdman779,M,white,nonhispanic,F,Middleton  Massachusetts  US,739 Greenfelder Overpass,Winthrop,Massachusetts,Suffolk County,25025,02152,42.35635933709675,-71.04517175389763,590586.03,419819.18,49705
e2f3ebf9-426f-a973-c66c-0b4c59a40ddd,1984-11-11,,999-58-4432,S99927338,X48103903X,Ms.,Giovanna377,Charla27,Weimann465,,,S,white,nonhispanic,F,Lynn  Massachusetts  US,386 Green Avenue Apt 68,Brewster,Massachusetts,Barnstable County,25001,02631,41.719648270211614,-70.02999150732957,745304.75,101526.33,88003
165d30d9-4652-3acc-4e93-c5adc04354e5,1972-07-03,,999-29-5776,S99990270,X1857398X,Ms.,Laura391,Silvia880,Menchaca276,,,S,white,hispanic,F,Santiago  Santiago Province  CL,1033 Harber Lane Suite 26,Peabody,Massachusetts,Essex County,25009,01960,42.546243929431526,-70.94882876105432,23582.46,994314.93,12927
a0ba9932-6c16-673c-18d6-cb5b1356569f,1972-09-02,,999-91-3161,S99951487,X50443485X,Mrs.,Avelina400,,Johnson679,,Bailey598,M,white,nonhispanic,F,Haverhill  Massachusetts  US,1039 Conn Corner Suite 69,Sagamore,Massachusetts,Barnstable County,25001,02561,41.80872606353933,-70.4933078990593,298285.19,724519.48,594004
62a4936f-9329-ac46-ba72-1ab8fbee5a50,2015-08-26,,999-65-4813,,,,Elijah719,Jeromy156,Ward668,,,,hawaiian,nonhispanic,M,Monson  Massachusetts  US,560 Osinski Bay,Andover,Massachusetts,Essex County,25009,01810,42.625880936669425,-71.16918376658265,16378.02,12727.34,33463
e491c11c-bda5-ccbe-3a19-5003d84a83d7,1966-06-06,,999-66-7095,S99949626,X27489495X,Mrs.,Rozella39,,Frami345,,Fisher429,M,white,nonhispanic,F,Rockland  Massachusetts  US,781 Cronin Ramp,Lowell,Massachusetts,Middlesex County,25017,01851,42.58667653744391,-71.32234606875043,17594.19,982977.77,5184
3586e0ac-a7ef-f98f-638b-06142ef2a6d3,1969-06-12,,999-52-4040,S99999535,X26272575X,Mrs.,Latarsha812,Zena758,McGlynn426,,Mosciski958,W,white,nonhispanic,F,Boston  Massachusetts  US,133 Schaden Extension,Winthrop,Massachusetts,Suffolk County,25025,02152,42.3844932289257,-70.96142971756204,560033.35,569042.12,49705
2d553cc6-6742-d816-3d3c-e5884ee039e8,2013-04-15,,999-48-4403,,,,Robt687,Allen322,Grimes165,,,,white,nonhispanic,M,Brockton  Massachusetts  US,183 Pollich Crossroad,Wilbraham,Massachusetts,Hampden County,25013,01095,42.121112905063,-72.41340015611148,32645.34,1067.93,70133
4f4d0f29-2a93-c828-e28e-a58d800ee2ea,2017-04-12,,999-36-2657,,,,Lou594,Carrol931,Powlowski563,,,,white,nonhispanic,M,Northbridge  Massachusetts  US,549 Ratke Lodge,North Attleborough,Massachusetts,Bristol County,,00000,41.955087114246545,-71.36982422820381,35116.74,10087.85,139587
0144404c-e501-8973-de50-0e49540bcb2d,1964-02-16,,999-99-7592,S99925637,X73161725X,Mr.,Edward499,Darron84,Rice937,,,M,white,nonhispanic,M,Boston  Massachusetts  US,987 Dicki Road Unit 78,Randolph,Massachusetts,Norfolk County,25021,02368,42.191738813591385,-71.03354637297701,161918.65,103032.96,78114
af9faf48-7292-b2e2-f303-60125b19fa0d,1968-04-06,,999-24-2256,S99962035,X30677811X,Mrs.,Jalisa590,Leana211,Erdman779,,Harber290,M,white,nonhispanic,F,Sherborn  Massachusetts  US,1078 Ernser Trace,Weymouth,Massachusetts,Norfolk County,25021,02188,42.219907834157944,-70.89932414056032,329062.04,285608.49,76593
52b91e85-3e6d-5d13-0215-eb986e107e9e,2001-05-27,,999-17-3075,S99913597,X60810389X,Mr.,Lynn917,Paris331,Raynor401,,,,white,nonhispanic,M,Revere  Massachusetts  US,890 D'Amore Estate,Boston,Massachusetts,Suffolk County,25025,02109,42.36701689191626,-71.04632285121012,56340.17,1950.17,74895
3e4e2c92-9b27-fe66-afa6-0ae0b1dc93b3,1954-04-20,,999-72-5456,S99912717,X21552105X,Mr.,Lazaro919,Lynn917,Carter549,,,D,white,nonhispanic,M,Holliston  Massachusetts  US,372 Crist Light Unit 53,Brockton,Massachusetts,Plymouth County,25023,02351,42.05671833752737,-71.01913996378313,335335.01,2151111.13,27526
86e78a25-ae68-a77a-a72b-c4bb149fcd1d,1945-03-30,1999-09-18,999-62-9523,S99995354,X49945658X,Mr.,Oswaldo857,,Shanahan202,,,S,white,nonhispanic,M,Worcester  Massachusetts  US,490 Prosacco Boulevard Suite 64,Weymouth,Massachusetts,Norfolk County,25021,02191,42.23065529974093,-70.98792155330226,147467.07,566394.10,161403
c358812f-eb9f-c0be-02cc-b0dcfe93faa0,1998-12-17,,999-59-4842,S99914448,X50201555X,Mr.,Coleman27,Travis723,Medhurst46,,,,white,nonhispanic,M,Springfield  Massachusetts  US,777 Klocko Center,New Bedford,Massachusetts,Bristol County,25005,02745,41.67772843629238,-70.91600167425064,85920.20,0.00,74496
e33d2feb-b388-e713-5e39-04ddbf4f9ecd,1963-01-14,,999-38-7137,S99921650,X86043028X,Ms.,Eleanor470,Mirtha993,Shields502,,,S,white,nonhispanic,F,Montague  Massachusetts  US,483 Rogahn Loaf Apt 12,Wilbraham,Massachusetts,Hampden County,25013,01095,42.16663400070716,-72.4409183540607,159468.34,1327558.87,426982
f4797991-6de9-23f6-dcd0-6119e5aba073,2002-06-14,,999-26-8124,S99989661,X9843819X,Mr.,Branden904,,Bechtelar572,,,,white,nonhispanic,M,Millville  Massachusetts  US,642 Ebert Lane,Amesbury,Massachusetts,Essex County,25009,01913,42.806447549458674,-70.95644903305828,69732.27,7484.66,157418
cf2b418f-da63-5f8a-20bd-517acbce62f9,2002-04-17,,999-96-4327,S99979876,X73588398X,Mr.,Kareem959,,Connelly992,,,,white,nonhispanic,M,South Amherst  Massachusetts  US,105 Crona Divide Apt 61,Belmont,Massachusetts,Middlesex County,25017,02472,42.42786925469367,-71.13362417881784,63828.34,13371.32,163040
1a8c1be3-7f0b-dea8-7294-bd38638be85c,1996-08-24,,999-91-2793,S99939174,X3376797X,Mrs.,Elane105,Matha641,Raynor401,,McClure239,M,white,nonhispanic,F,Lynn  Massachusetts  US,544 Pollich Center,Boston,Massachusetts,Suffolk County,25025,02120,42.42844769634779,-71.10325722534874,120803.78,199374.10,97760
3d942ca4-be3c-157f-56e4-49424235f34f,1993-05-21,,999-57-7428,S99928759,X81365392X,Mrs.,Jamie386,Chantel847,Dicki44,,Grimes165,M,white,nonhispanic,F,Boston  Massachusetts  US,538 Jenkins Trailer,Millbury,Massachusetts,Worcester County,,00000,42.22515100295525,-71.79782776955327,181661.67,478233.71,71161
e8b3b8d9-c222-b154-48ed-dce3364c40b7,1945-03-30,,999-48-8854,S99936852,X51583210X,Mr.,Rusty501,Alvaro283,Smitham825,,,M,white,nonhispanic,M,Brockton  Massachusetts  US,1091 Upton Track Unit 62,Weymouth,Massachusetts,Norfolk County,25021,02191,42.24781497887057,-70.89248795105756,255098.94,739499.81,161403
4cebba50-e56d-82ff-bdfc-71a09cbeff4d,1997-09-24,,999-91-2982,S99997783,X52390546X,Mr.,Leland44,Jerrell6,Mraz590,,,M,white,nonhispanic,M,Weymouth  Massachusetts  US,528 Kovacek Mall,Boston,Massachusetts,Suffolk County,25025,02210,42.2667375677944,-71.07786966241119,71073.97,11569.44,108849
36295ee6-c905-1fc2-cb93-db8729261ed1,1972-03-12,,999-44-6984,S99973585,X46356412X,Mr.,Markus389,Shon148,Rowe323,,,M,white,hispanic,M,Danvers  Massachusetts  US,1039 Sipes Byway Unit 78,Northbridge,Massachusetts,Worcester County,,00000,42.12517704248748,-71.68193330941943,27685.68,140871.12,31601
3be8599f-bc82-4cba-2aac-a75b42eeb2e8,1979-11-13,,999-38-1710,S99932476,X65238992X,Mrs.,Tamera164,Alta896,Ankunding277,,Bogan287,M,white,nonhispanic,F,Andover  Massachusetts  US,201 O'Hara Manor,Worcester,Massachusetts,Worcester County,25027,01603,42.32370631040986,-71.68386303975036,369642.17,153334.58,101786
c8fc1535-33b8-1ca9-13cb-34fd18e3bdc6,2008-05-27,2010-10-07,999-65-9998,,,,Kim439,,Kirlin939,,,,white,nonhispanic,F,Northbridge  Massachusetts  US,388 Schimmel Loaf,Westford,Massachusetts,Middlesex County,,00000,42.59718809774449,-71.46361543686903,4513.27,23206.82,152169
7d85da1a-2c04-3f88-5553-9460c16ffb96,2002-08-03,,999-90-8063,S99985465,X66856452X,Ms.,Kanesha23,Robbyn526,Homenick806,,,,white,nonhispanic,F,Wilbraham  Massachusetts  US,628 Gerlach Lodge Apt 94,Malden,Massachusetts,Middlesex County,25017,02148,42.45423497902126,-71.152560622006,91234.83,107609.89,143929
37fd813b-95b5-5124-b522-98f61c28eaf2,1978-10-03,,999-88-3275,S99977622,X40777177X,Mr.,Dwain139,Man114,West559,,,M,white,nonhispanic,M,Duxbury  Massachusetts  US,692 Metz Bridge,Cambridge,Massachusetts,Middlesex County,25017,02140,42.370631612675126,-71.14434885385784,78849.59,17693.16,655865
090368fa-6d01-ffe9-ab22-274759d413df,2008-05-27,,999-94-4420,S99911589,,Ms.,Annabel185,Miriam769,Strosin214,,,,white,nonhispanic,F,Newton  Massachusetts  US,949 Weber Track Suite 15,Westford,Massachusetts,Middlesex County,,00000,42.557638995423034,-71.44181042354118,54723.09,22296.30,152169
3c90aae2-522c-4d15-eac4-dbc9d245c855,1946-09-03,,999-32-7421,S99963069,X72569079X,Mr.,Jermaine675,Hai304,Hudson301,,,M,white,nonhispanic,M,Springfield  Massachusetts  US,1029 Ritchie Meadow,Boston,Massachusetts,Suffolk County,25025,02110,42.38578857498891,-71.1107756757618,310420.01,1168801.83,69954
88c10280-2ed2-d0e8-a28f-aa5c833a172f,2003-10-29,,999-26-3508,S99931346,X55877208X,Ms.,Leonore418,Lue764,Keeling57,,,,white,nonhispanic,F,Malden  Massachusetts  US,692 Graham Ville Unit 14,Worcester,Massachusetts,Worcester County,25027,01610,42.3966639424475,-71.81888777798648,101070.75,39311.43,144905
5ff81667-c282-209a-23ce-9624a5f68ac7,1966-12-27,,999-69-4891,S99982231,X21217176X,Mrs.,Alesha810,Odell776,Cormier289,,Champlin946,M,white,nonhispanic,F,Winthrop  Massachusetts  US,829 Mosciski Green,Cambridge,Massachusetts,Middlesex County,25017,02472,42.375953967534294,-71.17328516156695,860339.17,87896.48,107061
e96cd32d-e62c-35f1-380b-6cc2b5277cda,1989-08-08,,999-19-7705,S99920616,X25143485X,Mrs.,Talitha643,Carie544,Purdy2,,Tillman293,M,white,nonhispanic,F,Concord  Massachusetts  US,906 Braun Rapid Suite 49,Waltham,Massachusetts,Middlesex County,25017,02451,42.4017568416199,-71.25137968657624,48097.00,882880.14,66631
808dc977-68a9-44e3-19c4-edda9f2fa05a,1926-10-04,,999-74-8239,S99965438,X32091370X,Mrs.,Mellissa304,Ophelia894,Kertzmann286,,Orn563,M,black,nonhispanic,F,Lowell  Massachusetts  US,1066 Hagenes Common,West Springfield,Massachusetts,Hampden County,25013,01089,42.09498211360547,-72.65767003081007,30693.20,903063.12,15780
2d75a062-ab7a-6146-0fbb-005fcfda52ed,1975-08-31,,999-84-8021,S99911461,X21748562X,Mr.,Stuart913,Lou594,Fritsch593,,,S,white,nonhispanic,M,Marshfield  Massachusetts  US,800 Haley Ramp Suite 60,Brockton,Massachusetts,Plymouth County,25023,02301,42.05322813671195,-70.99731081912992,132564.75,26425.03,147400
14a7ae7f-d107-2af8-560a-bc8faf3d84d6,1979-06-16,,999-41-2096,S99984678,X9435001X,Mr.,Mary779,Kareem959,Mante251,,,M,white,hispanic,M,South Hadley  Massachusetts  US,292 Considine Ferry,Hamilton,Massachusetts,Essex County,,00000,42.67125727714354,-70.89589468732106,218677.36,450320.99,72232
dd889038-efc3-a232-777c-55cd32ac1844,1971-01-17,,999-27-6228,S99930491,X4647544X,Mr.,Walter473,Russel238,O'Hara248,,,M,asian,nonhispanic,M,Haiphong  Kiến An  VN,170 Grimes Parade,Boxborough,Massachusetts,Middlesex County,,00000,42.43967596597247,-71.56428176393524,158097.47,71171.77,979409
d251585a-1fcf-5d8b-4201-f0729323f4b4,2003-11-06,,999-49-9845,S99967218,X37706250X,Mr.,Son314,Mohamed943,Jacobi462,,,,white,nonhispanic,M,Boston  Massachusetts  US,862 Hettinger Wynd Suite 67,Easton,Massachusetts,Bristol County,,00000,42.084268773696266,-71.13155576310618,92414.65,2372.22,93636
bc2df62f-8d76-5ef7-e748-a6c800e9522d,1993-12-12,,999-38-2690,S99950736,X39700550X,Mrs.,Ayanna800,Vanda440,Beier427,,Bogan287,M,white,nonhispanic,F,Whitman  Massachusetts  US,617 Quigley Ferry,Malden,Massachusetts,Middlesex County,25017,02148,42.38144757074654,-71.07243551408163,172154.45,710252.43,115716
a5b49db3-d725-510d-3ca8-45c04f586b7c,2006-11-24,2014-12-31,999-85-9173,,,,Delmy607,So684,Glover433,,,,white,nonhispanic,F,Framingham  Massachusetts  US,1044 Terry Divide Unit 0,Westport,Massachusetts,Bristol County,,00000,41.56360344600036,-71.07390065155788,23316.98,0.00,142455
f4996da6-b198-d879-1d6a-28ee32d845f2,2006-08-30,,999-24-7159,S99933503,,Ms.,Machelle279,Mozella148,Graham902,,,,white,nonhispanic,F,Brookline  Massachusetts  US,699 Rath Gardens Apt 41,Winthrop,Massachusetts,Suffolk County,25025,02128,42.392817124517386,-70.96028833007064,4956.43,356864.84,24264
754f714e-c561-cd96-ce6c-043dc3070a8c,2006-11-24,,999-57-1189,S99984114,,Ms.,Renee555,Gaynelle249,Cassin499,,,,white,nonhispanic,F,Uxbridge  Massachusetts  US,443 Carroll Heights,Westport,Massachusetts,Bristol County,,00000,41.550186851054086,-71.12095166766903,55282.12,2424.49,142455
59b8cd68-6999-15e2-d295-d1439d180ca2,1969-05-25,,999-59-9229,S99938581,X37648086X,Mrs.,Wilhemina814,Brittaney358,Keeling57,,Davis923,M,white,nonhispanic,F,Taunton  Massachusetts  US,747 Flatley Common,Swampscott,Massachusetts,Essex County,25009,01907,42.45804723868366,-70.95275557802118,18836.69,1157042.96,22905
0dbbe23b-79c4-528e-1ff7-6984e86bd54d,1982-03-28,,999-50-8212,S99932859,X78406575X,Mr.,Newton741,Antoine384,Zboncak558,,,M,black,nonhispanic,M,Boston  Massachusetts  US,804 Friesen Gardens Apt 90,Holyoke,Massachusetts,Hampden County,25013,01040,42.20549660880995,-72.62458282273465,116013.91,48133.71,29659
54d21fe5-dc2f-5963-8994-d9c52813f7a5,1994-08-28,,999-99-6895,S99968006,X50143683X,Mrs.,Van763,Scarlett814,Ullrich385,,Feeney44,M,white,nonhispanic,F,Boston  Massachusetts  US,826 Berge Spur,Springfield,Massachusetts,Hampden County,25013,01118,42.06123413444247,-72.64201203991317,8726.91,386714.81,19524
fee6ebae-4dfc-5f95-f55c-cb94b79b356f,1982-09-20,,999-71-8576,S99948076,X80088542X,Mrs.,Andera917,Mercy752,Nolan344,,Schmidt332,M,asian,nonhispanic,F,Easton  Massachusetts  US,1013 Lind Crossroad Apt 50,Bedford,Massachusetts,Middlesex County,25017,01730,42.536111678976496,-71.30950695433845,226681.14,253649.08,615705
1f07b336-e20a-6139-c44d-2a882e517a56,2010-06-01,,999-45-6804,S99968971,,,Deshawn686,Francisco472,Beahan375,,,,white,nonhispanic,M,Brockton  Massachusetts  US,531 Pfannerstill Terrace,Buzzards Bay,Massachusetts,Barnstable County,25001,02532,41.703470305066155,-70.61086757413429,38272.00,1083.44,57276
968b808e-bc20-9b4d-83c5-5a9e675df7b0,2007-11-18,,999-31-8338,S99956049,,Ms.,Bea654,Candance389,Bogisich202,,,,white,nonhispanic,F,Boston  Massachusetts  US,168 Lakin Lock Apt 78,Brockton,Massachusetts,Plymouth County,25023,02302,42.047595484510005,-71.0434594376012,30138.41,36806.33,94591
8305a6bc-1245-c2b7-c398-8e4c3890e3e3,2017-09-05,,999-21-2025,,,,Hermila490,Naomi520,Mertz280,,,,white,nonhispanic,F,Westborough  Massachusetts  US,383 Bruen Trace,Boston,Massachusetts,Suffolk County,25025,02116,42.39800571731563,-71.03980358097637,15569.80,0.00,43306
78147505-81ee-d903-edee-b6d032797cea,2004-11-25,,999-53-2950,S99915788,X7011779X,Ms.,Giuseppina753,,Rolfson709,,,,white,nonhispanic,F,Wareham  Massachusetts  US,913 Hartmann Mission Apt 38,Boston,Massachusetts,Suffolk County,25025,02136,42.37907697651979,-71.09597113519277,4649.13,75183.02,8312
5215e599-1583-6247-435a-4560b6032ecd,1976-10-06,,999-30-2104,S99995359,X56838357X,Mrs.,Tyler508,Mira443,Hintz995,,Schoen8,M,asian,nonhispanic,F,Northborough  Massachusetts  US,584 Willms Rapid,Tewksbury,Massachusetts,Middlesex County,,00000,42.63632283378635,-71.21409070060085,644545.93,610071.04,55982
aa82bc5b-0241-8e05-a017-dc05f26a42a8,2010-02-03,,999-87-8121,S99991480,,,Chelsie189,Florentina22,Frami345,,,,white,nonhispanic,F,Wakefield  Massachusetts  US,191 Mann Key Unit 37,Sharon,Massachusetts,Norfolk County,25021,02067,42.14112481974477,-71.1974299824661,37108.69,1492.48,912631
5fe75e29-b4bd-da01-f5e4-9846567ebc27,1978-09-29,,999-27-4912,S99980420,X40091692X,Mr.,Johnathan55,Arnulfo253,Harris789,,,D,white,nonhispanic,M,Duxbury  Massachusetts  US,332 Funk Throughway,Revere,Massachusetts,Suffolk County,25025,02151,42.455769996953464,-71.02859088388045,98448.56,4790.17,144527
92f53b46-20a8-9975-2d77-fd3cd0d3e982,2015-01-20,,999-34-8933,,,,Duane703,Pablo44,Altenwerth646,,,,black,nonhispanic,M,Boston  Massachusetts  US,566 Murphy Crossroad,Arlington,Massachusetts,Middlesex County,25017,02476,42.39571179877151,-71.11743477245192,30687.69,17515.82,52372
41ed7a7d-10e5-d257-e27e-fc15001e90c4,1953-03-06,,999-54-6600,S99922064,X59833203X,Mrs.,Tarra676,,Mertz280,,Runolfsdottir785,M,other,nonhispanic,F,Chelmsford  Massachusetts  US,615 Macejkovic Rest,Methuen,Massachusetts,Essex County,25009,01844,42.77506649429003,-71.19745599965975,312526.56,585736.85,159645
8ab3635f-2c56-dc96-c307-17ce08071e5c,2021-08-28,,999-85-8792,,,,Beau391,Jarrod316,Torphy630,,,,white,nonhispanic,M,Marseille  Provence-Alpes-Cote d'Azur  FR,1099 Walsh Well,West Springfield,Massachusetts,Hampden County,25013,01089,42.09075510944432,-72.6111001467427,13305.40,696.36,62841
4e19fb26-c3da-6f05-9c82-1113a3a13fb7,1988-09-01,,999-94-4795,S99936786,X9068455X,Mr.,Angel97,Vince741,Crooks415,,,M,white,nonhispanic,M,North Attleborough  Massachusetts  US,807 Breitenberg Glen Apt 82,Marshfield,Massachusetts,Plymouth County,25023,02050,42.16127923236584,-70.69245503351739,420082.63,357874.53,56266
b726156e-e209-e64b-1f08-506847189a26,1993-05-07,,999-44-4607,S99966284,X37307850X,Mr.,Salvador46,Eddy900,Bartell116,,,M,white,nonhispanic,M,Franklin  Massachusetts  US,453 Hettinger Extension,Raynham,Massachusetts,Bristol County,,00000,41.921858727973124,-71.03777437067572,67843.80,0.00,73792
002f3582-7cb3-e3d2-810f-7737bd21dc86,1981-04-30,,999-43-4180,S99976491,X83579510X,Mrs.,Alishia395,Laquanda221,Powlowski563,,Metz686,M,white,nonhispanic,F,Boston  Massachusetts  US,900 Dibbert Landing,Lowell,Massachusetts,Middlesex County,25017,01850,42.664151442640154,-71.31271845138782,13320.06,996570.95,15161
5c6ab832-0a5d-d55b-76f6-ca34392e3d39,2018-03-26,,999-54-7407,,,,Daina567,Kaila152,Watsica258,,,,white,nonhispanic,F,Lowell  Massachusetts  US,993 Feeney Mews,Winchester,Massachusetts,Middlesex County,25017,01890,42.48723982276951,-71.18577322666405,9583.18,6095.34,108248
fd407c46-929e-c8dc-3259-8d2fbbdae065,1969-11-28,,999-29-6931,S99965358,X85831721X,Mr.,Efren426,Cesar434,Green467,,,D,other,nonhispanic,M,Plainville  Massachusetts  US,861 Schaefer Mews,Lynn,Massachusetts,Essex County,25009,01902,42.56507705942575,-71.02153171684054,453871.69,338521.09,38887
95102d94-c8d3-08f0-64a2-969106834857,2016-12-25,,999-92-3055,,,,Casimira119,,Lueilwitz711,,,,white,nonhispanic,F,Danvers  Massachusetts  US,628 Harber Fort,Easton,Massachusetts,Bristol County,,00000,42.010234846943575,-71.13579125343317,1752.96,21850.99,9774
dcf4587d-f5f9-bd7e-d466-0221d9fd3720,2017-02-10,,999-80-1806,,,,Jacob959,,Nienow652,,,,black,nonhispanic,M,Cambridge  Massachusetts  US,1000 Braun Vale,Chicopee,Massachusetts,Hampden County,25013,01013,42.24572855892813,-72.51085877788306,21366.25,1316.13,38767
8b6f4a9f-84ba-d029-01ae-9e69d9eb9f5a,2011-03-11,,999-34-1080,,,,Nobuko304,,Hand679,,,,white,nonhispanic,F,Newton  Massachusetts  US,197 Kling Vale,Amherst,Massachusetts,Hampshire County,,00000,42.3461995465223,-72.50038985530757,3095.86,39611.42,1564
9f5c39e9-dda1-b570-977b-63becb6f858f,1990-10-11,,999-66-1615,S99968389,X31781779X,Mrs.,Valentina258,,Wehner319,,Nikolaus26,M,white,nonhispanic,F,North Attleborough  Massachusetts  US,429 Wiegand Mall Unit 59,West Springfield,Massachusetts,Hampden County,25013,01089,42.14685063012961,-72.64396102895235,215150.51,844012.12,176875
312cc0f7-5ddd-a38e-8add-50840937a0c1,2016-02-21,,999-35-7948,,,,Donald774,Federico589,Langworth352,,,,white,nonhispanic,M,Westport  Massachusetts  US,140 Rice Loaf,Mattapoisett,Massachusetts,Plymouth County,,00000,41.665578398638054,-70.8260543459383,1800.00,24548.57,21689
847c0441-c917-4311-5b1c-029e3823eaa2,2020-09-07,,999-31-4366,,,,Eldon28,Russ979,Ryan260,,,,white,nonhispanic,M,Lynn  Massachusetts  US,125 Yundt Road,Beverly,Massachusetts,Essex County,25009,01915,42.576926194783475,-70.88465148037344,32108.65,19145.37,47041
d4a4fdfa-4c64-5523-e037-3913f071f0cc,2014-10-31,,999-26-1061,,,,Dione665,Bao544,Hirthe744,,,,other,nonhispanic,F,Lynn  Massachusetts  US,226 Keebler Forge,Worcester,Massachusetts,Worcester County,25027,01605,42.277738410930255,-71.79307042103571,22538.11,3933.91,40848
bf9cdb8c-3c48-6b59-b5a4-842a94ebe17c,1995-08-01,,999-42-1124,S99943472,X67636710X,Mrs.,Marci572,,Waelchi213,,Armstrong51,M,white,nonhispanic,F,Auburn  Massachusetts  US,266 Goldner Road Unit 79,Somerville,Massachusetts,Middlesex County,25017,02143,42.401028301574115,-71.0732326162715,121064.49,587922.55,714079
e1d8c1b0-9929-0604-be39-7faf302f1c10,2004-08-30,,999-34-1290,S99983739,X7977383X,Mr.,Shon148,Thomas756,Bins636,,,,asian,nonhispanic,M,Haiphong  Kiến An  VN,116 Leannon Lodge Apt 45,Watertown,Massachusetts,Middlesex County,25017,02472,42.353371666925185,-71.13692339063162,12681.91,41223.38,29773
eceba4c3-f560-c897-8fe9-d0829d68bc92,1958-06-18,,999-94-9721,S99941144,X37771460X,Mr.,Rubén780,,Valdés907,,,W,white,hispanic,M,Kingston  Kingston  JM,1058 Cummings View Unit 28,Cambridge,Massachusetts,Middlesex County,25017,02139,42.353283361274535,-71.17317364416142,23597.40,2170200.38,4837
a5c8a17b-8c3f-5f31-16b2-14bac0361724,1958-11-24,,999-70-4796,S99970636,X57753026X,Mr.,Jose871,Toby274,Green467,,,M,white,nonhispanic,M,Methuen  Massachusetts  US,402 Hessel Dale Suite 68,Cambridge,Massachusetts,Middlesex County,25017,02140,42.40691088932984,-71.06926143372958,136670.66,49623.79,59693
a9a8baac-6167-ff14-a006-41cd25aa42ac,1965-05-06,,999-15-5738,S99944059,X39187862X,Mr.,Emanuel231,Scot349,Carroll471,,,M,white,nonhispanic,M,Wayland  Massachusetts  US,146 Donnelly Mews Suite 74,Brookline,Massachusetts,Norfolk County,25025,02215,42.31328254257488,-71.16085650424064,519565.97,359601.09,68637
7fcbea38-0185-c75b-3337-ab5a5157cbce,2015-03-17,,999-21-7266,,,,Thi53,Kathline630,Langworth352,,,,white,nonhispanic,F,Salem  Massachusetts  US,851 Auer Landing,Williamstown,Massachusetts,Berkshire County,25003,01267,42.6497234271661,-73.28232294361177,2570.75,42577.39,16702
d0cab51c-226e-1fc3-e9d7-309aa33ff7e1,1970-07-27,,999-40-1585,S99971057,X48651588X,Mrs.,Steven797,,Mayert710,,Adams676,D,black,nonhispanic,F,Hinsdale  Massachusetts  US,165 Nader Light,Haverhill,Massachusetts,Essex County,25009,01832,42.799455104915154,-71.08159002418797,30316.37,1479713.98,3336
a1ec699b-b1d2-8c2e-e049-a0030f3f71d3,1915-10-16,,999-15-2574,S99941799,X30863145X,Mrs.,Gillian484,Sidney996,Waelchi213,,Daniel959,M,white,nonhispanic,F,Somerset  Massachusetts  US,879 Schuster Tunnel,Hopedale,Massachusetts,Worcester County,25027,01747,42.170689243313625,-71.53421492703265,1178997.97,993426.50,119810
aec06642-4d62-3259-2fe9-7cde79c0a003,1951-04-27,,999-19-8674,S99924948,X27709171X,Mrs.,Earlie274,Germaine912,Thiel172,,Wolf938,D,white,nonhispanic,F,Lynn  Massachusetts  US,890 Bode Tunnel,Worcester,Massachusetts,Worcester County,25027,01608,42.26496873851618,-71.82373761081502,601032.15,128497.84,48048
1eb762c4-0d90-6800-44b5-dccd2991384a,2025-11-08,,999-84-9670,,,,Burton124,Eldon28,Zieme486,,,,white,nonhispanic,M,Waltham  Massachusetts  US,850 Runolfsdottir Skyway,Boston,Massachusetts,Suffolk County,25025,02130,42.39780383943296,-71.1471494201102,2947.33,0.00,90848
25a89f14-e324-2af4-d681-83d45839bd06,1961-09-07,,999-50-2963,S99943628,X15869884X,Mrs.,Jann271,Taryn906,Walter473,,Hoeger474,M,white,nonhispanic,F,Newton  Massachusetts  US,334 Medhurst Divide Apt 32,Westborough,Massachusetts,Worcester County,25027,01581,42.27003626533463,-71.60565869535,601905.39,133184.49,89499
b562cda6-9372-ac9c-9c54-1caeaf031eca,2013-05-27,,999-37-3312,,,,Bryce11,Branden904,Hettinger594,,,,white,nonhispanic,M,Southampton  Massachusetts  US,473 Thompson Parade,Beverly,Massachusetts,Essex County,25009,01915,42.593862472984554,-70.87140256746785,20730.69,16276.14,36712
60db1fef-e06d-62f0-16dd-7e5c697216c4,1965-08-04,,999-57-4983,S99929221,X14365523X,Mrs.,Gussie514,,Walter473,,Huels583,M,white,nonhispanic,F,Kingston  Massachusetts  US,1034 Schoen Gardens,Westfield,Massachusetts,Hampden County,25013,01086,42.1085200864139,-72.77621386692896,284090.51,878976.92,454697
e3903e85-d22e-1c59-bc2d-6092d2c281de,1955-12-04,2021-09-05,999-86-2739,S99911121,X89905505X,Mrs.,Natisha940,Starr864,Abbott774,,Rolfson709,D,white,nonhispanic,F,Boxford  Massachusetts  US,345 Conn Fort Apt 60,Burlington,Massachusetts,Middlesex County,25017,01803,42.521316066743644,-71.2150237625514,1424061.08,1137126.91,55383
bc125d91-f368-a9b6-aa15-0a0c16052100,1973-06-23,,999-76-7021,S99943792,X6908905X,Mr.,Jordon466,Cody889,Wehner319,,,M,white,nonhispanic,M,Chicopee  Massachusetts  US,693 Anderson Gateway Unit 70,Westport,Massachusetts,Bristol County,,00000,41.5631256155168,-71.10146514473746,117498.43,62271.11,78784
1a69de34-5743-cf04-cb01-489988853d07,1988-01-11,,999-41-7814,S99994317,X40361889X,Mrs.,Elfrieda676,Nicole384,Watsica258,,Bauch723,M,white,nonhispanic,F,Pittsfield  Massachusetts  US,313 Cummings Ranch Apt 20,Somerville,Massachusetts,Middlesex County,25017,02138,42.41920032795515,-71.07416813289316,219491.34,391614.47,84975
b201e53b-bcbd-0d64-b505-a365ed744c80,1930-03-10,,999-74-7060,S99961388,X50832862X,Mr.,Bennie663,Val761,Simonis280,,,M,white,nonhispanic,M,Chelsea  Massachusetts  US,811 Nikolaus Green,Boston,Massachusetts,Suffolk County,25025,02203,42.28068780910099,-71.13877156148763,32384.93,636362.17,20174
d142ddf7-a2da-6848-5cec-9297abb8d3ea,1982-07-01,,999-63-3955,S99924029,X31355166X,Mrs.,Ruthann382,Britany225,Schultz619,,Thiel172,M,black,nonhispanic,F,Hingham  Massachusetts  US,878 Ritchie Lock Apt 82,Boston,Massachusetts,Suffolk County,25025,02126,42.36132129816977,-71.08346978864188,142819.63,1582419.84,777453
ad4d00e6-7899-f33a-c553-3fdb7ded3aaa,1963-02-23,,999-60-9591,S99934664,X71035861X,Mr.,Ivory697,,Schulist381,,,S,white,nonhispanic,M,Fall River  Massachusetts  US,505 Turcotte Flat,Concord,Massachusetts,Middlesex County,,00000,42.454204846974804,-71.36207385006347,189735.00,171905.31,165355
002706a0-e7c3-ce69-90b8-696cf2676d4c,1983-03-16,,999-90-7967,S99997303,X56576793X,Mrs.,Leslie90,Thersa321,Kunze215,,Bartoletti50,M,white,nonhispanic,F,Milton  Massachusetts  US,893 Schiller Mews Suite 51,Medford,Massachusetts,Middlesex County,25017,02145,42.34479715462527,-71.05604720731833,173784.85,376773.30,68546
fd005671-a99e-692a-7b83-e4d470d25ac1,1955-12-04,,999-79-2501,S99971161,X82059942X,Ms.,Mazie442,,O'Connell601,,,S,white,nonhispanic,F,Boston  Massachusetts  US,374 Jaskolski Mall,Burlington,Massachusetts,Middlesex County,25017,01730,42.500605016932155,-71.1605629370405,765132.50,536949.66,55383
ce5912de-d7a2-663f-400c-9c31d1821c1b,2002-11-02,,999-36-9889,S99990552,X41910457X,Ms.,Leonila462,Ashlyn643,Schamberger479,,,,white,nonhispanic,F,Boston  Massachusetts  US,1003 Beahan Track Apt 8,Boston,Massachusetts,Suffolk County,25025,02120,42.27423378762125,-71.13898160236165,8421.29,632170.67,19485
9504c280-41a0-adf6-4927-b029607f76d3,1998-05-17,,999-59-7721,S99945150,X17052308X,Mr.,Elijah719,Mohamed943,Roob72,,,M,white,nonhispanic,M,Peabody  Massachusetts  US,853 Friesen Lane,Middleborough,Massachusetts,Plymouth County,,00000,41.8534679022678,-70.90940398075202,62053.75,2326.64,90419
719dc0b2-4367-48bc-a823-2abfdd1e2561,2002-05-18,,999-94-9982,S99978500,X49582019X,Mr.,Cyrus914,Jamie386,Blick895,,,,white,nonhispanic,M,Brockton  Massachusetts  US,149 Bergstrom Common Apt 94,New Bedford,Massachusetts,Bristol County,25005,02747,41.68905934206248,-70.87564995752079,5676.33,72341.22,11539
83426bbb-9d09-b51e-76f6-3e4924e445bd,2003-03-15,,999-58-1377,S99994309,X14592904X,Mr.,Tyrone215,Leopoldo762,Walter473,,,,white,nonhispanic,M,Winchester  Massachusetts  US,263 Lang Trace Unit 19,Boston,Massachusetts,Suffolk County,25025,02199,42.41117608715957,-71.07122483464418,77665.08,594469.48,32181
98693edf-ff68-7dff-24f3-d53c7dcdaa9b,1999-01-09,,999-47-3877,S99918042,X39996942X,Mr.,Anthony633,Abe604,Mosciski958,,,,asian,nonhispanic,M,Dracut  Massachusetts  US,792 Reilly Extension,Medford,Massachusetts,Middlesex County,25017,02155,42.407265623590845,-71.13755988322391,63261.92,4111.05,97818
e684c726-4f00-14bc-a343-69a3fa7dd33f,2012-05-13,,999-94-7544,,,,Nancee600,Sibyl335,Bins636,,,,black,nonhispanic,F,Tewksbury  Massachusetts  US,409 Kilback Ferry,Dartmouth,Massachusetts,Bristol County,,00000,41.59622237258989,-70.98704514519339,2708.68,73390.99,11353
2e312680-1ef2-926e-3478-03f08d6016a1,1965-03-13,,999-52-1223,S99940969,X4992130X,Mr.,Andreas188,Cortez851,Maggio310,,,S,white,nonhispanic,M,Randolph  Massachusetts  US,886 Gerlach Highlands Unit 74,Acton,Massachusetts,Middlesex County,,00000,42.515060100991086,-71.42878426947703,163291.84,84498.67,95647
32dfb26a-ad6d-2b44-c890-c831393ff564,1957-07-29,2021-08-23,999-60-3683,S99961231,X43047301X,Ms.,Ardell826,Alesia841,Bode78,,,S,white,nonhispanic,F,Everett  Massachusetts  US,593 DuBuque Branch Suite 82,South Yarmouth,Massachusetts,Barnstable County,25001,02664,41.72427578241461,-70.18052196827718,232665.59,530451.30,30592
4fddb8ea-0e30-04e6-fd1f-0668b5fdf2a3,1966-05-24,,999-50-2964,S99949167,X8845864X,Mrs.,Jenee387,Venessa867,Kozey370,,Wisoky380,W,white,nonhispanic,F,Methuen  Massachusetts  US,685 Kutch Vista Unit 7,Framingham,Massachusetts,Middlesex County,25017,01701,42.305330407282845,-71.48723982775326,476096.59,354980.53,51114
2864dc96-7f2f-2785-2edf-69ab071db8a7,1955-12-06,,999-33-1538,S99965673,X76514664X,Mrs.,Kirsten270,Eneida722,Smith67,,Daugherty69,M,white,nonhispanic,F,Norton  Massachusetts  US,910 Simonis Camp Apt 44,Duxbury,Massachusetts,Plymouth County,25023,02332,42.0701422515481,-70.73395729003352,967159.01,369035.92,48070
70b34d42-ca97-7d7f-d71f-aedc25fcbf7a,1999-12-04,,999-27-2484,S99989500,X3634759X,Ms.,Nikia872,Renita685,DuBuque211,,,,white,nonhispanic,F,Westport  Massachusetts  US,561 White Underpass,Springfield,Massachusetts,Hampden County,25013,01107,42.13949126749746,-72.52598415729285,113797.76,818692.23,87352
9be1906d-d3ac-85c1-3f05-a0098831d1d1,1957-07-29,,999-51-6052,S99968731,X83240603X,Mrs.,Reagan466,Evangelina20,D'Amore443,,Ernser583,M,white,nonhispanic,F,Dracut  Massachusetts  US,346 McLaughlin Hollow,South Yarmouth,Massachusetts,Barnstable County,25001,02664,41.70674263868355,-70.23078288955001,309109.37,875424.75,30592
7711fc93-9e88-e609-890c-d25338c91338,1949-01-16,,999-74-8480,S99993893,X26158898X,Mrs.,Enedina292,,Bins636,,McLaughlin530,W,white,nonhispanic,F,Chicopee  Massachusetts  US,964 Kshlerin Key Unit 22,Peabody,Massachusetts,Essex County,25009,01940,42.50579643459477,-71.02949281991194,530054.90,700658.44,42327
a7f6b6a5-a708-6f33-2c7f-5da1b7e32acd,1994-04-21,,999-63-3249,S99995314,X86634436X,Mr.,Abel832,Gerardo48,King743,,,M,black,hispanic,M,Quincy  Massachusetts  US,472 Grant Extension,Palmer,Massachusetts,Hampden County,25013,01079,42.20737798053766,-72.26229661069154,78644.91,29370.17,28029
ae066723-ce1f-df83-4950-b991f5c72392,1977-09-28,,999-99-3381,S99938136,X87934754X,Mrs.,Dan465,,Kuvalis369,,Roberts511,M,black,nonhispanic,F,Northborough  Massachusetts  US,950 Crona Pathway,Quincy,Massachusetts,Norfolk County,25021,02170,42.25643697831614,-70.97726851919639,15716.24,378162.93,9841
bd67cd1d-c565-af75-1b40-194f9d7197cd,2004-06-12,,999-54-7432,S99964237,X311042X,Ms.,Patrica776,Caridad510,MacGyver246,,,,white,nonhispanic,F,Boston  Massachusetts  US,662 Effertz Forge Suite 85,Lowell,Massachusetts,Middlesex County,25017,01852,42.609062205998605,-71.32522078997964,91924.13,197011.66,27048
4ed3ad2b-3f3d-7793-f8cf-c70214d2892e,2004-07-28,,999-32-9003,S99930672,X40114349X,Mr.,Roosevelt595,,Braun514,,,,asian,nonhispanic,M,Westwood  Massachusetts  US,141 Schowalter Mission,Methuen,Massachusetts,Essex County,25009,01844,42.76162917697403,-71.18569953668539,4991.91,56236.60,7844
893df924-569e-12ec-1258-eff15955c2c4,1959-02-24,1997-11-16,999-50-4939,S99914138,X72862526X,Ms.,Albina13,Mariel814,Bosco882,,,S,white,hispanic,F,Weston  Massachusetts  US,972 Reichel Park Apt 96,Gloucester,Massachusetts,Essex County,25009,01930,42.6736002276009,-70.72224374263561,187525.58,757354.15,97415
bfc62ef2-4283-08a4-4e6e-1843d983a14a,1991-06-11,,999-74-8135,S99933404,X17187948X,Mr.,Mariano761,Logan497,Williamson769,,,M,white,nonhispanic,M,Attleboro  Massachusetts  US,440 Gerhold Loaf Apt 13,Saugus,Massachusetts,Essex County,25009,01906,42.51548992055265,-70.99647065581418,71530.74,7371.41,57965
2a2237e8-15f8-b9a9-f1b6-75a71f2bc978,1972-12-23,,999-28-1958,S99987876,X41950821X,Mr.,Monte325,Norberto865,Wiza601,,,M,white,nonhispanic,M,Braintree  Massachusetts  US,1063 Jerde Viaduct Unit 23,East Bridgewater,Massachusetts,Plymouth County,,00000,42.07602972388538,-70.98839065367126,161105.02,16417.61,125224
9963e0e6-20a4-4104-8d75-4704e88dd4c8,1974-12-07,,999-65-2211,S99993443,X39506175X,Mr.,Mel236,Edward499,Baumbach677,,,M,white,nonhispanic,M,Ocean Grove  Massachusetts  US,136 Balistreri Crossroad Unit 34,Sharon,Massachusetts,Norfolk County,25021,02067,42.06867476075177,-71.14735341302105,232393.01,62286.01,55215
7fceb59f-bb57-2ad2-d0a4-1eefcb482af8,1959-02-24,2004-06-30,999-60-3677,S99968829,X38728633X,Mrs.,Liberty95,Gema698,Emard19,,Bahringer146,D,white,hispanic,F,Watertown  Massachusetts  US,604 Herzog Forge Suite 92,Gloucester,Massachusetts,Essex County,25009,01930,42.63835017526008,-70.64198665685784,924158.48,202967.06,97415
28de3e29-eeb3-3604-5fd0-4a6b6e1b3487,1978-01-02,,999-25-1737,S99949041,X79135546X,Mrs.,Adelia946,Robbyn526,Carroll471,,Emard19,M,white,nonhispanic,F,Leominster  Massachusetts  US,968 Runte Gardens,Boston,Massachusetts,Suffolk County,25025,02131,42.31682315229901,-71.03589276299837,547185.11,784112.44,84995
96e9ae6d-45ed-9562-2031-67330266d5ee,1984-03-09,,999-98-5596,S99956286,X88181751X,Mr.,Brice635,Johnathon489,Leffler128,,,M,white,hispanic,M,Quincy  Massachusetts  US,117 Jast Burg Suite 13,Weymouth,Massachusetts,Norfolk County,25021,02190,42.274071511504054,-70.98954142538263,105254.36,0.00,90362
8da8e69e-287f-be86-1ae8-608bfee44fbd,1980-07-03,,999-39-8818,S99999114,X48780094X,Mr.,Ryan260,,Davis923,,,M,white,nonhispanic,M,Gardner  Massachusetts  US,547 Paucek Frontage road,Hull,Massachusetts,Plymouth County,25023,02045,42.3441624994956,-70.90186208333745,111145.76,67048.03,151717
06547769-32f0-9304-c7fc-1fabdd6481b2,1979-11-11,,999-63-1508,S99929609,X78841714X,Mrs.,Leonore418,,Okuneva707,,Walker122,D,white,nonhispanic,F,Palermo  Sicily  IT,855 Nitzsche Corner Apt 54,Yarmouth,Massachusetts,Barnstable County,,00000,41.68830203445406,-70.18059786538261,317440.96,614072.32,38420
9de41232-9923-7c98-368d-71d1b558741e,2017-02-04,,999-95-8178,,,,Pricilla716,Nelida367,Berge125,,,,white,nonhispanic,F,Foxborough  Massachusetts  US,789 Spinka Boulevard,Brookline,Massachusetts,Norfolk County,25021,02445,42.35005611518993,-71.17303244508,18842.52,348.79,750997
657606ad-b2b6-61dc-4fe9-d22c6d6e3c2e,1959-02-24,,999-29-4111,S99982479,X16718489X,Mrs.,Priscila9,Hettie215,Jakubowski832,,Morissette863,M,white,hispanic,F,Weymouth  Massachusetts  US,1014 Schmeler Path,Gloucester,Massachusetts,Essex County,25009,01930,42.64506774289265,-70.6630251342551,696144.36,378626.01,97415
69364d3b-7c3f-45b4-02bf-e8e97577f8fd,1965-01-27,,999-38-5628,S99947741,X27416701X,Mr.,Johnson679,Emil691,Zemlak964,,,D,white,nonhispanic,M,Norton Center  Massachusetts  US,386 Lehner Ville Suite 76,New Seabury,Massachusetts,Barnstable County,,00000,41.53856662514857,-70.4636881017827,41258.55,210530.77,117451
eaa00186-9a53-8bff-3620-f62fb79b237d,1976-11-09,,999-17-7781,S99935656,X459856X,Mrs.,Rossana121,Sanora914,Bashirian201,,Ankunding277,M,white,nonhispanic,F,New Bedford  Massachusetts  US,684 Shields Promenade,West Boylston,Massachusetts,Worcester County,,00000,42.37966021958933,-71.81963906265655,249444.44,799051.73,134201
9f3c37a7-9932-231c-866c-9ed7230c34aa,1977-11-30,,999-25-6935,S99927001,X76148973X,Mr.,Julian715,Moises22,Mayer370,,,M,white,hispanic,M,Boston  Massachusetts  US,548 Haag Fork,Lynn,Massachusetts,Essex County,25009,01902,42.44508056176094,-70.92367991540867,72824.42,14633.74,92513
9629c759-ee45-4b38-a9b9-416f94d339ca,1984-06-16,,999-48-3284,S99936355,X9226300X,Mrs.,Laraine204,Gay359,Lowe577,,O'Connell601,M,white,nonhispanic,F,Lynn  Massachusetts  US,857 Anderson Skyway Apt 43,Upton,Massachusetts,Worcester County,25027,01568,42.182928871452,-71.56345624534947,877020.75,565371.02,69348
88a93b32-30a0-0a90-e981-d49faff9d681,2018-04-20,,999-87-4464,,,,Beth967,,Bosco882,,,,white,nonhispanic,F,Maynard  Massachusetts  US,525 Adams Wynd Suite 51,Randolph,Massachusetts,Norfolk County,25021,02368,42.17422416090304,-71.06993309713583,28721.56,4452.29,323533
8fdd74c3-782b-63f5-f339-73c4f7d60bde,2002-12-30,,999-15-3823,S99912736,X58632705X,Ms.,Modesta635,Ilse197,Kulas532,,,,white,nonhispanic,F,Marshfield  Massachusetts  US,378 Strosin Pathway Suite 23,Billerica,Massachusetts,Middlesex County,,00000,42.55822255258976,-71.28430504863653,104441.15,108559.31,133885
298b1fe6-aadd-2542-bc7d-593592fa3047,1979-05-04,,999-71-6541,S99928036,X42305815X,Mrs.,Oretha285,Sierra982,McKenzie376,,Kuhn96,M,white,nonhispanic,F,Worcester  Massachusetts  US,847 Flatley Corner,Weweantic,Massachusetts,Plymouth County,,00000,41.77302599376906,-70.72462403680584,95743.10,976984.13,24632
82bea4c7-a076-fc72-a649-8d97be377962,2019-10-04,,999-21-9962,,,,Neville893,Stephan15,O'Connell601,,,,white,nonhispanic,M,Medfield  Massachusetts  US,276 Simonis Dale,Fall River,Massachusetts,Bristol County,25005,02724,41.62611899562237,-71.14016894954572,8570.40,7553.42,29322
b882f934-4aeb-6bd3-3981-e5a4c603940f,1983-09-07,,999-64-8804,S99977884,X28008974X,Mr.,Jc393,,Strosin214,,,D,white,nonhispanic,M,Gardner  Massachusetts  US,583 Wiza Grove Suite 85,West Springfield,Massachusetts,Hampden County,25013,01089,42.08650082050585,-72.65781286064075,390688.75,281600.63,46561
7759defb-8b50-4a08-34cb-05851aaf0d29,1975-10-08,,999-66-8724,S99940176,X65183014X,Mrs.,Tressa150,Collette420,Kunze215,,Marks830,M,white,nonhispanic,F,Rowley  Massachusetts  US,975 Klein Branch Apt 98,Falmouth,Massachusetts,Barnstable County,25001,02540,41.53421616094121,-70.6162712861906,239595.16,87381.57,61940
304a5507-4a70-7882-ccfd-f4a728b84947,2020-11-23,,999-41-3169,,,,Julio255,Jamie386,Stiedemann542,,,,white,nonhispanic,M,Boston  Massachusetts  US,305 Zulauf Lock,North Attleborough,Massachusetts,Bristol County,,00000,41.98260568210574,-71.32029507523845,15825.85,28311.18,88640
ca325088-2abd-08b1-0cc7-4503feba3fc4,1975-04-26,,999-38-5663,S99910131,X54258338X,Mrs.,Lael572,,Jacobson885,,Hansen121,M,white,nonhispanic,F,Malden  Massachusetts  US,363 Ullrich Estate,Lynn,Massachusetts,Essex County,25009,01905,42.506565192119766,-70.93417491421035,21605.56,405523.55,4558
79627ffc-e518-0036-3d87-95d4c6a54ad4,2007-03-20,,999-73-6427,S99914253,,Ms.,Adriane398,Tiny880,Cummings51,,,,white,nonhispanic,F,Cambridge  Massachusetts  US,899 Hagenes Green Unit 30,Holyoke,Massachusetts,Hampden County,25013,01040,42.22424609468552,-72.68961226188237,55418.82,151148.26,76308
097f219f-08c8-4e61-7086-a5b68187b210,2021-03-02,,999-62-1206,,,,Royce974,Otha286,Maggio310,,,,white,hispanic,M,Grafton  Massachusetts  US,585 Schmidt Hollow,Worcester,Massachusetts,Worcester County,25027,01602,42.20071121762308,-71.83022647176551,15739.36,5359.30,54315
2efdb25e-2e42-c012-248b-74d346de4e47,1965-09-18,,999-13-6752,S99996866,X27279509X,Mrs.,Magaly973,Patricia625,Huel628,,Schamberger479,M,white,nonhispanic,F,Somerville  Massachusetts  US,140 Kihn Rue Apt 10,Ipswich,Massachusetts,Essex County,25009,01938,42.69815344008168,-70.84381700202717,832032.44,605605.30,65104
94800638-32c3-e264-42f8-6324a036cc21,1957-04-15,,999-89-2191,S99925746,X57597883X,Mrs.,Sarita454,Joslyn677,Heller342,,Lemke654,M,white,hispanic,F,Quincy  Massachusetts  US,1084 Walsh Path Unit 12,Springfield,Massachusetts,Hampden County,25013,01128,42.19900453947403,-72.49715201543084,828557.35,386897.04,49402
fc8d8dcd-ae02-704b-6177-d19aee2029dc,1951-08-05,,999-33-9871,S99986782,X39973709X,Ms.,Magali989,Heidi513,Kuvalis369,,,S,asian,nonhispanic,F,Brockton  Massachusetts  US,534 Pfannerstill Crossing Suite 29,Wakefield,Massachusetts,Middlesex County,25017,01880,42.466821149996406,-71.08298816076932,802228.12,128234.60,111941
e9801446-7d5f-0ea4-65bc-c5325086f06d,1965-12-14,2023-03-16,999-39-1959,S99922694,X25574828X,Mr.,Elisha578,Ricky354,Buckridge80,,,M,white,nonhispanic,M,Hopkinton  Massachusetts  US,785 Gislason Harbor Suite 78,Springfield,Massachusetts,Hampden County,25013,01128,42.15786098195521,-72.59439644031337,15339.35,249243.08,12587
ef7df4c4-eb2e-0068-fbbd-0327b678982c,2018-06-21,,999-65-4850,,,,Marceline716,Marquerite715,Lindgren255,,,,white,nonhispanic,F,Tewksbury  Massachusetts  US,332 Gerhold Spur,Springfield,Massachusetts,Hampden County,25013,01151,42.137276847925584,-72.64802108354185,3862.67,26546.23,11601
938deb1e-1386-5cc9-fc5d-779d742546d5,1985-03-27,,999-34-9581,S99947017,X81888332X,Mrs.,Darnell564,Irmgard696,Terry864,,Little434,M,other,nonhispanic,F,Watertown  Massachusetts  US,871 Renner Crossroad Unit 74,Chicopee,Massachusetts,Hampden County,25013,01022,42.23485449594765,-72.5028392392815,141528.89,487747.44,30065
831ccdc8-2a34-2af5-0083-c46b10f98edd,1956-08-11,,999-18-7606,S99950255,X77557972X,Ms.,Toby274,Elin732,Bode78,,,S,white,nonhispanic,F,Fitchburg  Massachusetts  US,394 Bogisich Corner Unit 22,Marshfield,Massachusetts,Plymouth County,25023,02050,42.07114865677531,-70.72032892088814,388880.45,662162.21,788363
b3a4d9fb-f288-2c40-1e58-32206d39ff4a,1965-12-14,,999-91-6870,S99930838,X66431404X,Mr.,Randolph418,Shaun461,VonRueden376,,,M,white,nonhispanic,M,Worcester  Massachusetts  US,762 Bergstrom Knoll,Springfield,Massachusetts,Hampden County,25013,01013,42.10803883709852,-72.49127994185216,10533.48,222926.73,12587
6c0a0923-fae5-ae9f-1471-866191d8dfde,2021-02-25,,999-35-4895,,,,Erick204,Xavier983,Hand679,,,,white,nonhispanic,M,Everett  Massachusetts  US,110 Friesen Union,Springfield,Massachusetts,Hampden County,25013,01128,42.060649535043595,-72.59732854940123,1050.00,8396.33,17717
f86d1ae2-0999-1520-6a2e-b3a11131adfc,1974-12-09,,999-15-3620,S99988125,X84549763X,Mrs.,Leonila462,Etsuko685,Nikolaus26,,Bartell116,D,white,nonhispanic,F,Lynnfield  Massachusetts  US,976 Harvey Way Apt 50,Stoughton,Massachusetts,Norfolk County,,00000,42.12093780658972,-71.12466705038602,12870.35,816062.84,21261
9191bb08-af22-ec71-f4f4-424d6b3210a9,1962-04-23,,999-81-3990,S99956973,X15230208X,Mr.,Edwardo860,Granville802,Wisozk929,,,S,white,nonhispanic,M,Milton  Massachusetts  US,769 Gorczany Green Suite 75,Natick,Massachusetts,Middlesex County,,00000,42.28546067444159,-71.29945315646003,17688.54,825398.60,22754
b51ec459-065c-fffd-5981-0ab06a812fdc,2004-10-22,,999-46-8313,S99911834,X85074278X,Ms.,Azzie965,Joann92,Marquardt819,,,,black,nonhispanic,F,Attleboro  Massachusetts  US,656 Schuppe Heights Unit 0,Boston,Massachusetts,Suffolk County,25025,02126,42.2544549205406,-71.0847608886907,5411.32,150101.89,12142
25345047-46cc-2213-72da-5c5bca17d35e,1960-05-01,,999-41-1121,S99919256,X75533825X,Mr.,Ian270,Carmelo33,Bartoletti50,,,M,asian,nonhispanic,M,Bangalore  Karnataka  IN,851 Hand Neck Suite 21,Chelmsford,Massachusetts,Middlesex County,,00000,42.61067217513422,-71.36329197002331,316276.87,4399.93,66876
e57f76ce-5561-94a4-8210-3127feb14131,1966-09-25,2019-08-14,999-37-5219,S99937915,X82326325X,Mr.,Rolf983,Scotty190,Weber641,,,S,white,nonhispanic,M,Lawrence  Massachusetts  US,409 Farrell Wynd,Otis,Massachusetts,Berkshire County,,00000,42.23844313341628,-73.05927758575098,119624.97,31911.19,69833
4569b014-3cd7-e52f-2b6e-3c7ee3e2f044,2010-12-24,,999-22-2556,,,,Roy364,,Leffler128,,,,white,nonhispanic,F,Wareham Center  Massachusetts  US,325 Hodkiewicz Brook Unit 5,Cambridge,Massachusetts,Middlesex County,25017,02138,42.33903340226627,-71.09292723412351,54869.47,10448.54,812849
1e7529c3-8731-60d1-e5eb-3cd4914953e2,1962-12-29,2021-10-09,999-64-3692,S99971513,X22127379X,Mrs.,Yoshie761,Dian810,Bashirian201,,Stamm704,D,white,nonhispanic,F,Boston  Massachusetts  US,858 Hickle Wynd Suite 45,Westfield,Massachusetts,Hampden County,25013,01086,42.09016635930759,-72.80246435625777,705908.46,299731.18,50923
6db0ba69-0ca2-61d1-f378-59202ff26a53,1941-09-19,2020-06-11,999-90-5718,S99970074,X76866088X,Ms.,Glenn0,Madalyn472,Kreiger457,,,S,white,hispanic,F,Greenfield  Massachusetts  US,954 Schinner Mall,Lynn,Massachusetts,Essex County,25009,01906,42.56752408457607,-71.0120698550021,606489.70,266778.13,85632
dd98c14f-f07d-04de-6a36-5660d36dbb28,1984-04-26,,999-58-3869,S99993807,X36419607X,Mr.,Jonathan639,Harrison106,Turner526,,,D,white,nonhispanic,M,Cambridge  Massachusetts  US,1052 Hammes Highlands Apt 73,Brockton,Massachusetts,Plymouth County,25023,02351,42.05093575840905,-70.96871674292909,14086.94,872163.48,23293
2c04722e-7fc3-669b-1103-824664a20292,1966-09-25,,999-37-8712,S99924606,X2682905X,Mr.,Raul814,,Dickens475,,,M,white,nonhispanic,M,Templeton  Massachusetts  US,118 Friesen Road,Otis,Massachusetts,Berkshire County,,00000,42.24009579395356,-73.11315032137927,151794.58,78662.32,69833
560f8423-3b08-88b3-f3ac-991a3a8bf540,2015-05-08,,999-38-3745,,,,Tobie99,,Sawayn19,,,,white,nonhispanic,F,Somerville  Massachusetts  US,349 Von Bridge,Saugus,Massachusetts,Essex County,25009,01906,42.485718334345314,-71.02663246438271,36068.63,958.72,198881
7b44f09a-e23b-1222-e94e-b163688c5f00,2015-04-11,,999-98-6049,,,,Manual570,Clayton230,Bradtke547,,,,white,nonhispanic,M,Foxborough  Massachusetts  US,821 Hegmann Highlands,Chicopee,Massachusetts,Hampden County,25013,01022,42.19223978396602,-72.49530919012625,29740.40,493.84,139283
5030b165-2f10-c7a1-8192-4e6d27d6bb3b,1962-12-29,,999-12-1038,S99910588,X50083110X,Mrs.,Loyce848,Flora200,Braun514,,Monahan736,M,white,nonhispanic,F,Lowell  Massachusetts  US,1043 Mayert Road,Westfield,Massachusetts,Hampden County,25013,01085,42.15307362407703,-72.73830033676079,391538.50,0.00,50923
d90082b7-9e37-d2df-51dd-266c4f928598,2021-05-14,,999-86-6884,,,,Troy560,Fletcher87,Shanahan202,,,,asian,nonhispanic,M,Norton Center  Massachusetts  US,505 Gusikowski View,Waltham,Massachusetts,Middlesex County,25017,02453,42.42405459440705,-71.25794171849459,995.86,15895.02,16376
3ee3fbb5-3d8a-682a-1a8a-bc118a410ba5,1987-07-19,,999-29-3807,S99976289,X38675717X,Mr.,Buddy254,Frederick289,Wehner319,,,S,white,nonhispanic,M,Westfield  Massachusetts  US,583 Zieme Union Suite 55,Wellesley,Massachusetts,Norfolk County,25021,02481,42.30164099712985,-71.27265042090713,95046.87,20383.04,523748
3ad3cc12-e920-9963-6e78-3a2d7da63a52,1941-09-19,,999-39-2825,S99978599,X77765213X,Ms.,Leighann368,Hilde556,Metz686,,,S,white,hispanic,F,Everett  Massachusetts  US,460 Sawayn Drive,Lynn,Massachusetts,Essex County,25009,01902,42.44639195468495,-70.92503858685804,791172.58,844904.60,85632
39c53752-18b0-69a3-fcd4-46f721043b81,1988-05-21,,999-89-4958,S99994310,X48928199X,Mr.,Woodrow571,,Trantow673,,,M,white,nonhispanic,M,Boston  Massachusetts  US,436 Klocko Parade,Easton,Massachusetts,Bristol County,,00000,42.06995518552089,-71.12885280100546,109100.93,39601.04,184675
fdd9e4ac-2df1-7973-a60e-a6693c708266,1962-09-24,,999-65-2119,S99954280,X49492610X,Mrs.,Rosalind66,Evangelina20,Klein929,,Gerhold939,M,white,nonhispanic,F,Boston  Massachusetts  US,408 Stanton Passage Apt 69,Boston,Massachusetts,Suffolk County,25017,02467,42.2957881197904,-71.01885648803876,124985.16,342399.42,442583
61185433-7145-0774-734a-a56a94a3e5c3,1956-10-16,,999-77-1995,S99936674,X49670818X,Mr.,Erin498,,Luettgen772,,,M,white,nonhispanic,M,Boston  Massachusetts  US,744 Becker Loaf,Weymouth,Massachusetts,Norfolk County,25021,02189,42.22600830213037,-70.97708163170311,160209.49,77095.23,182773
48bdf41a-6895-7c6c-1e74-d026c90a2c82,2016-10-21,,999-61-3864,,,,Cinthia596,Winter723,Goyette777,,,,white,nonhispanic,F,Dennis Port  Massachusetts  US,444 Fahey Highlands,Cohasset,Massachusetts,Norfolk County,,00000,42.29022615864039,-70.79052253986012,24956.65,131.73,641761
1340d123-68b9-9db6-c499-df86c39ce4c9,1977-04-12,,999-53-2930,S99925947,X14598169X,Mr.,Ramiro608,,Roberts511,,,D,white,nonhispanic,M,Springfield  Massachusetts  US,1028 Buckridge Fort,Falmouth,Massachusetts,Barnstable County,25001,02540,41.61704065743688,-70.63700214030595,9218.83,135853.57,5808
daac2382-ef8f-77de-f845-3b5a538beb7b,1974-08-25,,999-51-4412,S99914306,X74183254X,Mr.,Fabian647,Ellis535,Bahringer146,,,M,black,nonhispanic,M,Amesbury  Massachusetts  US,976 Collier View Suite 24,Concord,Massachusetts,Middlesex County,,00000,42.49718630409304,-71.33717580556683,98424.28,40766.05,376127
614ada37-c105-d88f-4e5f-b475b6d45a0f,1951-10-23,,999-58-7831,S99944011,X65799920X,Mr.,Martin117,Prince887,Greenfelder433,,,M,white,nonhispanic,M,Newburyport  Massachusetts  US,824 Feest Club Suite 41,Lowell,Massachusetts,Middlesex County,25017,01851,42.6137918703123,-71.29295932487044,114822.15,169345.55,57269
2e3e48d2-515c-3f88-434d-52c92db77dde,1985-06-21,,999-10-8483,S99994925,X52148359X,Mr.,Toby274,Denny560,Kirlin939,,,M,white,nonhispanic,M,Yarmouth  Massachusetts  US,456 Schowalter View Suite 42,Newton,Massachusetts,Middlesex County,25017,02468,42.36162759563901,-71.18489419151996,69828.36,10069.55,680099
672e12fb-545f-6211-961f-9824bc0a0d03,1997-11-11,,999-56-2623,S99986110,X85461920X,Mr.,Alden634,Abram53,Wuckert783,,,M,white,nonhispanic,M,Seekonk  Massachusetts  US,113 Rempel Mill,Worcester,Massachusetts,Worcester County,25027,01609,42.32807302064756,-71.75887620361478,18662.16,65639.09,25368
befa48fc-5887-8683-4eee-b0a0bd82c741,1984-07-20,2012-12-10,999-66-4630,S99938784,X60717986X,Mrs.,Michelle423,Charisse42,Schoen8,,Stracke611,M,black,nonhispanic,F,New Bedford  Massachusetts  US,866 Jones Throughway Apt 36,Medway,Massachusetts,Norfolk County,,00000,42.149183408496086,-71.39147274072369,203536.13,822670.72,88101
32166c44-cccf-3455-66e3-efadcbf359cb,1982-11-04,,999-13-5194,S99998411,X49712106X,Mr.,Brock407,Jacob959,Wunsch504,,,M,white,nonhispanic,M,Boston  Massachusetts  US,1008 Gerlach Arcade Suite 81,Norwood,Massachusetts,Norfolk County,25021,02062,42.18889121670386,-71.20548507108403,125566.84,0.00,108252
597ef6a4-7ca0-d0e8-b788-9d02c0428bdd,1982-07-08,,999-85-6719,S99944391,X46938343X,Mrs.,Neta452,Raymond398,Watsica258,,Bauch723,M,white,nonhispanic,F,Newton  Massachusetts  US,203 Torphy Arcade Unit 25,Mashpee Neck,Massachusetts,Barnstable County,,00000,41.60041772191803,-70.45174866804773,154226.57,168785.00,672282
7c5498fe-0c2a-cbd9-0a32-1d779b4d4653,2002-02-25,,999-40-1030,S99910438,X60546523X,Ms.,Margarite168,Tamiko523,Langworth352,,,,white,nonhispanic,F,Fall River  Massachusetts  US,214 Greenfelder Corner Apt 43,North Attleborough,Massachusetts,Bristol County,,00000,41.93634358515615,-71.37734510165488,48217.93,242486.10,46977
7e44acf5-5f62-04d3-d695-8751aabf9806,1992-09-08,,999-60-8738,S99960176,X52357079X,Mr.,Kris249,Basil991,Moen819,,,M,asian,nonhispanic,M,Weymouth  Massachusetts  US,528 Turcotte Well,Watertown,Massachusetts,Middlesex County,25017,02472,42.32023766447097,-71.14811912682309,116174.73,609323.31,142902
9c6f755b-90d0-46fd-aeb9-cac233906572,2019-12-06,,999-78-2800,,,,Nelson403,Antonio44,Skiles927,,,,white,nonhispanic,M,Berkley  Massachusetts  US,1041 Reichel Fort,Marlborough,Massachusetts,Middlesex County,25017,01752,42.39261528090513,-71.51030318022637,9738.89,7900.79,93099
d371ce59-d02f-1ed2-ff41-30af7519c948,1984-07-20,,999-13-4126,S99973935,X1896228X,Mrs.,Greta919,Casimira119,Konopelski743,,Schultz619,M,black,nonhispanic,F,Templeton  Massachusetts  US,965 Schuppe Ramp Unit 35,Medway,Massachusetts,Norfolk County,,00000,42.11643478953907,-71.411585475528,313393.46,398119.57,88101
8fb2d64c-6d24-6e9f-96a4-2c620248c779,1979-08-15,,999-14-4065,S99960267,X7877053X,Mrs.,Cherri385,Tyler508,Kris249,,Balistreri607,D,white,nonhispanic,F,Paris  Ile-de-France  FR,1056 Predovic Boulevard,Newton,Massachusetts,Middlesex County,25017,02468,42.36110608065356,-71.19906627144728,220911.09,913200.19,23881
48321494-b608-d002-cec3-3399ca563a13,2000-01-05,,999-60-4376,S99955182,X72288106X,Ms.,Lisha487,Gaye230,McKenzie376,,,,white,nonhispanic,F,Millis  Massachusetts  US,156 Will Rest,Manchester-by-the-Sea,Massachusetts,Essex County,,00000,42.55920598600107,-70.75799934418421,128626.92,120049.19,88639
1495026f-c97a-e022-a9b3-446b079e9c02,1985-02-01,,999-99-1110,S99989981,X81524343X,Mrs.,Yun266,Elvie131,Schowalter414,,Donnelly343,M,black,hispanic,F,Quincy  Massachusetts  US,726 Wolff Way Apt 79,Concord,Massachusetts,Middlesex County,,00000,42.43891895488129,-71.36364677327191,242378.96,1105093.83,549494
65918b3c-0c24-3245-ac14-7a76b0db3773,1996-12-12,,999-92-6337,S99952947,X77463889X,Mr.,Kermit56,Dee580,Streich926,,,M,white,nonhispanic,M,Arlington  Massachusetts  US,1074 Cassin Avenue,Lowell,Massachusetts,Middlesex County,25017,01851,42.67677873727598,-71.34412298893122,66084.73,23634.53,29711
ee197fbc-d8b2-38bd-ff0b-e846d8a51494,2011-01-02,,999-90-8453,,,,Kiersten731,Clora637,Ziemann98,,,,white,nonhispanic,F,Medway  Massachusetts  US,660 Rippin Parade,Adams,Massachusetts,Berkshire County,25003,01220,42.607130994632,-73.10491468179123,68889.54,335849.58,138890
5ff39b09-d029-b7ff-f1c4-787caa1877de,2002-07-30,,999-68-9333,S99986428,X34261874X,Mr.,Santos184,Anton902,Ledner144,,,,white,nonhispanic,M,Worcester  Massachusetts  US,1028 Kassulke Port Unit 89,Pepperell,Massachusetts,Middlesex County,25017,01463,42.66747978130321,-71.63597467589446,74517.71,252.44,86778
5df70589-f366-51fe-dec3-94a450b946bf,1963-07-07,,999-59-7721,S99934508,X87555299X,Ms.,Bea654,Candida654,Hills818,,,S,white,nonhispanic,F,Chelmsford  Massachusetts  US,122 Willms Bridge Unit 71,Norfolk,Massachusetts,Norfolk County,,00000,42.13087444205189,-71.34200451871429,293965.10,1276049.76,829625
f4ba72d7-8d0e-1378-e91b-12f31848340c,1942-10-29,2021-05-07,999-15-2865,S99977952,X73479722X,Mrs.,Dale454,Brittaney358,Moen819,,Feeney44,M,hawaiian,nonhispanic,F,Warwick  Massachusetts  US,358 Larson Highlands,Quincy,Massachusetts,Norfolk County,25021,02171,42.22065881002,-70.96563927262484,825404.25,465127.25,70205
348c38ae-7116-1402-ca73-838e23396e2d,1950-03-31,,999-99-3281,S99943508,X66644530X,Ms.,Cyndi533,Mickey576,Kemmer137,,,S,white,nonhispanic,F,Springfield  Massachusetts  US,236 Botsford Pathway,Boston,Massachusetts,Suffolk County,25025,02124,42.277899589731724,-71.01585927826929,61676.09,1358923.74,119531
179828f4-d435-387a-3401-129621053f11,1969-07-26,,999-96-6678,S99935672,X21368295X,Mr.,Phillip440,,Lynch190,,,W,white,nonhispanic,M,West Yarmouth  Massachusetts  US,916 Towne Glen,Greenfield,Massachusetts,Franklin County,25011,01301,42.589344583130824,-72.56997782320958,12591.78,210886.15,9453
ea942f46-4884-3d00-67e0-b0d0fd505e15,1957-12-12,,999-51-2354,S99992573,X74243287X,Mrs.,Marlene554,,Swift555,,Wilderman619,M,white,nonhispanic,F,Bliss Corner  Massachusetts  US,869 Hickle Row,Framingham,Massachusetts,Middlesex County,25017,01702,42.286474807660284,-71.45700832863649,218053.95,864023.71,199636
a089c8d8-b9b1-fca2-4646-f75fb28b1dc5,1994-02-03,,999-19-4072,S99961858,X87640747X,Ms.,Karly825,,Satterfield305,,,S,black,nonhispanic,F,Attleboro  Massachusetts  US,558 Sipes Lock,Boston,Massachusetts,Suffolk County,25025,02210,42.349386024305815,-71.03789319826657,16068.07,1099889.18,9922
e77c61b6-54f2-a830-daec-1f7615d715b3,1985-07-30,,999-21-1055,S99964474,X62094754X,Ms.,Azalee124,,Sauer652,,,S,white,nonhispanic,F,Ashland  Massachusetts  US,853 Cummings Rapid Unit 78,North Westport,Massachusetts,Bristol County,,00000,41.656634954053914,-71.14340089360506,127517.26,494240.59,200658
ae61d600-91d9-8f58-f8f6-a225682db42f,2021-11-05,,999-66-3183,,,,Margaret865,Pam996,Becker968,,,,white,nonhispanic,F,Lancaster  Massachusetts  US,574 Bartell Vista,Somerset,Massachusetts,Bristol County,25005,02726,41.72140850268489,-71.15441890720727,6175.28,5232.91,35087
29d18923-4eaf-3043-b3e1-662ed2212ef4,1959-05-26,1976-05-15,999-36-4756,S99946614,,,Alvaro283,Samual455,Prosacco716,,,,white,nonhispanic,M,Boston  Massachusetts  US,402 Jakubowski Overpass Suite 57,Smith Mills,Massachusetts,Bristol County,,00000,41.69136943705566,-71.04523273815424,77364.47,61239.59,55682
70dc91ba-9f81-8e3e-d286-cd9e0be8eebf,1969-08-09,,999-28-3023,S99941327,X2226775X,Mr.,Kendall673,Rocco842,Funk324,,,M,white,nonhispanic,M,Mansfield  Massachusetts  US,136 Hahn Trace,Douglas,Massachusetts,Worcester County,,00000,42.004109078154436,-71.7875591635921,122670.45,69565.60,52760
3215a8c2-9305-0a25-5d58-2c1d4cfef363,1942-10-29,,999-38-6845,S99998308,X1328386X,Ms.,Marquita692,,Tremblay80,,,S,hawaiian,nonhispanic,F,Waltham  Massachusetts  US,988 Beahan Vale,Quincy,Massachusetts,Norfolk County,25021,02171,42.294332349387204,-71.00130031435727,584173.36,578079.45,70205
f5b29cde-b703-1ffb-9f55-1a798961346b,1971-08-07,,999-27-6367,S99935244,X75555129X,Mr.,Hong136,Jesus702,Williamson769,,,M,white,hispanic,M,Easthampton  Massachusetts  US,859 Wolff Port Unit 64,Holyoke,Massachusetts,Hampden County,25013,01040,42.233395229706815,-72.64027029025733,166042.10,67025.12,99823
f9d6a28f-6e87-2b39-91a3-e9ec20622fb9,1984-10-17,,999-97-2987,S99953007,X15256697X,Ms.,Classie132,Mora209,Tillman293,,,S,white,nonhispanic,F,Fall River  Massachusetts  US,1026 Macejkovic Light Suite 58,Boston,Massachusetts,Suffolk County,25025,02130,42.37863992378728,-71.07260440717148,151876.77,1329589.45,34159
4a237698-3185-5d69-e3fc-e091b60a0df2,1959-05-26,,999-40-6988,S99995020,X84519345X,Mr.,Stanford577,,Mohr916,,,M,white,nonhispanic,M,New Bedford  Massachusetts  US,686 Stroman Lock Apt 77,Smith Mills,Massachusetts,Bristol County,,00000,41.69633079831283,-71.01780348640882,187984.31,156873.66,55682
74181b73-9ccf-44f9-e31d-80e4f5bb172d,1972-09-06,,999-86-6311,S99995293,X1301742X,Mr.,Bud153,Julian715,Willms744,,,M,hawaiian,nonhispanic,M,Easton  Massachusetts  US,808 Bayer Glen Unit 14,Boston,Massachusetts,Suffolk County,25025,02215,42.32051705127093,-71.04341605433666,156522.46,22169.80,50554
b8a89a79-0faf-0eab-e43f-8ed6a1290053,1982-04-19,,999-89-8371,S99973305,X34306043X,Mrs.,Chantel847,,Carter549,,Hermiston71,D,white,nonhispanic,F,Randolph  Massachusetts  US,1046 Lind Approach Unit 17,Ashland,Massachusetts,Middlesex County,,00000,42.27901478619384,-71.4527426106131,135721.46,557660.16,190365
a42140c2-1f41-c909-f17e-21fa6d98906a,1975-05-29,1979-06-17,999-16-3494,,,,Michael441,Carter549,Strosin214,,,,white,nonhispanic,M,Randolph  Massachusetts  US,606 Stracke Row Apt 50,Haverhill,Massachusetts,Essex County,25009,01835,42.72867900953677,-71.12613406692176,26028.13,0.00,71899
8c95ec77-9619-2aac-4f3b-3ca44b223983,1999-12-20,,999-82-1965,S99921232,X49227419X,Ms.,Katheryn92,Ashlee14,Kunde533,,,,white,nonhispanic,F,Ashland  Massachusetts  US,1056 Osinski Frontage road,Newton,Massachusetts,Middlesex County,25017,02460,42.36204888274138,-71.14024176693145,133318.93,286868.79,78055
da5605aa-89e2-e156-672d-c599a9b5165a,1985-01-02,2004-04-18,999-77-6058,S99976457,,Mr.,Armando772,Federico589,Estrada938,,,,white,hispanic,M,Caracas  Capital District  VE,706 Rice Grove Unit 67,Shrewsbury,Massachusetts,Worcester County,,00000,42.33286397620407,-71.74046170313169,53654.00,0.00,85575
efcfaad8-7f58-34db-861b-cdc4b72c5083,1975-05-29,1992-07-09,999-47-1089,S99942270,,,Sheldon401,Kristofer887,Grimes165,,,,white,nonhispanic,M,Lawrence  Massachusetts  US,931 Kuphal Light,Haverhill,Massachusetts,Essex County,25009,01835,42.768938520435285,-71.08141063846257,74466.50,33840.97,71899
fde9e3f5-1db4-d3a8-7d50-136a1cb7748d,1968-05-03,,999-96-9893,S99954764,X35529287X,Mrs.,Ana972,Verna758,Kuvalis369,,Klein929,D,white,nonhispanic,F,Tewksbury  Massachusetts  US,488 Brakus Park,Boston,Massachusetts,Suffolk County,25025,02109,42.35506091599403,-71.0866107528708,669711.30,304952.38,44223
20c72019-fe19-419e-2117-820fda875685,1998-07-02,,999-20-1104,S99922246,X22697871X,Ms.,Vincenza112,Nida800,Shields502,,,,black,nonhispanic,F,Salisbury  Massachusetts  US,182 Streich Run,Revere,Massachusetts,Suffolk County,25025,02151,42.417245942827044,-71.03141347069283,64270.88,547692.71,25987
9e283d8a-ac59-491c-7cec-412df27335ed,1985-01-02,,999-97-5107,S99995334,X40650461X,Mr.,César846,Martín25,Holguín308,,,S,white,hispanic,M,Caguas  Puerto Rico  PR,201 Lakin Plaza,Shrewsbury,Massachusetts,Worcester County,,00000,42.33202748676235,-71.66947110381996,144007.07,34133.15,85575
9960ee00-32c3-fb89-fd9b-a994a7a07110,1975-05-29,,999-82-6259,S99978514,X45443936X,Mr.,Reggie481,,Frami345,,,D,white,nonhispanic,M,Wakefield  Massachusetts  US,463 Runolfsson Trailer,Haverhill,Massachusetts,Essex County,25009,01832,42.820498979792035,-71.09043463933928,191607.04,112073.53,71899
ff1eadf2-056a-45c1-ef8d-72dc85af6143,1955-10-26,2011-12-19,999-43-5599,S99918555,X60169041X,Mr.,Ernest565,Mohammed454,Anderson154,,,D,white,nonhispanic,M,Fall River  Massachusetts  US,485 Leuschke Orchard Suite 71,West Bridgewater,Massachusetts,Plymouth County,,00000,41.99257484044692,-71.05746301221009,120949.01,91725.83,69634
0ebcd30b-a488-bab5-40b3-7b5463ea11c8,1992-06-09,,999-91-8992,S99916296,X33386552X,Mrs.,Chere867,Dagmar148,Gaylord332,,Boyle917,M,white,nonhispanic,F,Rockland  Massachusetts  US,1079 Kassulke Port,Fitchburg,Massachusetts,Worcester County,25027,01420,42.574267842591475,-71.80311265774489,16983.10,786268.72,15260
d3f60465-415a-15fd-da54-1c919e1f894c,1950-02-24,1995-02-11,999-34-7300,S99964236,X52886355X,Mrs.,Zenia843,Alexandria361,Rodriguez71,,Reynolds644,M,white,nonhispanic,F,Wareham  Massachusetts  US,611 Wilderman Ranch,Sandwich,Massachusetts,Barnstable County,25001,02563,41.709429822556146,-70.45322528976536,831992.50,115422.58,97358
0b770dbc-8dda-329b-90d1-a9ad07616a39,2015-04-24,,999-92-9239,,,,Sydney660,Jessie665,Sawayn19,,,,white,nonhispanic,M,Northampton  Massachusetts  US,831 Lueilwitz Trail,Newton,Massachusetts,Middlesex County,25017,02465,42.265868808642324,-71.26595485524808,7059.29,34026.03,909122
722988ef-db6c-42a4-e96a-b79391bf215d,1972-11-06,,999-38-5876,S99987518,X40094745X,Mr.,Sterling124,Willard975,Hintz995,,,M,white,nonhispanic,M,Quincy  Massachusetts  US,828 Padberg Rue Suite 24,Milton,Massachusetts,Norfolk County,25021,02186,42.246227995166485,-71.07212332107613,131702.52,16778.70,140972
d52d7346-9d4f-dc8f-f2c3-8a1efff26d68,2005-10-19,,999-74-7726,S99958802,X41001702X,Mr.,Riley817,Jonathon205,Reynolds644,,,,white,nonhispanic,M,Hull  Massachusetts  US,140 Homenick Street Unit 37,Leominster,Massachusetts,Worcester County,25027,01420,42.53363565254937,-71.71471409120821,47747.06,10878.26,56296
ce8a73d3-8b70-3699-1085-a70057186c0d,1955-10-26,,999-22-3237,S99961848,X47540200X,Mr.,Adrian111,Bryon392,Buckridge80,,,M,white,nonhispanic,M,Medford  Massachusetts  US,114 Hand Boulevard Apt 97,West Bridgewater,Massachusetts,Plymouth County,,00000,41.97645354113158,-71.03392281138878,247387.06,379605.67,69634
7bfe50e6-6370-9738-7817-b1a36a455381,1974-08-07,,999-98-6052,S99911236,X29745353X,Mr.,Jed345,Rory188,Klocko335,,,D,white,nonhispanic,M,Cambridge  Massachusetts  US,1096 Trantow Track Suite 81,Lawrence,Massachusetts,Essex County,25009,01841,42.73638307985034,-71.15715071084657,171719.62,49282.31,77611
f3fc0ae6-1d32-7cec-f1f5-3d1343a6e93f,1950-02-24,,999-75-6822,S99961489,X69118553X,Mrs.,Luetta803,,Haley279,,Stark857,W,white,nonhispanic,F,Fitchburg  Massachusetts  US,815 Senger Extension Apt 36,Sandwich,Massachusetts,Barnstable County,25001,02563,41.69353832594553,-70.48892886891497,475641.21,166231.08,97358
ccfa5f5b-34f4-cece-0e00-488d60ae852f,1989-10-05,,999-50-2407,S99993843,X4488152X,Mrs.,Lizabeth515,Katina266,Tillman293,,Miller503,M,white,nonhispanic,F,Fall River  Massachusetts  US,826 Paucek Arcade Unit 17,Agawam,Massachusetts,Hampden County,25013,01030,42.05112158384239,-72.71396403813138,288293.37,321614.10,70444
2b60b257-f305-e542-d55a-be8e4726a05a,2001-06-09,,999-45-8011,S99953058,X22558041X,Ms.,Azucena377,Tierra831,Ankunding277,,,,white,nonhispanic,F,Brockton  Massachusetts  US,870 Mayer Grove,East Bridgewater,Massachusetts,Plymouth County,,00000,41.988431989348484,-70.97839743116157,9261.72,111095.79,22466
e1b39c3e-1d42-e4d5-a588-2012ca0638a6,1943-08-13,,999-69-6671,S99979363,X47201803X,Mr.,Ignacio928,,Velasco179,,,M,white,hispanic,M,Kingston  Kingston  JM,407 Pfeffer Hollow Apt 10,Beverly,Massachusetts,Essex County,25009,01915,42.5820305775824,-70.8380662894,136100.65,776712.99,391718
06207792-e63c-19e2-5dae-cfc76eae68cf,2019-03-08,,999-28-7771,,,,Karri995,Florine959,Pfannerstill264,,,,white,nonhispanic,F,Deerfield  Massachusetts  US,982 Altenwerth Lane,Wakefield,Massachusetts,Middlesex County,25017,01880,42.51568852243612,-71.11685775520793,21592.58,14698.66,127794
7af83e6b-e3f5-4222-8e43-15522a3f4a93,1988-12-02,,999-42-7227,S99963340,X62716246X,Mr.,Thomas756,,Friesen796,,,M,black,nonhispanic,M,West Bridgewater  Massachusetts  US,217 Greenholt Park Unit 21,Milton,Massachusetts,Norfolk County,25021,02186,42.21429743271987,-71.04312619926033,80234.69,10566.77,180565
4f5d6ee6-ad68-bcd2-fed6-e05c0865d1bb,1966-11-15,,999-31-8907,S99913708,X87726032X,Mr.,Royce974,,Jaskolski867,,,S,black,nonhispanic,M,Ware  Massachusetts  US,1001 Lemke Plaza,Arlington,Massachusetts,Middlesex County,25017,02476,42.41414923014627,-71.12844360078451,151462.75,75942.88,747864
6cdeb326-b1c2-56f5-20fb-b147e665a28e,1988-01-09,2020-12-04,999-91-2862,S99975148,X1400301X,Mr.,Dwayne786,,Schoen8,,,S,white,hispanic,M,Groveland  Massachusetts  US,467 Shields Run,Amherst,Massachusetts,Hampshire County,,00000,42.40138283226368,-72.47646449256712,13013.22,343757.66,7609
e4fb6b09-a6fc-a6ce-b267-8e7c93c5852b,1980-01-24,,999-82-1259,S99984635,X36182128X,Mr.,Chet188,Bill567,Connelly992,,,S,white,nonhispanic,M,Fall River  Massachusetts  US,336 Kertzmann Mall,Brockton,Massachusetts,Plymouth County,25023,02301,42.100168858332346,-71.03830348949674,6040.06,120371.36,21727
1531ce84-d285-555f-b787-5e932062eea6,1960-10-15,,999-77-6486,S99912520,X31013562X,Mr.,Randy380,Hilario934,Runte676,,,M,white,nonhispanic,M,Cambridge  Massachusetts  US,165 D'Amore Junction Unit 17,Falmouth,Massachusetts,Barnstable County,25001,02540,41.5256164434213,-70.65032561774221,155165.93,412639.17,39411
e8155908-c0ed-57af-7b57-ac6dbc2cfb13,1988-01-09,,999-44-1628,S99947936,X89003036X,Mr.,Marco578,,Roberts511,,,M,white,hispanic,M,Salem  Massachusetts  US,368 Harvey Orchard Unit 30,Amherst,Massachusetts,Hampshire County,,00000,42.3902696738103,-72.54355825993488,18274.01,1073858.33,7609
d18bba1d-9928-d5c5-d444-e1caae5cbd29,1990-12-28,,999-68-5482,S99923632,X62911315X,Mr.,Felipe97,Eduardo902,Cardenas331,,,M,white,hispanic,M,San Salvador  El Salvador  SV,160 Hilll Key Unit 5,Westford,Massachusetts,Middlesex County,,00000,42.61090725385103,-71.44103993104706,61995.44,13072.71,92039
a32b10f0-8546-ffd3-8313-86e4eedf7bec,1960-01-19,,999-28-3911,S99937086,X71846892X,Mrs.,Dawne25,Elana101,Hahn503,,Botsford977,D,white,nonhispanic,F,Newburyport  Massachusetts  US,476 Nolan Vista Suite 23,Palmer,Massachusetts,Hampden County,25013,01057,42.09112935248252,-72.4537556871952,822577.81,55067.40,60635
04e2a1c4-6ce1-50c8-ba8e-785a880dcf00,1975-04-04,,999-22-3763,S99974874,X62656144X,Mrs.,Bettye671,Ela754,Bashirian201,,Rau926,M,black,nonhispanic,F,Chelmsford  Massachusetts  US,576 Price Brook Apt 23,Chelmsford,Massachusetts,Middlesex County,,00000,42.584783747274635,-71.3420199865511,225820.81,1039213.91,32922
32ac1556-ace9-f164-3ba4-0deaaf0f818b,2006-03-17,,999-51-1223,S99955947,X78427861X,Mr.,David908,,Monahan736,,,,white,nonhispanic,M,Winchester  Massachusetts  US,1054 Marquardt Parade,Cheshire,Massachusetts,Berkshire County,25003,01225,42.59314716381457,-73.14704444506306,81049.04,10794.25,159521
4a6b4043-27fe-f394-ac95-bee9f2432eab,1980-03-18,,999-19-6779,S99941132,X14417679X,Mr.,Earnest658,Gaylord332,Doyle959,,,M,white,nonhispanic,M,Boston  Massachusetts  US,511 Beatty Underpass,Springfield,Massachusetts,Hampden County,25013,01106,42.195831294907265,-72.53792255094072,588856.82,283706.96,55606
0a1fd87f-de88-c9f4-b6d2-77fe570ae534,2012-10-27,,999-29-1761,,,,Lourdes258,Lucia634,Soliz209,,,,white,hispanic,F,Kingston  Kingston  JM,798 Stamm Haven,Boston,Massachusetts,Suffolk County,25025,02131,42.31677973481661,-71.17595974923607,29241.74,12542.50,33734
c1e87549-2980-07f0-61c0-c66f936b0f61,1958-10-28,,999-28-5199,S99959407,X27171847X,Mrs.,Bernetta267,Matha641,Hammes673,,Kautzer186,M,white,nonhispanic,F,Boston  Massachusetts  US,1037 Bayer Viaduct Unit 52,West Dennis,Massachusetts,Barnstable County,25001,02670,41.675627667365866,-70.14578825582132,528746.80,103939.59,85775
cfecff9b-e3cf-2d9b-47f3-2464d820c144,2016-06-27,,999-32-6051,,,,Clora637,Joanne343,Kreiger457,,,,white,nonhispanic,F,Norwood  Massachusetts  US,869 Ratke Village,Wakefield,Massachusetts,Middlesex County,25009,01940,42.52162112937594,-71.07558056749058,31964.88,10537.87,38485
206d86c8-578b-c3c3-e121-126634a0f34e,1998-09-08,,999-54-5652,S99942745,X19582930X,Mr.,Terence292,Seth414,Mills423,,,,black,nonhispanic,M,Quincy  Massachusetts  US,107 Nicolas Rapid,Boston,Massachusetts,Suffolk County,25017,02467,42.33669810324229,-71.03662174443258,91882.65,15378.37,141965
74fdf95f-70a9-17a5-efe8-caeb86d45d78,1977-02-28,,999-59-4588,S99949061,X50545910X,Mrs.,Freeda113,,Koch169,,Dare640,M,white,nonhispanic,F,Concord  Massachusetts  US,1092 Walter Station,Plymouth,Massachusetts,Plymouth County,25023,02360,41.886603561048226,-70.61143391527287,288317.92,361655.70,154702
47b6a256-1191-c206-7162-fd9266fb4dd5,1986-05-30,,999-89-9568,S99958586,X14810178X,Mr.,Ariel183,Sol312,Lemke654,,,M,black,nonhispanic,M,Fitchburg  Massachusetts  US,395 Stracke Alley Apt 21,Boston,Massachusetts,Suffolk County,25025,02163,42.28769512033611,-71.0690689686255,15032.08,192548.61,11408
fffe98a7-cb99-d71a-5a5d-47a4d53db789,1973-02-20,,999-29-7691,S99989474,X42724915X,Mr.,Barrett790,,Pfeffer420,,,D,white,nonhispanic,M,Holliston  Massachusetts  US,419 Heaney Green Unit 93,Boston,Massachusetts,Suffolk County,25025,02114,42.36124787108486,-71.01997499738539,125949.70,4344.75,190760
e40132e1-55a3-05f6-83f4-14ea0c76cf03,2021-03-03,,999-55-5648,,,,Cyrus914,Arnoldo445,Shanahan202,,,,black,nonhispanic,M,Mansfield  Massachusetts  US,780 Johnson Ville,Lakeville,Massachusetts,Plymouth County,,00000,41.8290826710885,-71.00373467006017,1155.42,18765.36,21614
6f10f91c-b006-5987-f6ab-0f8196b9abef,1937-11-16,,999-37-4959,S99974773,X83518322X,Mr.,Rueben647,Ronny764,Ullrich385,,,W,white,nonhispanic,M,Rockport  Massachusetts  US,829 Jast Way,Randolph,Massachusetts,Norfolk County,25021,02368,42.13145000006461,-71.06740499247316,186718.42,196638.14,88879
db54a3ee-41fc-f77c-c462-6db304c17d8b,1973-02-07,,999-71-9306,S99995785,X9102757X,Mr.,Raymon366,,Green467,,,M,white,nonhispanic,M,Newbury  Massachusetts  US,962 Monahan Grove,Marshfield,Massachusetts,Plymouth County,25023,02050,42.158591334019576,-70.67402436028712,118219.90,33687.96,153495
0ef3dda6-60fd-8bec-0c23-472502f54069,2004-03-29,,999-90-4270,S99946968,X36239062X,Mr.,Vaughn909,Vince741,Gaylord332,,,,white,nonhispanic,M,Plymouth  Massachusetts  US,837 Turcotte Green Suite 55,Boston,Massachusetts,Suffolk County,25025,02135,42.25170581503803,-71.06671024579138,42696.34,16752.08,49031
23241deb-298a-cfee-f579-c92146d1a2d3,2022-11-11,,999-64-7417,,,,Santiago500,Gabriel934,Chávez927,,,,white,hispanic,M,Caguas  Puerto Rico  PR,363 Ondricka Gardens Suite 69,Boston,Massachusetts,Suffolk County,25025,02132,42.36023548999604,-71.18084943211906,9364.82,0.00,72485
e9b98c94-c9ac-c6cf-305b-88ea715bab1c,2018-04-03,,999-91-3160,,,,Ernesto186,Pablo44,Arce139,,,,white,hispanic,M,Tegucigalpa  Francisco Morazán  HN,313 Ernser Road,Worcester,Massachusetts,Worcester County,25027,01602,42.24101961561357,-71.8003499834336,1000.00,15067.99,23350
3e1aba89-553d-f3de-01cf-d5cdc1e015b1,1979-08-14,,999-74-6526,S99980201,X77245643X,Mr.,Luigi346,Irwin931,Kertzmann286,,,D,white,nonhispanic,M,Hingham  Massachusetts  US,1041 Robel Trace,Wareham,Massachusetts,Plymouth County,,00000,41.746961160022124,-70.74077219772127,416945.86,1442.32,106465
273e0ca7-d1ee-d590-c066-edbb130ceae4,1983-06-24,,999-95-1551,S99936340,X67113922X,Mrs.,Trisha327,Josefine519,Herzog843,,O'Conner199,M,white,nonhispanic,F,Springfield  Massachusetts  US,522 Yundt Underpass Apt 89,Somerville,Massachusetts,Middlesex County,25017,02143,42.47134399189746,-71.10697119632323,191340.34,31452.85,43366
c1e744ba-01c1-1fc1-79a9-e5f0b45ada2b,1995-04-29,,999-36-4636,S99968693,X37077200X,Mr.,Perry780,Jeremy766,Kunze215,,,M,black,nonhispanic,M,Walpole  Massachusetts  US,206 Kuhlman Crossroad,Norwell,Massachusetts,Plymouth County,,00000,42.13521920097265,-70.79290539273562,110398.94,14745.20,71692
6b38f41d-e8f2-ce0d-e432-852ea3583b76,2025-08-06,,999-23-2788,,,,Dreama246,Lissette621,Hills818,,,,white,nonhispanic,F,Mansfield Center  Massachusetts  US,470 Rowe Viaduct,Shrewsbury,Massachusetts,Worcester County,,00000,42.25745998228393,-71.6756521749689,4188.02,0.00,98589
3e0ed254-fdee-59b1-b05f-bf5fab6b916c,2004-10-19,,999-38-6545,S99966778,X40437170X,Mr.,Jaime666,Jerrold404,Wehner319,,,,white,nonhispanic,M,Carver  Massachusetts  US,516 Cremin Harbor Apt 96,Lowell,Massachusetts,Middlesex County,25017,01850,42.666956405433105,-71.31101837894262,4950.00,222749.57,17021
c02169a7-818b-14ba-4e20-33cf9048691e,1966-03-22,,999-41-8449,S99977972,X18811238X,Ms.,Leanna255,Clorinda310,Witting912,,,S,white,nonhispanic,F,Newton  Massachusetts  US,105 Krajcik Lock Suite 75,Malden,Massachusetts,Middlesex County,25017,02155,42.45101300134796,-71.05280732583779,26788.58,1313730.11,21822
fed4cd61-4665-e62d-6cc4-1e9f9e061a4f,2007-05-06,,999-49-8047,S99950888,,Mr.,Edmundo94,Chad48,Schiller186,,,,white,nonhispanic,M,Littleton  Massachusetts  US,114 Feest Green Unit 74,Bellingham,Massachusetts,Norfolk County,25021,02019,42.08154724678378,-71.47524237432218,29971.92,35464.29,131253
0ad83209-2d1f-d2c2-1788-7639b1dda486,1973-05-24,1975-06-03,999-57-1694,,,,Dewayne363,Darell496,Dicki44,,,,white,nonhispanic,M,Randolph  Massachusetts  US,778 Huels Rue Unit 75,Lynn,Massachusetts,Essex County,25009,01904,42.534364165222314,-71.04126951769653,1063.61,20245.00,20756
f67e94b1-87c7-bff9-1237-a5fedb0bcc57,1988-07-05,,999-76-3185,S99942588,X40548082X,Mr.,Óscar156,Benito209,Raya927,PhD,,M,white,hispanic,M,Marigot  Saint Andrew Parish  DM,312 Weissnat Dale Apt 73,Worcester,Massachusetts,Worcester County,25027,01605,42.3742255734926,-71.77048873714668,7277.27,114355.30,12450
ceedaa4c-d70b-8766-ff8d-80bbc262106d,1969-05-04,,999-56-8937,S99964215,X29973133X,Mr.,Van763,Clark193,Jakubowski832,,,M,white,nonhispanic,M,Lowell  Massachusetts  US,302 Tromp Plaza,New Bedford,Massachusetts,Bristol County,25005,02744,41.74765643982338,-70.86471093467057,146850.03,112183.11,75407
53a3daad-9ec8-57c0-bfea-11e49c72571d,1952-05-29,,999-64-7812,S99972971,X54607689X,Mrs.,Taylor21,Joan322,Langosh790,,Olson653,M,native,nonhispanic,F,Paxton  Massachusetts  US,105 Becker Bay,Brookline,Massachusetts,Norfolk County,25021,02445,42.323288766089284,-71.15319497247445,940316.86,292176.72,107925
5c8d94f0-b7f8-9005-2a60-3f1182e9edc1,1973-05-24,2022-10-27,999-80-5339,S99946533,X9006083X,Mr.,Andreas188,Porter490,Collier206,,,W,white,nonhispanic,M,Boston  Massachusetts  US,232 Kling Underpass,Lynn,Massachusetts,Essex County,25009,01940,42.4851710740389,-70.98882421258506,14342.95,194034.34,20756
dadb406c-af7b-6393-4be7-fe7448864451,1975-09-06,,999-38-1938,S99931491,X52805248X,Mr.,Shelton25,Ramiro608,Gusikowski974,,,M,white,nonhispanic,M,Boston  Massachusetts  US,325 Schneider Village Suite 36,Worcester,Massachusetts,Worcester County,25027,01583,42.29111038218171,-71.83556991395834,10945.86,101691.85,21006
a6729204-f763-6a17-bac0-75f1bb468b2f,1954-01-18,,999-25-1854,S99917594,X56463629X,Mr.,Waldo53,Sonny285,Sawayn19,,,M,white,nonhispanic,M,Townsend  Massachusetts  US,937 Luettgen Lane Unit 6,Fall River,Massachusetts,Bristol County,25005,02724,41.61619956994797,-71.12634737552597,202496.23,148564.63,120579
5055d104-6e6c-1e89-e07d-9024f7236eab,1999-09-22,,999-76-1571,S99918807,X83579583X,Ms.,Claudia969,Diana207,Uribe503,,,,black,hispanic,F,Portsmouth  Saint John Parish  DM,956 Erdman Crossing,Boston,Massachusetts,Suffolk County,25025,02116,42.29285588885868,-71.12488159354669,122599.52,853784.49,63977
9e5952a7-6112-d17e-8997-ad9ae8310a72,1975-06-26,,999-19-4848,S99911866,X17144699X,Mr.,Erasmo545,Rafael239,Dickens475,,,M,black,nonhispanic,M,Walpole  Massachusetts  US,936 Reichert Parade Unit 17,Boston,Massachusetts,Suffolk County,25025,02114,42.38192819308997,-71.02842182143466,126276.76,33047.21,104480
a62916ee-3f5f-7dc1-a974-879c317f595f,1973-05-24,,999-92-2408,S99934392,X61477124X,Mr.,Clement78,Jayson808,Fay398,,,D,white,nonhispanic,M,Boston  Massachusetts  US,966 West Harbor,Lynn,Massachusetts,Essex County,25009,01904,42.4452928927024,-70.91314728151703,19500.98,331247.57,20756
56ed968a-2843-03c5-b852-31b969e3a8e6,2019-11-07,,999-92-4115,,,,Ilene33,,Pouros728,,,,white,nonhispanic,F,Boxford  Massachusetts  US,1080 Fay Annex,Worcester,Massachusetts,Worcester County,25027,01607,42.26606419091048,-71.82837600631538,12947.83,180.92,46803
af4e567e-a540-6836-18a7-89bf2645757b,2007-09-16,,999-69-4950,S99989521,,Mr.,Alton320,Ricky354,Ward668,,,,white,nonhispanic,M,Webster  Massachusetts  US,718 Kling Glen Apt 4,Ipswich,Massachusetts,Essex County,25009,01938,42.678098309023035,-70.85029786820495,60720.20,12888.12,91769
ceaab6df-3577-f207-e756-1369f5204a57,2002-07-31,,999-16-3439,S99947524,X37619864X,Ms.,Elvera717,Drew592,O'Reilly797,,,,white,nonhispanic,F,Raynham  Massachusetts  US,573 Nicolas Heights Suite 67,Methuen,Massachusetts,Essex County,25009,01844,42.781109196750634,-71.22735723945539,200744.24,49311.87,53439
29faaf8f-4bd5-3985-d523-2b176e98daa3,2011-08-08,,999-22-7408,,,,January966,,Howe413,,,,asian,nonhispanic,F,Orange  Massachusetts  US,485 Corkery Camp Suite 28,Belmont,Massachusetts,Middlesex County,25017,02478,42.37111111781835,-71.22079450609759,2785.28,57556.36,9110
66fd99fc-6cd4-95f5-aff2-a857ccab0ddc,1999-12-02,,999-55-4038,S99910825,X33023547X,Mr.,Darius626,Winford225,Ebert178,,,,white,nonhispanic,M,Boston  Massachusetts  US,316 Ledner Dale,Danvers,Massachusetts,Essex County,25009,01937,42.61422491896433,-70.98504681930771,82074.77,2562.83,72395
773f6df8-47c5-cd8e-f540-a7b75aba9014,2002-10-26,,999-32-3051,S99941512,X62981401X,Mr.,Beau391,Jamison785,Bode78,,,,white,nonhispanic,M,Fitchburg  Massachusetts  US,638 Wiza Wynd Suite 2,West Springfield,Massachusetts,Hampden County,25013,01089,42.13880821153863,-72.61222467412064,66696.02,0.00,47914
c25f926e-bd55-6b13-c70d-998d0ab6e6ed,2025-04-03,,999-31-4732,,,,Theron432,Johnson679,Hahn503,,,,white,nonhispanic,M,Seekonk  Massachusetts  US,121 Wilderman Manor,Agawam,Massachusetts,Hampden County,25013,01001,42.10120587204302,-72.73436074094964,4739.91,0.00,93315
a04d4fcf-5aa9-6a9f-2820-f6fd518f22a7,2011-02-09,,999-15-1134,,,,Tarsha65,Hilaria948,Wolf938,,,,white,nonhispanic,F,Tewksbury  Massachusetts  US,1075 Fay Bay Apt 77,Boston,Massachusetts,Suffolk County,25025,02199,42.30363204424766,-71.05162389475632,63367.10,9672.32,125208
b68a5cfc-46e2-1fb1-c5f5-c14ab42097e3,1992-12-03,,999-64-4653,S99965707,X58718022X,Mr.,Chuck784,Alexander630,Swaniawski813,,,M,white,nonhispanic,M,Newburyport  Massachusetts  US,128 Oberbrunner Meadow,Springfield,Massachusetts,Hampden County,25013,01128,42.09463465216596,-72.54250732892015,78365.95,40948.67,103254
37f92ff5-7104-efbc-16c8-19cd32119afe,2004-01-16,,999-23-6414,S99963066,X88269854X,Mr.,Jose871,Nicholas495,Jones311,,,,white,nonhispanic,M,Sutton  Massachusetts  US,177 Brakus Harbor Suite 76,North Reading,Massachusetts,Middlesex County,,00000,42.603241789124326,-71.08972038086114,101664.29,533889.43,116233
fadb7892-5f0e-fe26-faf5-b6b602d0d24e,1985-09-18,,999-34-4521,S99917192,X88644689X,Mr.,Rickey821,,Bayer639,,,M,black,nonhispanic,M,Rowley  Massachusetts  US,550 Corkery Flat,Somerville,Massachusetts,Middlesex County,25017,02140,42.46704081554687,-71.11771926592529,642304.56,135350.18,239
c2e1260c-c698-279e-0c02-ad604f77aaf9,2016-02-22,,999-50-7346,,,,Racquel201,Dalene805,Goyette777,,,,white,nonhispanic,F,Greenfield  Massachusetts  US,500 Lehner Parade,Boston,Massachusetts,Suffolk County,25025,02132,42.36034708116518,-71.09921556852868,50429.04,0.00,37995
84d098a3-d62f-a308-8abd-890bbc2725bd,1976-06-11,,999-69-4746,S99944756,X62400514X,Mrs.,Bulah832,Doris153,VonRueden376,,Hyatt152,M,white,nonhispanic,F,Shrewsbury  Massachusetts  US,655 Boehm Center Suite 42,Boston,Massachusetts,Suffolk County,25025,02125,42.329478629215316,-71.07749565109657,9121.85,200484.51,14970
0eba428a-d0f6-498e-f5b2-2800134b0d8e,1995-04-24,,999-72-6719,S99995141,X84547593X,Ms.,Carley868,Rochell365,Wilderman619,,,S,white,nonhispanic,F,Nice  Provence-Alpes-Cote d'Azur  FR,161 Wolff Street,Norwood,Massachusetts,Norfolk County,25021,02062,42.20968756263498,-71.21344853193861,689651.38,505668.18,89253
f1fd3ea8-13b1-f07e-7103-c694a2b476cb,1996-06-15,,999-29-6860,S99951839,X35882881X,Mrs.,Tyra356,Walter473,Goyette777,,Kuhn96,M,white,nonhispanic,F,Winthrop  Massachusetts  US,955 Casper Bridge,Concord,Massachusetts,Middlesex County,,00000,42.45069053957856,-71.3663659921438,138749.25,768594.24,104726
fc76c966-1ec3-cfcf-09e3-f93df932302d,1986-11-19,,999-99-8888,S99918862,X53342364X,Mrs.,Natalia964,Shelby741,Kling921,,Hansen121,M,other,nonhispanic,F,Southbridge  Massachusetts  US,649 Schulist Manor Suite 14,Auburn,Massachusetts,Worcester County,,00000,42.18847086165298,-71.79784454035384,344736.89,526126.39,55405
3f97284d-1ec5-67cd-83c6-07fc61cd6626,1970-06-02,,999-20-6741,S99944340,X12180154X,Mr.,Gilbert263,Zackary401,Maggio310,,,D,white,hispanic,M,Chatham  Massachusetts  US,881 Hermiston Common,Millbury,Massachusetts,Worcester County,,00000,42.207572269013305,-71.80170047397638,124067.58,96501.64,105466
e46053bd-b6a5-3ead-ad3e-5d1b7c68ea21,1997-01-31,,999-93-7358,S99963004,X44872104X,Mr.,Emile522,Barrett790,Walter473,,,M,white,nonhispanic,M,Worcester  Massachusetts  US,864 Daniel Knoll,Somerville,Massachusetts,Middlesex County,25017,02155,42.41365602813264,-71.06069014067354,57776.52,26491.85,88401
c9ade198-52d9-74b1-4b08-a47263cb2796,2001-10-31,,999-57-8957,S99977102,X75349655X,Ms.,Krystal150,Corie618,Kreiger457,,,,white,nonhispanic,F,Shelburne  Massachusetts  US,384 Kiehn Grove Apt 23,Wayland,Massachusetts,Middlesex County,,00000,42.321030995372766,-71.3284230801813,119586.34,617141.75,148219
2a93c611-166b-dbe3-7bb8-2385754c54d8,1957-08-21,2022-05-08,999-28-7709,S99973781,X47253005X,Mr.,Dwain139,Russel238,Hansen121,,,M,black,nonhispanic,M,Lawrence  Massachusetts  US,748 Feest Station Suite 94,Acton,Massachusetts,Middlesex County,,00000,42.444836504609945,-71.39549954213568,114921.30,419882.74,100877
9528e8d6-e79b-c749-b73d-1b025b2d747d,1978-03-28,,999-31-4598,S99960495,X88494625X,Mr.,Felton646,Ariel183,Weimann465,,,M,white,nonhispanic,M,Somerset  Massachusetts  US,1038 Fay Extension,Cambridge,Massachusetts,Middlesex County,25017,02140,42.381254013298054,-71.15768326998175,82124.63,126622.70,942441
6aed08eb-9c42-32fb-ea05-173a26bfaae3,1952-11-09,2007-06-02,999-73-3111,S99913047,X54667212X,Mr.,Tristan353,Junior695,Kuphal363,,,S,white,nonhispanic,M,Bourne  Massachusetts  US,398 Ritchie Gateway Suite 30,Mansfield Center,Massachusetts,Bristol County,,00000,42.03004336514314,-71.20011799995213,331449.63,725454.97,48887
46a7f2f9-3fba-c320-8d10-51be3139aa86,2008-08-05,,999-60-7083,S99930831,,,Laci507,Francie486,Kuvalis369,,,,white,nonhispanic,F,Newton  Massachusetts  US,982 Bergstrom Stravenue Unit 82,Brockton,Massachusetts,Plymouth County,25023,02302,42.164384320834806,-70.93971260459807,60622.85,177430.83,29342
8c1233ff-9155-a4af-7c54-6086bfd85d06,1957-08-21,2005-10-26,999-28-9775,S99916071,X67439673X,Mr.,Ellis535,Sidney996,Bergstrom287,,,M,black,nonhispanic,M,Cochituate  Massachusetts  US,895 Ullrich Pathway Apt 53,Acton,Massachusetts,Middlesex County,,00000,42.47046330591558,-71.41013213570044,174711.76,0.00,100877
fbdd182b-fafa-99a2-2970-9d0bdcfbf751,1952-11-27,,999-64-2819,S99937478,X79369483X,Ms.,Angele108,,Pacocha935,,,S,white,nonhispanic,F,Fall River  Massachusetts  US,488 Kris Station Apt 20,Acushnet Center,Massachusetts,Bristol County,,00000,41.66656429844016,-70.85766635808399,239266.75,1131474.35,191359
459318b5-1bb9-3db1-3fad-0c9f97eb4a14,1986-04-30,,999-29-5281,S99998873,X88507919X,Mrs.,Janet238,Irma773,Lang846,,Heidenreich818,M,black,nonhispanic,F,Marshfield  Massachusetts  US,845 Doyle Path Suite 0,Boston,Massachusetts,Suffolk County,25025,02163,42.25821877210854,-71.13602468299754,198969.52,421469.76,910032
6d59b151-4c37-eadf-c4f9-816ea67b5710,1952-11-09,2007-01-24,999-95-4366,S99926139,X89671594X,Mr.,Dylan44,Russell422,Johnston597,,,M,white,nonhispanic,M,West Newbury  Massachusetts  US,245 Tremblay Branch Suite 40,Mansfield Center,Massachusetts,Bristol County,,00000,42.06909568832505,-71.22900805574805,271016.10,18956.71,48887
e0c2960e-323c-af49-d0f4-5c8bb100f90e,1957-08-21,,999-88-7439,S99990402,X60946073X,Mr.,Irwin931,Steven797,Olson653,,,W,black,nonhispanic,M,Arlington  Massachusetts  US,955 Conn Brook Apt 57,Acton,Massachusetts,Middlesex County,,00000,42.47818407475434,-71.45545777500651,168499.34,113294.19,100877
c1fc2e4f-7d64-6709-7d43-b1379511ee04,2025-12-06,,999-81-3160,,,,Mistie167,Setsuko288,Casper496,,,,white,nonhispanic,F,Springfield  Massachusetts  US,920 MacGyver Extension,West Springfield,Massachusetts,Hampden County,25013,01089,42.17259831708515,-72.672799471143,100.00,3016.58,29598
f7cd3735-d414-c74f-da56-a1649e29edbc,2004-07-05,,999-67-7679,S99912771,X80133123X,Mr.,Jessie665,Jon665,Keeling57,,,,white,nonhispanic,M,Lyon  Auvergne-Rhone-Alpes  FR,931 Schiller Underpass Unit 78,Attleboro,Massachusetts,Bristol County,25005,02703,41.89246221628156,-71.32435186090716,64366.73,0.00,99783
6fcc7387-799e-2ea9-8d2f-1e365155a4da,2025-07-13,,999-90-1520,,,,Thea616,Chieko845,Yundt842,,,,white,nonhispanic,F,Westborough  Massachusetts  US,710 Ondricka Crossroad,Wakefield,Massachusetts,Middlesex County,25017,01880,42.48778935995033,-71.07854137560287,1912.42,1817.69,94500
1c802ccf-72c1-6d54-6e60-79b71ba66c30,1999-03-31,,999-50-7614,S99971967,X22825033X,Mr.,Allen322,Bruno518,Cormier289,,,,white,nonhispanic,M,Worcester  Massachusetts  US,157 Shields Wall,Mansfield Center,Massachusetts,Bristol County,,00000,41.99945462537415,-71.24753839062562,16900.86,61051.31,25348
69f3e95f-9c02-b09d-5a6f-31d206df84a4,1992-07-15,,999-21-1495,S99989626,X61674559X,Mr.,Irvin970,Oren284,Jaskolski867,,,S,white,nonhispanic,M,Boston  Massachusetts  US,598 Zieme Loaf,Marlborough,Massachusetts,Middlesex County,25017,01752,42.329111764776954,-71.56671475631774,60453.30,2631.44,129356
929cb1bf-5c7d-4e63-bb39-035896c0b35f,1993-10-05,2019-03-26,999-75-8000,S99944426,X76358221X,Ms.,Judi176,Jamey282,Ryan260,,,,white,nonhispanic,F,Boston  Massachusetts  US,307 Rolfson Byway,Dennis,Massachusetts,Barnstable County,25001,02638,41.66405387658134,-70.1499941132384,15362.35,1152213.15,10306
15687968-1548-e36e-7e44-5d700e168902,1952-11-09,,999-53-5300,S99973612,X46276635X,Mr.,Mickey576,Leland44,Huels583,,,D,white,nonhispanic,M,Boston  Massachusetts  US,576 Beier Gardens,Mansfield Center,Massachusetts,Bristol County,,00000,42.01981160660787,-71.2039161817482,542028.80,531799.97,48887
86a0ba22-b9d9-1b50-2ab6-aa942396e651,1962-11-06,,999-17-9224,S99911340,X69495613X,Mr.,Wilton999,,Effertz744,,,M,white,hispanic,M,Westford  Massachusetts  US,172 Yost Burg,Billerica,Massachusetts,Middlesex County,,00000,42.533714760391845,-71.22785562091374,156734.61,107043.04,175261
72d0bddb-4007-c627-8d00-2f2d27223f50,2013-09-24,,999-77-1146,,,,Derek111,Emile522,Bartell116,,,,asian,nonhispanic,M,Salem  Massachusetts  US,252 Sporer Mill,Worcester,Massachusetts,Worcester County,25027,01608,42.265346220843774,-71.78938415615886,21646.28,21105.17,127501
6c89e924-5195-92a1-3a4e-2f3ac53cdba7,2022-02-18,,999-62-7415,,,,Clay913,,Ward668,,,,white,nonhispanic,M,Spencer  Massachusetts  US,258 Smith Gate,Pembroke,Massachusetts,Plymouth County,,00000,42.106411972304684,-70.7747545495145,6982.29,7247.57,180620
cc399f07-488d-e178-ad69-98badb0f4cce,1993-10-05,,999-19-4589,S99928289,X271589X,Mrs.,Vashti163,,Ruecker817,,McGlynn426,M,white,nonhispanic,F,Dedham  Massachusetts  US,653 Lesch Lodge,Dennis,Massachusetts,Barnstable County,25001,02638,41.71524784940181,-70.2262955315378,10178.00,977528.98,10306
aa376a78-2b13-99ba-f6aa-c33028aa36b0,1959-09-30,,999-22-4879,S99952701,X89283140X,Mr.,Sang383,Homer307,DuBuque211,,,D,asian,nonhispanic,M,Boston  Massachusetts  US,596 Schinner Vale Unit 40,Wilmington,Massachusetts,Middlesex County,25017,01887,42.571665132680245,-71.13432302444674,229151.85,47810.58,72844
36b059f4-5bd3-4725-df15-ed8fa960c5db,2019-12-13,,999-98-3809,,,,Janette321,Kristie55,Rogahn59,,,,white,hispanic,F,Boston  Massachusetts  US,921 Cummings Mews,Gloucester,Massachusetts,Essex County,25009,01930,42.66069328873081,-70.68612446538636,1162.32,15346.42,18524
1332d362-9064-8cfc-236d-99e159e7704d,2017-07-19,,999-56-8504,,,,Allyn942,Mi492,Williamson769,,,,white,nonhispanic,F,Berlin  Berlin  DE,173 Okuneva Arcade,Barnstable,Massachusetts,Barnstable County,25001,02675,41.691476360169574,-70.4110823946844,11927.52,8531.38,113291
0506d422-70e8-a314-8b13-c80fd4a8fb9e,1994-07-11,,999-58-8259,S99995372,X68328153X,Ms.,Enid644,Valeri645,Mueller846,,,S,black,nonhispanic,F,Lowell  Massachusetts  US,111 Satterfield Heights,Tewksbury,Massachusetts,Middlesex County,,00000,42.60044369849562,-71.22852994739081,123752.53,282934.99,92701
8af8e8d7-b5d4-7e2f-a105-f1ef6c1bc9dd,2025-10-07,,999-28-7824,,,,Sofia418,Josefina523,Leal292,,,,white,hispanic,F,Wesley  Saint Andrew Parish  DM,110 Padberg Overpass Apt 18,Topsfield,Massachusetts,Essex County,25009,01983,42.69016780677636,-70.92227676595354,2665.02,0.00,80939
4361a625-e077-b7bd-0007-fd4aaa791d96,1969-03-11,,999-61-4604,S99933085,X70753462X,Mrs.,Zulema784,Demetria799,Kuhlman484,,Ortiz186,W,white,nonhispanic,F,Fitchburg  Massachusetts  US,427 Cormier Byway,Waltham,Massachusetts,Middlesex County,25017,02472,42.4023662672627,-71.1283215279606,645502.08,228016.36,66801
bb78fb0c-94d1-353b-007d-8cbd6012063e,1968-05-29,,999-49-1159,S99947840,X28266934X,Mrs.,Margorie48,Veronique514,Ryan260,,Gulgowski816,M,asian,nonhispanic,F,Chongqing  Chongqing Municipality  CN,403 Goodwin Route,Stoughton,Massachusetts,Norfolk County,,00000,42.0742602898074,-71.1238495113515,512449.60,85537.12,99938
127aef92-e407-a10d-f17d-0b44ca3597e9,1996-05-27,2018-08-31,999-80-3262,S99969158,X13897147X,Mr.,Guillermo498,Lorenzo669,Borrego496,,,,white,hispanic,M,Santiago de los Caballeros  Santiago  DO,120 Wiza Grove,Methuen,Massachusetts,Essex County,25009,01841,42.740470742156646,-71.21794624890182,78365.27,93945.06,41823
fb2b7aa6-8460-6228-adfc-a87eea5e1158,1969-08-25,,999-26-6947,S99989113,X88786720X,Ms.,Laci507,Nathalie366,Strosin214,,,S,white,nonhispanic,F,Shrewsbury  Massachusetts  US,1041 Harber Ville,Worcester,Massachusetts,Worcester County,25027,01609,42.22817641353885,-71.76372134542488,661471.13,280453.88,96641
bb1765c1-8428-a6ce-882d-0c40f08a299f,2000-10-24,,999-26-4342,S99960404,X47633680X,Ms.,Eugena417,,Klein929,,,,white,nonhispanic,F,Uxbridge  Massachusetts  US,1014 Hoeger Ramp,Springfield,Massachusetts,Hampden County,25013,01151,41.99883614577453,-72.53955114688561,12741.93,820162.57,3336
77ed43f1-cb1b-a40a-a400-c86e92c1b2b2,1963-04-12,2026-04-22,999-97-7978,S99933899,X76956655X,Mrs.,Kareen958,,Herman763,,Windler79,M,white,nonhispanic,F,Braintree  Massachusetts  US,542 Cole View Suite 8,Clinton,Massachusetts,Worcester County,25027,01510,42.40275326376715,-71.71925847235556,347071.84,942336.59,185936
993a0e62-45a1-2417-502e-27de2cb8ac78,1996-05-27,,999-99-6810,S99943006,X11664165X,Mr.,Homero668,Juan Carlos348,Barrios478,,,M,white,hispanic,M,Panama City  Panama  PA,726 Bosco Street Unit 25,Methuen,Massachusetts,Essex County,25009,01841,42.726735552221406,-71.12962614589094,132690.99,97162.27,41823
ee59d839-4400-1d60-ad0d-7c2571f78011,1987-09-02,,999-90-7897,S99945159,X7830084X,Mrs.,Rebeca548,Clemencia569,Mosciski958,,Ratke343,M,white,nonhispanic,F,Acton  Massachusetts  US,918 Will Parade Unit 48,Fall River,Massachusetts,Bristol County,25005,02747,41.74153168225652,-71.1016657796699,7771.02,232630.63,13856
0a5c0c93-8d95-8675-8cbd-e5d1179a6771,2006-10-19,,999-85-1488,S99988531,,Ms.,Luz785,,Mercado213,,,,white,hispanic,F,Juarez  Chihuahua  MX,405 Keebler Esplanade,Andover,Massachusetts,Essex County,25009,01810,42.69322362781185,-71.21006224512769,48361.01,859438.99,195520
35d46be9-2f5b-2269-2136-7770eb12de32,1970-06-30,2016-02-29,999-54-8745,S99985384,X61043777X,Mrs.,Linnea167,Yahaira79,Runolfsson901,,Nicolas769,M,white,nonhispanic,F,Woburn  Massachusetts  US,195 Bode Highlands,Lowell,Massachusetts,Middlesex County,25017,01854,42.64438141111622,-71.32505748136371,956043.04,597722.07,60036
5ab04586-7445-36ec-fd56-da50400b0204,1985-10-15,2003-06-06,999-10-7350,S99964719,,,Shenika151,Hilaria948,Konopelski743,,,,white,nonhispanic,F,Boston  Massachusetts  US,680 Watsica Forge Suite 96,Holyoke,Massachusetts,Hampden County,25013,01040,42.18476777305869,-72.66954555357896,87789.05,23929.89,44320
79dc9c8e-ec93-90e1-a15d-7793bb9c533a,1970-01-08,,999-74-2712,S99957469,X30768912X,Mr.,Harland508,,Jones311,,,M,white,nonhispanic,M,Fitchburg  Massachusetts  US,657 Dickinson Bay,Georgetown,Massachusetts,Essex County,,00000,42.74661234379874,-71.01133385387618,67841.44,78342.76,198465
85116add-cf87-2cd1-7262-17aa20cfed5d,1963-04-12,,999-52-5018,S99943159,X57878937X,Mrs.,Melvin857,,Pfeffer420,,Christiansen251,M,white,nonhispanic,F,Danvers  Massachusetts  US,916 Schaden Boulevard Suite 18,Clinton,Massachusetts,Worcester County,25027,01510,42.45758063266401,-71.71296384506591,301810.35,902160.42,185936
2c52fbae-a651-8fd2-b2d6-85e842b075d7,1970-06-30,,999-68-9101,S99989902,X77660337X,Mrs.,Dedra50,Hedy234,McClure239,,Berge125,D,white,nonhispanic,F,Waltham  Massachusetts  US,1006 Schneider Lock Suite 13,Lowell,Massachusetts,Middlesex County,25017,01852,42.67620406371657,-71.28505270694589,473663.56,124758.73,60036
8525078a-d62d-414c-d730-2b39d65555f6,1985-10-15,,999-98-4443,S99959592,X88576254X,Ms.,Charmain607,Izola651,Hamill307,,,S,white,nonhispanic,F,Newton  Massachusetts  US,991 Predovic Orchard Apt 7,Holyoke,Massachusetts,Hampden County,25013,01040,42.25868576607582,-72.59286287223262,367606.04,713056.47,44320
1793cd77-146e-5777-3445-a800c57eea7b,1981-11-28,,999-88-1524,S99926856,X83046004X,Mr.,Maurice742,Richie600,Terry864,,,S,white,nonhispanic,M,Boston  Massachusetts  US,914 Runolfsson Highlands Apt 20,Dighton,Massachusetts,Bristol County,,00000,41.77950559182378,-71.20184253856229,8691.25,114641.96,10605
d771c7f4-6c50-4aff-57bb-a2004549bc26,1977-03-25,,999-65-8757,S99981709,X20793407X,Mr.,Pablo44,Stephan15,Torp761,,,M,white,nonhispanic,M,Kingston  Massachusetts  US,714 Ledner Key,Forestdale,Massachusetts,Barnstable County,25001,02644,41.692154935679845,-70.54562323433474,67669.41,23903.32,32791
35bace2c-1419-d345-2720-ec38955afec2,2020-04-05,,999-67-7632,,,,Osvaldo336,,O'Reilly797,,,,white,nonhispanic,M,Freetown  Massachusetts  US,409 Lind Forge Apt 69,Adams,Massachusetts,Berkshire County,25003,01220,42.60159746682421,-73.06984606715395,8649.15,7587.04,44052
e53b5e1f-d104-fa9e-8f0e-770ea4e8a9fd,2006-10-09,,999-22-8483,S99919178,,Mr.,Morgan564,Napoleon578,Kuvalis369,,,,asian,nonhispanic,M,Boston  Massachusetts  US,904 Kovacek Trafficway Suite 49,Boston,Massachusetts,Suffolk County,25025,02124,42.39223686786133,-71.04139267566855,3654.34,67133.67,12565
626962ae-7e0a-3140-4b40-cf5c6061cebe,2004-04-03,,999-44-8364,S99975768,X42660921X,Ms.,Janina163,,Mann644,,,,asian,nonhispanic,F,Foxborough  Massachusetts  US,292 Cummerata Run,Boston,Massachusetts,Suffolk County,25025,02118,42.3865235543087,-70.98487236308245,5142.34,337568.15,2478
f46e3f38-9b77-49c8-9e70-3d15261edf7d,1997-05-14,,999-11-8613,S99958428,X52308447X,Mr.,Curtis94,Sebastian508,Goyette777,,,M,white,nonhispanic,M,Rochester  Massachusetts  US,674 Feeney Vale,Salem,Massachusetts,Essex County,25009,01970,42.48094507078885,-70.86368705140451,5493.08,63774.25,10736
1782eb81-c8e1-3292-0502-ca8ec7055f5f,2018-07-10,,999-51-4284,,,,Kori635,Shannon293,Rau926,,,,white,nonhispanic,F,Stow  Massachusetts  US,297 Corwin Way,Wellesley,Massachusetts,Norfolk County,25021,02481,42.27477407686362,-71.26550014719808,1312.82,23902.43,22903
df2159ce-7aa7-cf60-d1fd-7ffe249ee078,1956-10-19,2010-11-05,999-95-6873,S99925892,X17740716X,Mr.,Martin117,Wilfredo622,Zboncak558,,,M,white,nonhispanic,M,Springfield  Massachusetts  US,114 Runolfsdottir View Suite 82,Peabody,Massachusetts,Essex County,25009,01960,42.51283020671981,-70.97057935996764,164340.10,48087.27,36694
a28837ec-7909-e1e3-70d8-07e4ad3b79ec,1985-05-23,,999-81-5943,S99952019,X6926131X,Mr.,Nathanial472,Peter292,Nienow652,,,M,white,nonhispanic,M,Newton  Massachusetts  US,821 Bruen Lane Apt 85,Foxborough,Massachusetts,Norfolk County,25021,02035,42.09421085420077,-71.26458870141352,41308.72,55709.38,37232
bf8b17d6-f3b9-40b4-3b59-9c667d88c650,1983-10-10,,999-74-7256,S99910416,X34598453X,Mr.,Patricio639,,Puga7,,,M,white,hispanic,M,Santiago de los Caballeros  Santiago  DO,218 Block Light,Oxford,Massachusetts,Worcester County,25027,01540,42.06885543647025,-71.89377859102473,92381.33,14221.14,645790
b25702a8-25e7-9979-4e3f-366b86961ab6,1957-08-02,2017-04-27,999-66-1885,S99999943,X27564653X,Mr.,Tommie457,,Bruen238,,,M,white,nonhispanic,M,Brookline  Massachusetts  US,249 O'Conner Branch,Wareham,Massachusetts,Plymouth County,,00000,41.736141149233774,-70.6926976640931,126652.55,380392.17,956614
5da749bd-ef71-a783-5086-d437453b4a9d,2006-04-14,,999-52-2755,S99967638,X38198085X,Ms.,Carina240,,Crist667,,,,white,nonhispanic,F,Winchester  Massachusetts  US,365 Osinski Corner,Ashland,Massachusetts,Middlesex County,,00000,42.23972817764031,-71.51399981119641,72025.65,13746.70,176993
9fd935ec-edfa-c5ea-0dbf-04ce79d59b85,1981-07-25,,999-73-8281,S99921997,X29535816X,Mrs.,Orpha286,Dorotha379,Koepp521,,Spencer878,M,asian,nonhispanic,F,Monument Beach  Massachusetts  US,914 Barrows Glen Apt 13,Needham,Massachusetts,Norfolk County,25021,02492,42.249052521039985,-71.2575377802834,119719.52,263631.79,727619
29b3905a-af76-bafa-e1a2-7e56cc6afcb1,1956-10-19,,999-46-4157,S99950073,X66480328X,Mr.,Angelo118,Donovan745,McLaughlin530,,,S,white,nonhispanic,M,Worcester  Massachusetts  US,867 Leuschke Walk,Peabody,Massachusetts,Essex County,25009,01940,42.53223427799366,-70.98251237765766,182131.90,79806.26,36694
89343562-58db-849f-9aaf-77cc91e7cfd1,1962-01-27,2021-04-11,999-21-1672,S99916393,X62974505X,Mrs.,Margene509,Lawanna610,Boehm581,,Kilback373,M,white,nonhispanic,F,Łódź  Łódź  PL,1064 Eichmann Byway Unit 19,North Attleborough,Massachusetts,Bristol County,,00000,41.934425500281144,-71.3117208445777,647126.37,384536.19,50892
7d092228-3bf3-aee5-58f3-b42e1b576d8e,1975-10-16,,999-85-8594,S99985414,X12728243X,Mr.,Porfirio146,Juan88,Rath779,,,M,white,hispanic,M,Stoughton  Massachusetts  US,550 Walter Spur Suite 41,Holyoke,Massachusetts,Hampden County,25013,01040,42.177223267115494,-72.63060862031897,138989.02,55569.97,43108
b2574cbc-c6ac-7b4e-58d8-221684c7b595,1957-08-02,2020-06-14,999-56-1473,S99965975,X5986354X,Mr.,Mose244,,Goodwin327,,,M,white,nonhispanic,M,Uxbridge  Massachusetts  US,811 Feest Run,Wareham,Massachusetts,Plymouth County,,00000,41.74750953966404,-70.69639000639111,59315.09,691968.32,956614
556f9b4c-a875-6980-f51b-0897a0bb560f,1962-01-27,,999-47-7106,S99920764,X394796X,Mrs.,Adella39,Hyun970,Bergstrom287,,McDermott739,M,white,nonhispanic,F,Warsaw  Masovian  PL,543 Turcotte Drive Unit 90,North Attleborough,Massachusetts,Bristol County,,00000,41.971578544645155,-71.38417611082585,425266.96,230723.17,50892
7869b73b-082e-1c8d-d6ae-22b8585cf20a,1957-08-02,,999-61-4133,S99910345,X57285201X,Mr.,Lester513,,Tillman293,,,M,white,nonhispanic,M,Brockton  Massachusetts  US,799 Gibson Promenade Unit 84,Wareham,Massachusetts,Plymouth County,,00000,41.75668731527234,-70.72606223278514,245206.64,207272.22,956614
